permitnum,description,issuedate,applieddate,statuscurrent,jurisdiction,statuscurrentmapped,statusdate,totalsqft,projectcost,contractorcompanyname,contractortrade,contractorzip,ownerzip,projectcost_6_2026,originalcity_validated,originalzip_validated
19-00000950,SOLAR PANELS,2019-01-24,2019-01-04,CERTICATE OF COMPLIANCE (CC),TC,Occupancy,2019-02-05,417,20700,NC SOLAR NOW INC,GENERAL CONTRACTOR,27604,27519,27463.16,Cary,27519
19-00011463,SOLAR PANELS,2019-04-03,2019-01-04,CERTICATE OF COMPLIANCE (CC),TC,Occupancy,2019-04-16,627,22234,SIGORA SOLAR LLC,GENERAL CONTRACTOR,22903,27523,29498.35,Apex,27523
19-00020002,INSTALL SOLAR PANELS,2019-02-05,2019-01-08,CERTICATE OF COMPLIANCE (CC),TC,Occupancy,2019-03-05,4305,14229,8M SOLAR,UNLICENSED CONTRACTOR,27612,27606,18877.94,Raleigh,27606
19-00031624,SOLAR PV SYSTEM,2019-02-15,2019-01-10,CERTICATE OF COMPLIANCE (CC),TC,Occupancy,2019-03-01,422,17000,"SUN DOLLAR ENERGY, LLC",GENERAL CONTRACTOR,27616,27519,22554.28,Cary,27519
19-00041897,INSTALL SOLAR PANELS ON RESIDENTIAL ROOF,2019-01-29,2019-01-11,CERTICATE OF COMPLIANCE (CC),TC,Occupancy,2019-02-14,790,32525,YES! SOLAR SOLUTIONS,GENERAL CONTRACTOR,27513,27539,43151.65,Apex,27539
19-00051979,SOLAR PANELS,,2019-01-15,PLANS WITHDRAWN (PW),TC,Permit Cancelled,2019-01-25,676,56375,,,,27513,74793.99,Cary,27513
19-00060005,INSTALL SOLAR SYSTEM,2019-02-05,2019-01-22,CERTICATE OF COMPLIANCE (CC),TC,Occupancy,2019-02-12,369,16601,8M SOLAR,UNLICENSED CONTRACTOR,27612,27519,22024.92,Cary,27519
19-00071408,INSTALL SOLAR SYSTEM,2019-03-26,2019-01-23,CERTICATE OF COMPLIANCE (CC),TC,Occupancy,2019-04-03,462,21779,"PEG ALTERNATIVE ENERGY, INC",UNLICENSED CONTRACTOR,23047,27519,28894.69,Cary,27519
19-00081885,RESIDENTIAL SOLAR PANELS,2019-02-28,2019-01-23,CERTICATE OF COMPLIANCE (CC),CC,Occupancy,2019-05-24,425,25000,U-SAVE SOLAR LLC,UNLICENSED CONTRACTOR,29229,27519,33168.07,Cary,27519
19-00090003,INSTALL SOLAR ARRAY,,2019-01-24,EXPIRED PERMIT (XP),TC,Permit Cancelled,2020-01-16,598,24990,8M SOLAR,UNLICENSED CONTRACTOR,27612,27606,33154.8,Raleigh,27606
19-00100011,SOLAR PV SYSTEM,2019-02-27,2019-01-24,CERTICATE OF COMPLIANCE (CC),TC,Occupancy,2019-04-15,528,21915,8M SOLAR,UNLICENSED CONTRACTOR,27612,27519,29075.13,Cary,27519
19-00110419,INSTALL SOLAR ARRAY,2019-02-27,2019-01-24,CERTICATE OF COMPLIANCE (CC),TC,Occupancy,2019-03-11,511,23324,8M SOLAR,GENERAL CONTRACTOR,27587,27519,30944.48,Cary,27519
19-00121486,INSTALL SOLAR PANELS ON RESIDENTIAL ROOF,2019-02-18,2019-01-24,CERTICATE OF COMPLIANCE (CC),TC,Occupancy,2019-04-08,495,22567,SOUTHERN ENERGY MANAGEMENT,GENERAL CONTRACTOR,27560,27511,29940.15,Cary,27511
19-00131504,SOLAR PANELS,2019-02-18,2019-01-24,CERTICATE OF COMPLIANCE (CC),TC,Occupancy,2019-03-04,369,17066,SOUTHERN ENERGY MANAGEMENT,GENERAL CONTRACTOR,27617,27519,22641.85,Cary,27519
19-00140006,INSTALL SOLAR PV,2019-02-27,2019-01-30,CERTICATE OF COMPLIANCE (CC),TC,Occupancy,2019-04-03,738,29900,8M SOLAR,UNLICENSED CONTRACTOR,27612,27519,39669.01,Cary,27519
19-00150993,INSTALL SOLAR PANELS ON RESIDENTIAL ROOF,2019-02-12,2019-01-30,CERTICATE OF COMPLIANCE (CC),TC,Occupancy,2019-03-13,595,29842,NC SOLAR NOW INC,GENERAL CONTRACTOR,27604,27519,39592.06,Cary,27519
19-00161896,INSTALL SOLAR PV,2019-02-06,2019-01-30,CERTICATE OF COMPLIANCE (CC),TC,Occupancy,2019-03-01,440,19956,YES! SOLAR SOLUTIONS,GENERAL CONTRACTOR,27513,27513,26476.08,Cary,27513
19-00171487,INSTALL SOLAR PV,2019-02-19,2019-01-31,CERTICATE OF COMPLIANCE (CC),TC,Occupancy,2019-05-01,454,20893,SOUTHERN ENERGY MANAGEMENT,GENERAL CONTRACTOR,27560,75028,27719.22,Cary,27519
19-00181515,INSTALL SOLAR PV,2019-02-18,2019-01-31,CERTICATE OF COMPLIANCE (CC),TC,Occupancy,2019-03-25,418,20975,SOUTHERN ENERGY MANAGEMENT,GENERAL CONTRACTOR,27560,27519,27828.01,Cary,27519
19-00190546,SOLAR PANELS ON RESIDENTIAL ROOF,2019-03-11,2019-02-04,CERTICATE OF COMPLIANCE (CC),TC,Occupancy,2019-04-05,595,18603,BLUE RAVEN SOLAR,UNLICENSED CONTRACTOR,84003,27539,24577.13,Apex,27539
19-00200951,INSTALL SOLAR PV,2019-02-12,2019-02-04,CERTICATE OF COMPLIANCE (CC),TC,Occupancy,2019-02-28,408,19126,NC SOLAR NOW INC,GENERAL CONTRACTOR,27604,27513,25268.09,Cary,27513
19-00210007,INSTALL SOLAR PANELS ON RESIDENTIAL ROOF,2019-02-27,2019-02-07,CERTICATE OF COMPLIANCE (CC),TC,Occupancy,2019-05-09,472,20703,8M SOLAR,UNLICENSED CONTRACTOR,27612,27539,27351.52,Apex,27539
19-00220994,SOLAR PV SYSTEM,2019-03-12,2019-02-13,CERTICATE OF COMPLIANCE (CC),TC,Occupancy,2019-03-29,525,21960,NC SOLAR NOW INC,GENERAL CONTRACTOR,27604,27513,29012.19,Cary,27513
19-00231415,INSTALL SOLAR ARRAY,2019-02-19,2019-02-13,CERTICATE OF COMPLIANCE (CC),TC,Occupancy,2019-06-17,281,21216,"POWER HOME SOLAR, LLC",GENERAL CONTRACTOR,28115,27518,28029.27,Cary,27518
19-00240995,INSALL SOLAR PANELS ON RESIDENTIAL ROOF,2019-03-12,2019-02-15,CERTICATE OF COMPLIANCE (CC),TC,Occupancy,2019-03-27,350,15000,NC SOLAR NOW INC,GENERAL CONTRACTOR,27604,27519,19817.07,Cary,27519
19-00251627,SOLAR PV SYSTEM,2019-03-22,2019-02-15,CERTICATE OF COMPLIANCE (CC),CC,Occupancy,2019-04-22,617,27000,"SUN DOLLAR ENERGY, LLC",GENERAL CONTRACTOR,27616,27519,35670.73,Cary,27519
19-00261898,SOLAR PV SYSTEM,2019-02-25,2019-02-15,CERTICATE OF COMPLIANCE (CC),TC,Occupancy,2019-05-16,500,24034,YES! SOLAR SOLUTIONS,GENERAL CONTRACTOR,27513,27518,31752.23,Cary,27518
19-00271907,SOLAR PANELS,2019-02-25,2019-02-15,CERTICATE OF COMPLIANCE (CC),TC,Occupancy,2019-03-21,660,31457,YES! SOLAR SOLUTIONS,GENERAL CONTRACTOR,27513,27519,41559.04,Cary,27519
19-00281600,SOLAR PANEL SYSTEM,2019-05-23,2019-02-20,CERTICATE OF COMPLIANCE (CC),TC,Occupancy,2019-06-27,415,15576,SOUTHERN EXPOSURE BUILDERS INC,GENERAL CONTRACTOR,29492,27511,20578.05,Cary,27511
19-00291399,SOLAR PANELS,2019-04-10,2019-02-22,CERTICATE OF COMPLIANCE (CC),TC,Occupancy,2019-10-30,360,27500,PALMETTO STATE SOLAR INC,UNLICENSED CONTRACTOR,29607,27511,36331.3,Cary,27511
19-00300683,SOLAR PANELS,2019-04-04,2019-02-25,CERTICATE OF COMPLIANCE (CC),TC,Occupancy,2019-05-01,444,41383,CAPE FEAR SOLAR SYSTEMS,GENERAL CONTRACTOR,28401,27607,54672.66,Cary,27513
19-00311579,SOLAR PANELS ON RESIDENTIAL ROOF,2019-06-05,2019-02-27,CERTICATE OF COMPLIANCE (CC),TC,Occupancy,2019-08-22,605,22726,SOUTHERN EXPOSURE BUILDERS INC,GENERAL CONTRACTOR,29492,27519,30024.18,Cary,27519
19-00320996,SOLAR PANELS,2019-03-20,2019-02-28,CERTICATE OF COMPLIANCE (CC),CC,Occupancy,2019-04-05,468,23177,NC SOLAR NOW INC,GENERAL CONTRACTOR,27604,27519,30620.02,Cary,27519
19-00331970,SOLAR PV SYSTEM,,2019-02-28,ADMINISTRATIVELY CLOSED (AC),TC,Permit Cancelled,2019-02-28,444,41383,,,,27607,54672.66,Cary,27513
19-00341421,SOLAR PV SYSTEM,2019-03-20,2019-03-05,CERTICATE OF COMPLIANCE (CC),TC,Occupancy,2019-05-06,316,27540,"POWER HOME SOLAR, LLC",GENERAL CONTRACTOR,28115,27519,36180.04,Cary,27519
19-00351911,INSTALL SOLAR PANELS ON RESIDENTIAL ROOF,2019-03-19,2019-03-05,CERTICATE OF COMPLIANCE (CC),TC,Occupancy,2019-06-06,340,14500,YES! SOLAR SOLUTIONS,GENERAL CONTRACTOR,27513,27511,19049.04,Cary,27511
19-00360012,SOLAR PV SYSTEM,2019-03-22,2019-03-06,CERTICATE OF COMPLIANCE (CC),TC,Occupancy,2019-04-01,511,22026,8M SOLAR,UNLICENSED CONTRACTOR,27612,27519,28936.15,Cary,27519
19-00370008,SOLAR PV SYSTEM,2019-03-22,2019-03-07,CERTICATE OF COMPLIANCE (CC),TC,Occupancy,2019-05-24,745,29348,8M SOLAR,UNLICENSED CONTRACTOR,27612,27519,38555.26,Cary,27519
19-00381915,SOLAR PV SYSTEM,,2019-03-11,EXPIRED PERMIT (XP),TC,Permit Cancelled,2021-03-05,560,25292,YES! SOLAR SOLUTIONS,GENERAL CONTRACTOR,27513,27519,33226.78,Cary,27519
19-00390949,SOLAR PV SYSTEM,2019-04-02,2019-03-14,CERTICATE OF COMPLIANCE (CC),TC,Occupancy,2019-04-18,250,12987,NC SOLAR NOW INC,GENERAL CONTRACTOR,27604,27519,17061.37,Cary,27519
19-00401899,SOLAR PV SYSTEM,,2019-03-18,EXPIRED APPLICATION (XA),TC,Permit Cancelled,2023-03-31,430,18340,YES! SOLAR SOLUTIONS,GENERAL CONTRACTOR,27513,27519,24093.75,Cary,27519
19-00411916,SOLAR PV SYSTEM,2019-03-29,2019-03-18,CERTICATE OF COMPLIANCE (CC),TC,Occupancy,2019-04-23,700,26104,YES! SOLAR SOLUTIONS,GENERAL CONTRACTOR,27513,27519,34293.53,Cary,27519
19-00420623,SOLAR PANELS,,2019-03-25,PLANS WITHDRAWN (PW),TC,Permit Cancelled,2019-04-09,0,17192,BLUE RAVEN SOLAR,UNLICENSED CONTRACTOR,84003,27513,22585.59,Cary,27513
19-00430928,SOLAR PANELS,2019-04-18,2019-03-27,CERTICATE OF COMPLIANCE (CC),TC,Occupancy,2019-05-06,272,23238,NC SOLAR NOW INC,GENERAL CONTRACTOR,27604,27518,30528.39,Cary,27518
19-00441514,SOLAR PANELS,2019-04-17,2019-03-28,CERTICATE OF COMPLIANCE (CC),TC,Occupancy,2019-04-05,8000,38297,SOUTHERN ENERGY MANAGEMENT,GENERAL CONTRACTOR,27617,27519,50311.8,Cary,27519
19-00450013,SOLAR PANELS,2019-04-24,2019-04-02,CERTICATE OF COMPLIANCE (CC),TC,Occupancy,2019-07-10,603,25500,8M SOLAR,UNLICENSED CONTRACTOR,27612,27519,33323.59,Cary,27519
19-00460567,SOLAR PANELS ON RESIDENTIAL ROOF,2019-04-24,2019-04-10,CERTICATE OF COMPLIANCE (CC),TC,Occupancy,2019-07-15,648,20034,BLUE RAVEN SOLAR,UNLICENSED CONTRACTOR,84003,27539,26180.58,Apex,27539
19-00470016,INSTALL SOLAR PANELS ON RESIDENTIAL ROOF,2019-04-24,2019-04-15,CERTICATE OF COMPLIANCE (CC),TC,Occupancy,2019-05-14,0,17112,8M SOLAR,UNLICENSED CONTRACTOR,27612,27519,22362.09,Cary,27519
19-00481628,INSTALL SOLAR PANELS ON RESIDENTIAL ROOF,2019-05-01,2019-04-23,CERTICATE OF COMPLIANCE (CC),TC,Occupancy,2019-12-04,435,19000,"SUN DOLLAR ENERGY, LLC",GENERAL CONTRACTOR,27616,27519,24829.34,Cary,27519
19-00490547,INSTALL SOLAR PANELS ON RESIDENTIAL ROOF,2019-06-11,2019-04-26,CERTICATE OF COMPLIANCE (CC),TC,Occupancy,2019-08-30,455,14853,BLUE RAVEN SOLAR,UNLICENSED CONTRACTOR,84003,27513,19410.01,Cary,27513
19-00501413,INSTALL SOLAR PANELS ON RESIDENTIAL ROOF,2019-05-14,2019-04-26,CERTICATE OF COMPLIANCE (CC),TC,Occupancy,2019-05-30,0,14490,"POWER HOME SOLAR, LLC",GENERAL CONTRACTOR,28115,27518,18935.64,Cary,27519
19-00510548,SOLAR PANELS,2019-06-18,2019-04-30,CERTICATE OF COMPLIANCE (CC),TC,Occupancy,2019-07-12,0,7312,BLUE RAVEN SOLAR,UNLICENSED CONTRACTOR,84003,27539,9555.38,Apex,27539
19-00521381,SOLAR PANELS,2019-06-26,2019-04-30,CERTICATE OF COMPLIANCE (CC),TC,Occupancy,2019-11-01,0,10000,OWNER (GENERAL),GENERAL CONTRACTOR,27519,27607,13068.07,Cary,27513
19-00530997,SOLAR PV SYSTEM,2019-05-29,2019-05-09,CERTICATE OF COMPLIANCE (CC),TC,Occupancy,2019-06-12,510,28560,NC SOLAR NOW INC,GENERAL CONTRACTOR,27604,27518,37243.14,Cary,27518
19-00540952,SOLAR PANELS ON RESIDENTIAL ROOF,2019-05-29,2019-05-14,CERTICATE OF COMPLIANCE (CC),TC,Occupancy,2019-10-18,448,25834,NC SOLAR NOW INC,GENERAL CONTRACTOR,27604,27518,33688.35,Cary,27518
19-00551468,INSTALL SOLAR PANELS ON RESIDENTIAL ROOF,2019-06-21,2019-05-14,CERTICATE OF COMPLIANCE (CC),CC,Occupancy,2019-10-15,594,26086,SIGORA SOLAR LLC,GENERAL CONTRACTOR,22903,20190,34016.96,Apex,27523
19-00561606,SOLAR PV SYSTEM,,2019-05-24,EXPIRED PERMIT (XP),TC,Permit Cancelled,2020-02-26,519,13398,SOUTHERN EXPOSURE BUILDERS INC,GENERAL CONTRACTOR,29492,27518,17471.41,Cary,27518
19-00570596,SOLAR PV SYSTEM,2019-06-18,2019-06-04,CERTICATE OF COMPLIANCE (CC),TC,Occupancy,2023-12-18,175,7312,BLUE RAVEN SOLAR,UNLICENSED CONTRACTOR,84097,27518,9533.18,Cary,27518
19-00580902,SOLAR PANELS ON RESIDENTIAL ROOF,2019-06-28,2019-06-05,CERTICATE OF COMPLIANCE (CC),TC,Occupancy,2019-07-31,629,35312,NC SOLAR NOW INC,GENERAL CONTRACTOR,27604,27511,46038.79,Cary,27511
19-00591588,SOLAR PV SYSTEM,2019-08-05,2019-06-06,CERTICATE OF COMPLIANCE (CC),TC,Occupancy,2020-05-01,0,12474,SOUTHERN EXPOSURE BUILDERS INC,GENERAL CONTRACTOR,29492,27519,16263.25,Cary,27519
19-00600010,SOLAR PANELS ON RESIDENTIAL ROOF,2019-07-02,2019-06-13,CERTICATE OF COMPLIANCE (CC),TC,Occupancy,2019-08-01,563,24000,8M SOLAR,UNLICENSED CONTRACTOR,27612,27513,31290.52,Cary,27513
19-00611461,SOLAR PANELS ON RESIDENTIAL ROOF,2019-06-28,2019-06-19,CERTICATE OF COMPLIANCE (CC),TC,Occupancy,2019-09-20,830,22459,SIGORA SOLAR LLC,GENERAL CONTRACTOR,22903,27539,29281.41,Apex,27539
19-00620903,SOLAR PV SYSTEM,2019-07-02,2019-06-27,CERTICATE OF COMPLIANCE (CC),TC,Occupancy,2019-08-06,476,24872,NC SOLAR NOW INC,GENERAL CONTRACTOR,27604,27513,32427.41,Cary,27513
19-00631416,SOLAR PV SYSTEM,2019-07-19,2019-06-27,CERTICATE OF COMPLIANCE (CC),TC,Occupancy,2019-11-01,474,37260,"POWER HOME SOLAR, LLC",GENERAL CONTRACTOR,28115,27513,48578.53,Cary,27513
19-00641580,SOLAR PANELS ON RESIDENTIAL ROOF,2020-02-11,2019-06-27,CERTICATE OF COMPLIANCE (CC),TC,Occupancy,2020-06-16,375,14784,SOUTHERN EXPOSURE BUILDERS INC,GENERAL CONTRACTOR,29492,27519,19274.96,Cary,27519
19-00650549,SOLAR PANELS ON RESIDENTIAL ROOF,2019-07-17,2019-07-01,CERTICATE OF COMPLIANCE (CC),TC,Occupancy,2019-07-31,210,8241,BLUE RAVEN SOLAR,UNLICENSED CONTRACTOR,84003,27607,10726.46,Cary,27513
19-00661589,SOLAR PANELS ON RESIDENTIAL ROOF,2020-02-07,2019-07-01,CERTICATE OF COMPLIANCE (CC),TC,Occupancy,2020-06-03,214,8316,SOUTHERN EXPOSURE BUILDERS INC,GENERAL CONTRACTOR,29492,27519,10824.08,Cary,27519
19-00670929,SOLAR PANELS ON RESIDENTIAL ROOF,2019-07-19,2019-07-02,CERTICATE OF COMPLIANCE (CC),CC,Occupancy,2022-02-03,204,12273,NC SOLAR NOW INC,GENERAL CONTRACTOR,27604,27519,15974.5,Cary,27519
19-00681566,SOLAR PANELS ON RESIDENTIAL ROOF,2019-07-22,2019-07-02,CERTICATE OF COMPLIANCE (CC),TC,Occupancy,2019-09-20,595,54817,SOUTHERN ENERGY MANAGEMENT,GENERAL CONTRACTOR,27617,27519,71349.63,Cary,27519
19-00691601,SOLAR PV SYSTEM,2019-10-09,2019-07-02,CERTICATE OF COMPLIANCE (CC),CC,Occupancy,2020-03-06,250,9240,SOUTHERN EXPOSURE BUILDERS INC,GENERAL CONTRACTOR,29492,27519,12026.75,Cary,27519
19-00701609,SOLAR PANELS ON RESIDENTIAL ROOF,,2019-07-05,ON HOLD (HD),TC,Appeal,2021-02-11,0,11748,SOUTHERN EXPOSURE BUILDERS INC,GENERAL CONTRACTOR,29492,27519,15291.16,Cary,27519
19-00710014,SOLAR PANELS ON RESIDENTIAL ROOF,2019-08-05,2019-07-09,CERTICATE OF COMPLIANCE (CC),TC,Occupancy,2019-09-16,498,19530,8M SOLAR,UNLICENSED CONTRACTOR,27612,27513,25420.19,Cary,27513
19-00721581,SOLAR PANELS ON RESIDENTIAL ROOF,2020-01-09,2019-07-09,CERTICATE OF COMPLIANCE (CC),TC,Occupancy,2020-03-26,340,12540,SOUTHERN EXPOSURE BUILDERS INC,GENERAL CONTRACTOR,29492,27519,16322.02,Cary,27519
19-00731417,SOLAR PV SYSTEM,2019-09-19,2019-07-11,CERTICATE OF COMPLIANCE (CC),TC,Occupancy,2019-10-28,0,24240,"POWER HOME SOLAR, LLC",GENERAL CONTRACTOR,28115,27518,31550.71,Cary,27518
19-00741617,SOLAR PV SYSTEM,2019-10-04,2019-07-11,CERTICATE OF COMPLIANCE (CC),TC,Occupancy,2019-10-23,363,14000,"SUN DOLLAR ENERGY, LLC",GENERAL CONTRACTOR,27616,27519,18222.36,Cary,27519
19-00751005,SOLAR PANELS ON RESIDENTIAL ROOF,2019-08-05,2019-07-15,CERTICATE OF COMPLIANCE (CC),TC,Occupancy,2019-08-15,0,2904,NC SOLAR NOW INC,GENERAL CONTRACTOR,27604,27513,3779.84,Cary,27513
19-00760898,SOLAR PV SYSTEM,2019-08-06,2019-07-19,CERTICATE OF COMPLIANCE (CC),TC,Occupancy,2019-09-17,782,23250,BLACK CAT SOLAR INC,GENERAL CONTRACTOR,28036,27519,30262.13,Cary,27519
19-00771602,SOLAR PV SYSTEM,2019-10-11,2019-07-19,CERTICATE OF COMPLIANCE (CC),TC,Occupancy,2019-11-08,232,8580,SOUTHERN EXPOSURE BUILDERS INC,GENERAL CONTRACTOR,29492,27519,11167.7,Cary,27519
19-00781489,SOLAR PV SYSTEM,,2019-07-22,EXPIRED PERMIT (XP),TC,Permit Cancelled,2024-06-07,540,26257,SOUTHERN ENERGY MANAGEMENT,GENERAL CONTRACTOR,27617,27518,34176.03,Cary,27518
19-00790009,SOLAR PANELS,2019-09-17,2019-07-25,CERTICATE OF COMPLIANCE (CC),TC,Occupancy,2019-09-25,0,17247,8M SOLAR,UNLICENSED CONTRACTOR,27612,27518,22448.64,Cary,27518
19-00801404,SOLAR PANELS,2019-10-31,2019-07-29,CERTICATE OF COMPLIANCE (CC),TC,Occupancy,2020-03-11,0,13046,"PEG ALTERNATIVE ENERGY, INC",UNLICENSED CONTRACTOR,23047,27519,16980.63,Cary,27519
19-00810017,SOLAR PANELS ON RESIDENTIAL ROOF,2019-08-27,2019-07-30,CERTICATE OF COMPLIANCE (CC),TC,Occupancy,2019-10-09,0,21340,8M SOLAR,UNLICENSED CONTRACTOR,27612,27518,27776.08,Cary,27518
19-00820959,SOLAR PANELS ON RESIDENTIAL ROOF,2019-08-21,2019-07-30,CERTICATE OF COMPLIANCE (CC),CC,Occupancy,2019-09-11,0,23510,NC SOLAR NOW INC,GENERAL CONTRACTOR,27604,27519,30600.54,Cary,27519
19-00830584,SOLAR PANELS ON RESIDENTIAL ROOF,2019-10-24,2019-08-02,CERTICATE OF COMPLIANCE (CC),TC,Occupancy,2019-12-19,595,18603,BLUE RAVEN SOLAR,UNLICENSED CONTRACTOR,84003,27518,24214.83,Cary,27518
19-00840986,SOLAR PANELS ON RESIDENTIAL ROOF,2019-08-13,2019-08-02,CERTICATE OF COMPLIANCE (CC),TC,Occupancy,2019-09-03,442,20500,NC SOLAR NOW INC,GENERAL CONTRACTOR,27604,27513,26684.09,Cary,27513
19-00851633,SOLAR PANELS,2019-08-20,2019-08-05,CERTICATE OF COMPLIANCE (CC),CC,Occupancy,2019-10-16,0,12000,"SUN DOLLAR ENERGY, LLC",GENERAL CONTRACTOR,27616,27519,15619.95,Cary,27519
19-00861400,SOLAR PANELS ON RESIDENTIAL ROOF,2019-10-30,2019-08-06,CERTICATE OF COMPLIANCE (CC),TC,Occupancy,2020-01-16,0,16060,"PEG ALTERNATIVE ENERGY, INC",UNLICENSED CONTRACTOR,23047,27609,20904.7,Cary,27519
19-00871401,SOLAR PANELS ON RESIDENTIAL ROOF,,2019-08-06,PLANS WITHDRAWN (PW),TC,Permit Cancelled,2019-10-24,0,18295,"PEG ALTERNATIVE ENERGY, INC",UNLICENSED CONTRACTOR,23047,27519,23813.92,Cary,27519
19-00881402,SOLAR PANELS ON RESIDENTIAL ROOF,2019-10-30,2019-08-06,CERTICATE OF COMPLIANCE (CC),TC,Occupancy,2019-12-06,0,18295,"PEG ALTERNATIVE ENERGY, INC",UNLICENSED CONTRACTOR,23047,27519,23813.92,Cary,27519
19-00891406,SOLAR PANELS ON RESIDENTIAL ROOF,,2019-08-06,EXPIRED APPLICATION (XA),TC,Permit Cancelled,2022-12-22,0,19412,"PEG ALTERNATIVE ENERGY, INC",UNLICENSED CONTRACTOR,23047,27519,25267.88,Cary,27519
19-00901407,SOLAR PV SYSTEM,,2019-08-06,PLANS WITHDRAWN (PW),TC,Permit Cancelled,2019-10-31,0,18645,"PEG ALTERNATIVE ENERGY, INC",UNLICENSED CONTRACTOR,23047,27519,24269.5,Cary,27519
19-00911403,SOLAR PANELS,,2019-08-07,PLANS WITHDRAWN (PW),TC,Permit Cancelled,2019-10-28,0,16619,"PEG ALTERNATIVE ENERGY, INC",UNLICENSED CONTRACTOR,23047,27519,21632.33,Cary,27519
19-00921409,SOLAR PANELS,,2019-08-07,PLANS WITHDRAWN (PW),TC,Permit Cancelled,2019-11-08,0,16514,"PEG ALTERNATIVE ENERGY, INC",UNLICENSED CONTRACTOR,23047,27519,21495.66,Cary,27519
19-00931410,SOLAR PANELS,2019-10-30,2019-08-07,CERTICATE OF COMPLIANCE (CC),TC,Occupancy,2022-12-22,0,16619,"PEG ALTERNATIVE ENERGY, INC",UNLICENSED CONTRACTOR,23047,27519,21632.33,Cary,27519
19-00941411,SOLAR PANELS,,2019-08-07,PLANS WITHDRAWN (PW),TC,Permit Cancelled,2019-10-22,0,18820,"PEG ALTERNATIVE ENERGY, INC",UNLICENSED CONTRACTOR,23047,27519,24497.29,Cary,27519
19-00951412,SOLAR PANELS,,2019-08-07,PLANS WITHDRAWN (PW),TC,Permit Cancelled,2019-10-23,0,12709,"PEG ALTERNATIVE ENERGY, INC",UNLICENSED CONTRACTOR,23047,27519,16542.83,Cary,27519
19-00961537,SOLAR PANELS ON RESIDENTIAL ROOF,2019-09-16,2019-08-07,CERTICATE OF COMPLIANCE (CC),TC,Occupancy,2023-04-10,585,45623,SOUTHERN ENERGY MANAGEMENT,GENERAL CONTRACTOR,27617,,59385.76,Raleigh,27606
19-00971909,SOLAR PANELS ON RESIDENTIAL ROOF,2019-08-29,2019-08-07,CERTICATE OF COMPLIANCE (CC),CC,Occupancy,2019-10-07,395,18059,YES! SOLAR SOLUTIONS,GENERAL CONTRACTOR,27513,27519,23506.73,Cary,27519
19-00981405,SOLAR PANELS ON RESIDENTIAL ROOF,,2019-08-08,PLANS WITHDRAWN (PW),TC,Permit Cancelled,2019-11-07,0,16619,"PEG ALTERNATIVE ENERGY, INC",UNLICENSED CONTRACTOR,23047,27519,21632.33,Cary,27519
19-00990914,SOLAR PANELS ON RESIDENTIAL ROOF,2019-09-03,2019-08-13,CERTICATE OF COMPLIANCE (CC),TC,Occupancy,2019-09-17,490,22000,NC SOLAR NOW INC,GENERAL CONTRACTOR,27604,27519,28636.58,Cary,27519
19-01001618,SOLAR PANELS ON RESIDENTIAL ROOF,2019-09-04,2019-08-13,CERTICATE OF COMPLIANCE (CC),TC,Occupancy,2019-12-03,707,11000,"SUN DOLLAR ENERGY, LLC",GENERAL CONTRACTOR,27616,27607,14318.29,Raleigh,27607
19-01010930,SOLAR PANELS ON RESIDENTIAL ROOF,2019-09-03,2019-08-14,CERTICATE OF COMPLIANCE (CC),TC,Occupancy,2019-09-23,442,22318,NC SOLAR NOW INC,GENERAL CONTRACTOR,27604,27519,29050.51,Cary,27519
19-01020960,SOLAR PANELS ON RESIDENTIAL ROOF,2019-09-03,2019-08-14,CERTICATE OF COMPLIANCE (CC),TC,Occupancy,2020-01-16,368,18786,NC SOLAR NOW INC,GENERAL CONTRACTOR,27604,27518,24453.04,Cary,27518
19-01030939,SOLAR PANELS ON RESIDENTIAL ROOF,2019-09-03,2019-08-19,CERTICATE OF COMPLIANCE (CC),TC,Occupancy,2019-10-30,800,39500,NC SOLAR NOW INC,GENERAL CONTRACTOR,27604,27513,51415.68,Cary,27513
19-01041900,SOLAR PANELS ON RESIDENTIAL ROOF,2019-09-11,2019-08-19,CERTICATE OF COMPLIANCE (CC),TC,Occupancy,2019-09-25,420,23000,YES! SOLAR SOLUTIONS,GENERAL CONTRACTOR,27513,27513,29938.24,Cary,27513
19-01050015,SOLAR PANELS ON RESIDENTIAL ROOF,2019-10-07,2019-08-20,CERTICATE OF COMPLIANCE (CC),TC,Occupancy,2019-10-10,428,18674,8M SOLAR,UNLICENSED CONTRACTOR,27612,27519,24307.25,Cary,27519
19-01060004,SOLAR PANELS ON RESIDENTIAL ROOF,2019-09-20,2019-08-21,CERTICATE OF COMPLIANCE (CC),TC,Occupancy,2019-10-03,550,23544,8M SOLAR,UNLICENSED CONTRACTOR,27612,27513,30646.35,Cary,27513
19-01070806,SOLAR PV SYSTEM,2019-09-30,2019-08-21,CERTICATE OF COMPLIANCE (CC),TC,Occupancy,2019-11-08,0,27700,EMERALD ENERGY LLC,GENERAL CONTRACTOR,27624,27519,36056.06,Cary,27519
19-01080940,SOLAR PANELS,2019-09-03,2019-08-22,CERTICATE OF COMPLIANCE (CC),CC,Occupancy,2019-09-26,700,46804,NC SOLAR NOW INC,GENERAL CONTRACTOR,27604,27519,60923.02,Cary,27519
19-01091582,SOLAR PANELS ON RESIDENTIAL ROOF,2020-01-23,2019-08-26,CERTICATE OF COMPLIANCE (CC),TC,Occupancy,2020-07-03,662,19989,SOUTHERN EXPOSURE BUILDERS INC,GENERAL CONTRACTOR,29492,27519,26018.94,Cary,27519
19-01100570,SOLAR PANELS ON RESIDENTIAL ROOF,2020-02-07,2019-08-27,CERTICATE OF COMPLIANCE (CC),TC,Occupancy,2020-05-08,297,10618,BLUE RAVEN SOLAR,UNLICENSED CONTRACTOR,84003,27539,13821.06,Apex,27539
19-01111590,SOLAR PANELS ON RESIDENTIAL ROOF,,2019-09-03,PLANS WITHDRAWN (PW),TC,Permit Cancelled,2022-04-01,554,17577,SOUTHERN EXPOSURE BUILDERS INC,GENERAL CONTRACTOR,29492,27519,22861.42,Cary,27519
19-01120818,SOLAR PANELS ON RESIDENTIAL ROOF,2019-09-30,2019-09-09,CERTICATE OF COMPLIANCE (CC),TC,Occupancy,2019-11-19,634,27000,EMERALD ENERGY LLC,GENERAL CONTRACTOR,27624,27519,35117.38,Cary,27519
19-01131573,SOLAR PANELS ON RESIDENTIAL ROOF,2020-01-28,2019-09-10,CERTICATE OF COMPLIANCE (CC),CC,Occupancy,2020-01-30,232,12771,SOUTHERN EXPOSURE BUILDERS INC,GENERAL CONTRACTOR,29492,27519,16610.52,Cary,27519
19-01140471,SOLAR PANELS ON RESIDENTIAL ROOF,2019-10-22,2019-09-13,CERTICATE OF COMPLIANCE (CC),TC,Occupancy,2019-11-08,373,21000,8M SOLAR,GENERAL CONTRACTOR,27511,27519,27313.52,Cary,27519
19-01151459,SOLAR PANELS,2019-10-11,2019-09-16,CERTICATE OF COMPLIANCE (CC),TC,Occupancy,2019-11-07,0,13000,RISE RENEWABLES,UNLICENSED CONTRACTOR,27613,27519,16908.37,Cary,27519
19-01160468,SOLAR PV SYSTEM,2019-10-22,2019-09-23,CERTICATE OF COMPLIANCE (CC),TC,Occupancy,2023-01-17,350,15996,8M SOLAR,GENERAL CONTRACTOR,27587,27519,20805.1,Cary,27519
19-01170484,SOLAR PV SYSTEM,2019-10-08,2019-09-23,CERTICATE OF COMPLIANCE (CC),TC,Occupancy,2019-11-01,0,14756,8M SOLAR,GENERAL CONTRACTOR,27511,28226,19192.3,Cary,27513
19-01181006,SOLAR PV SYSTEM,2019-10-17,2019-09-23,CERTICATE OF COMPLIANCE (CC),TC,Occupancy,2019-10-30,0,18000,NC SOLAR NOW INC,GENERAL CONTRACTOR,27604,27519,23411.59,Cary,27519
19-01191379,SOLAR PANELS,,2019-09-23,EXPIRED APPLICATION (XA),TC,Permit Cancelled,2023-07-12,700,30000,OWNER (GENERAL),GENERAL CONTRACTOR,27519,27607,39019.31,Cary,27513
19-01201619,SOLAR PV SYSTEM,2019-12-11,2019-09-24,CERTICATE OF COMPLIANCE (CC),TC,Occupancy,2019-12-27,393,9000,"SUN DOLLAR ENERGY, LLC",GENERAL CONTRACTOR,27616,27519,11705.79,Cary,27519
19-01211592,SOLAR PANELS,2020-02-21,2019-09-25,CERTICATE OF COMPLIANCE (CC),TC,Occupancy,2020-05-11,0,10206,SOUTHERN EXPOSURE BUILDERS INC,GENERAL CONTRACTOR,29492,27519,13274.37,Cary,27519
19-01221465,SOLAR PANELS,2019-11-08,2019-09-27,CERTICATE OF COMPLIANCE (CC),TC,Occupancy,2019-12-19,0,21000,SIGORA SOLAR LLC,GENERAL CONTRACTOR,22903,27560,27313.52,Morrisville,27560
19-01231007,SOLAR PANELS & RELOCATE VENT FLUE PIPES,2019-10-17,2019-09-30,CERTICATE OF COMPLIANCE (CC),TC,Occupancy,2020-02-06,0,29277,NC SOLAR NOW INC,GENERAL CONTRACTOR,27604,27519,38078.95,Cary,27519
19-01240961,SOLAR PV SYSTEM,2019-10-17,2019-10-01,CERTICATE OF COMPLIANCE (CC),TC,Occupancy,2019-11-14,508,22838,NC SOLAR NOW INC,GENERAL CONTRACTOR,27604,27539,29636.35,Apex,27539
19-01251917,SOLAR PANELS,2019-10-11,2019-10-01,CERTICATE OF COMPLIANCE (CC),TC,Occupancy,2019-10-25,420,22766,YES! SOLAR SOLUTIONS,GENERAL CONTRACTOR,27513,27519,29542.92,Cary,27519
19-01261384,SOLAR PANELS ON WORKSHOP ROOF,2019-10-18,2019-10-02,CERTICATE OF COMPLIANCE (CC),TC,Occupancy,2019-12-30,1000,15000,OWNER (GENERAL),GENERAL CONTRACTOR,27519,27511,19465.16,Cary,27511
19-01271901,SOLAR PANELS,,2019-10-02,EXPIRED PERMIT (XP),TC,Permit Cancelled,2025-01-14,540,26453,YES! SOLAR SOLUTIONS,GENERAL CONTRACTOR,27513,27519,34327.45,Cary,27519
19-01280474,SOLAR PANELS,2019-10-22,2019-10-03,CERTICATE OF COMPLIANCE (CC),TC,Occupancy,2019-11-21,0,25110,8M SOLAR,GENERAL CONTRACTOR,27511,27519,32584.67,Cary,27519
19-01290480,SOLAR PANELS,2019-10-31,2019-10-07,CERTICATE OF COMPLIANCE (CC),TC,Occupancy,2019-11-21,0,24769,8M SOLAR,GENERAL CONTRACTOR,27511,27518,32142.16,Cary,27519
19-01300688,SOLAR PANELS,2019-11-12,2019-10-07,CERTICATE OF COMPLIANCE (CC),TC,Occupancy,2019-11-21,0,27058,CAPE FEAR SOLAR SYSTEMS,GENERAL CONTRACTOR,28401,27519,35112.55,Cary,27519
19-01310987,SOLAR PANELS,2019-10-17,2019-10-07,CERTICATE OF COMPLIANCE (CC),TC,Occupancy,2023-11-07,0,22641,NC SOLAR NOW INC,GENERAL CONTRACTOR,27604,27519,29380.71,Cary,27519
19-01321414,SOLAR PANELS,,2019-10-08,EXPIRED APPLICATION (XA),TC,Permit Cancelled,2023-02-17,0,17490,"POWER HOME SOLAR, LLC",GENERAL CONTRACTOR,28115,27519,22696.37,Cary,27519
19-01331625,SOLAR PANELS,2019-10-25,2019-10-09,CERTICATE OF COMPLIANCE (CC),TC,Occupancy,2019-11-08,446,9000,"SUN DOLLAR ENERGY, LLC",GENERAL CONTRACTOR,27616,27607,11679.09,Cary,27513
19-01341634,SOLAR PANELS,2020-07-24,2019-10-09,CERTICATE OF COMPLIANCE (CC),TC,Occupancy,2020-09-03,412,8000,"SUN DOLLAR ENERGY, LLC",GENERAL CONTRACTOR,27616,27519,10381.42,Cary,27519
19-01351570,SOLAR PV SYSTEM,2020-01-31,2019-10-15,CERTICATE OF COMPLIANCE (CC),TC,Occupancy,2020-02-27,0,19416,SOUTHERN ENERGY MANAGEMENT,GENERAL CONTRACTOR,27617,27519,25195.7,Cary,27519
19-01360469,SOLAR PANELS,2019-12-05,2019-10-17,CERTICATE OF COMPLIANCE (CC),TC,Occupancy,2019-12-30,638,24552,8M SOLAR,GENERAL CONTRACTOR,27511,27519,31860.57,Cary,27519
19-01370477,SOLAR PANELS,2019-11-12,2019-10-17,CERTICATE OF COMPLIANCE (CC),TC,Occupancy,2019-11-27,638,24552,8M SOLAR,GENERAL CONTRACTOR,27587,27519,31860.57,Cary,27519
19-01380667,SOLAR PANELS,2020-01-17,2019-10-17,CERTICATE OF COMPLIANCE (CC),TC,Occupancy,2020-01-23,175,8425,BLUE RAVEN SOLAR,UNLICENSED CONTRACTOR,84097,27519,10932.93,Cary,27519
19-01391518,SOLAR PANELS,2020-01-21,2019-10-17,CERTICATE OF COMPLIANCE (CC),TC,Occupancy,2020-02-06,377,30748,SOUTHERN ENERGY MANAGEMENT,GENERAL CONTRACTOR,27617,27519,39900.97,Cary,27519
19-01401910,SOLAR PANELS,2019-11-05,2019-10-17,CERTICATE OF COMPLIANCE (CC),TC,Occupancy,2019-11-14,310,42468,YES! SOLAR SOLUTIONS,GENERAL CONTRACTOR,27513,27519,55109.75,Cary,27519
19-01410475,SOLAR PANELS,2019-11-12,2019-10-18,CERTICATE OF COMPLIANCE (CC),TC,Occupancy,2019-12-03,514,19778,8M SOLAR,GENERAL CONTRACTOR,27511,27519,25665.46,Cary,27519
19-01420486,SOLAR PANELS,2019-11-12,2019-10-18,CERTICATE OF COMPLIANCE (CC),TC,Occupancy,2019-12-03,497,0,8M SOLAR,GENERAL CONTRACTOR,27511,27519,0.0,Cary,27519
19-01431607,SOLAR PANELS,,2019-10-18,PLANS WITHDRAWN (PW),TC,Permit Cancelled,2021-02-23,608,18360,SOUTHERN EXPOSURE BUILDERS INC,GENERAL CONTRACTOR,29492,27606,23825.35,Raleigh,27606
19-01440166,SOLAR PANELS,2019-11-19,2019-10-21,CERTICATE OF COMPLIANCE (CC),TC,Occupancy,2019-12-19,638,33052,8M SOLAR,GENERAL CONTRACTOR,27511,27607,42890.82,Cary,27513
19-01450472,SOLAR PANELS,2019-11-12,2019-10-21,CERTICATE OF COMPLIANCE (CC),TC,Occupancy,2019-12-19,464,26244,8M SOLAR,GENERAL CONTRACTOR,27511,27518,34056.24,Cary,27518
19-01460473,SOLAR PV SYSTEM,2019-12-06,2019-10-21,CERTICATE OF COMPLIANCE (CC),TC,Occupancy,2019-12-12,638,24552,8M SOLAR,GENERAL CONTRACTOR,27511,27519,31860.57,Cary,27519
19-01470481,SOLAR PANELS,2019-11-12,2019-10-21,CERTICATE OF COMPLIANCE (CC),TC,Occupancy,2019-12-03,692,27807,8M SOLAR,GENERAL CONTRACTOR,27511,27511,36084.51,Cary,27511
19-01481583,SOLAR PANELS,2020-06-02,2019-10-21,CERTICATE OF COMPLIANCE (CC),TC,Occupancy,2020-11-09,429,13608,SOUTHERN EXPOSURE BUILDERS INC,GENERAL CONTRACTOR,29492,27560,17658.79,Morrisville,27560
19-01490482,SOLAR PANELS,2019-12-05,2019-10-23,CERTICATE OF COMPLIANCE (CC),TC,Occupancy,2019-12-19,0,24998,8M SOLAR,GENERAL CONTRACTOR,27511,27607,32439.33,Cary,27513
19-01500485,SOLAR PANELS,2019-12-03,2019-10-23,CERTICATE OF COMPLIANCE (CC),TC,Occupancy,2019-12-30,704,27280,8M SOLAR,GENERAL CONTRACTOR,27511,27519,35400.63,Cary,27519
19-01511892,SOLAR PANELS,2019-11-22,2019-10-23,CERTICATE OF COMPLIANCE (CC),TC,Occupancy,2019-12-03,530,28365,YES! SOLAR SOLUTIONS,GENERAL CONTRACTOR,27513,27519,36808.61,Cary,27519
19-01520476,SOLAR PANELS,2019-11-19,2019-10-24,CERTICATE OF COMPLIANCE (CC),TC,Occupancy,2019-12-27,525,26428,8M SOLAR,GENERAL CONTRACTOR,27511,27539,34295.01,Apex,27539
19-01530470,SOLAR PANELS,2019-12-03,2019-10-25,CERTICATE OF COMPLIANCE (CC),TC,Occupancy,2019-12-19,586,22506,8M SOLAR,GENERAL CONTRACTOR,27511,27519,29205.52,Cary,27519
19-01540483,SOLAR PANELS,2019-12-03,2019-10-25,CERTICATE OF COMPLIANCE (CC),TC,Occupancy,2019-12-19,528,20925,8M SOLAR,GENERAL CONTRACTOR,27511,27519,27153.89,Cary,27519
19-01551418,SOLAR PANELS,2019-11-08,2019-10-25,CERTICATE OF COMPLIANCE (CC),TC,Occupancy,2019-12-19,334,25755,"POWER HOME SOLAR, LLC",GENERAL CONTRACTOR,28115,27519,33421.67,Cary,27519
19-01561419,SOLAR PV SYSTEM,2019-11-08,2019-10-25,CERTICATE OF COMPLIANCE (CC),TC,Occupancy,2020-01-23,0,52965,"POWER HOME SOLAR, LLC",GENERAL CONTRACTOR,28115,27518,68731.47,Cary,27518
19-01570478,SOLAR PANELS,2019-12-03,2019-10-28,CERTICATE OF COMPLIANCE (CC),TC,Occupancy,2019-12-30,638,24552,8M SOLAR,GENERAL CONTRACTOR,27511,27519,31860.57,Cary,27519
19-01580915,SOLAR PANELS,2019-12-20,2019-10-28,CERTICATE OF COMPLIANCE (CC),TC,Occupancy,2019-12-30,403,20868,NC SOLAR NOW INC,GENERAL CONTRACTOR,27604,27607,27079.92,Raleigh,27607
19-01590941,SOLAR PANELS,2019-12-27,2019-10-28,CERTICATE OF COMPLIANCE (CC),TC,Occupancy,2020-01-16,490,21168,NC SOLAR NOW INC,GENERAL CONTRACTOR,27604,27518,27469.23,Cary,27518
19-01601608,SOLAR PANELS,2020-03-04,2019-10-31,CERTICATE OF COMPLIANCE (CC),TC,Occupancy,2020-05-06,286,9072,SOUTHERN EXPOSURE BUILDERS INC,GENERAL CONTRACTOR,29492,27519,11772.53,Cary,27519
19-01611893,SOLAR PANELS,2019-12-20,2019-10-31,CERTICATE OF COMPLIANCE (CC),TC,Occupancy,2020-01-09,380,22512,YES! SOLAR SOLUTIONS,GENERAL CONTRACTOR,27513,27513,29213.31,Cary,27513
19-01620479,SOLAR PANELS,2019-12-13,2019-11-01,CERTICATE OF COMPLIANCE (CC),TC,Occupancy,2019-12-06,581,22506,8M SOLAR,GENERAL CONTRACTOR,27587,27519,29221.19,Cary,27519
19-01631603,ROOF MOUNTED SOLAR SYSTEM,2020-03-20,2019-11-01,CERTICATE OF COMPLIANCE (CC),TC,Occupancy,2020-08-11,375,11907,SOUTHERN EXPOSURE BUILDERS INC,GENERAL CONTRACTOR,29492,27519,15459.73,Cary,27519
19-01640554,INSTALL SOLAR SYSTEM,,2019-11-04,EXPIRED APPLICATION (XA),TC,Permit Cancelled,2023-04-03,1023,16744,BLUE RAVEN SOLAR,UNLICENSED CONTRACTOR,84097,27519,21739.96,Cary,27519
19-01650604,INSTALL SOLAR SYSTEM,2019-12-06,2019-11-04,CERTICATE OF COMPLIANCE (CC),TC,Occupancy,2020-03-11,1189,18744,BLUE RAVEN SOLAR,UNLICENSED CONTRACTOR,84003,27539,24336.71,Apex,27539
19-01660904,ROOF MOUNTED SOLAR SYSTEM,2019-12-09,2019-11-04,CERTICATE OF COMPLIANCE (CC),TC,Occupancy,2020-01-09,544,26750,NC SOLAR NOW INC,GENERAL CONTRACTOR,27604,27606,34731.49,Raleigh,27606
19-01670143,SOLAR PV SYSTEM,2019-12-13,2019-11-06,CERTICATE OF COMPLIANCE (CC),TC,Occupancy,2019-12-30,286,27737,8M SOLAR,GENERAL CONTRACTOR,27511,27519,36012.98,Cary,27519
19-01680294,SOLAR PV SYSTEM,2019-12-03,2019-11-08,CERTICATE OF COMPLIANCE (CC),TC,Occupancy,2019-12-27,722,30479,8M SOLAR,GENERAL CONTRACTOR,27511,27519,39573.12,Cary,27519
19-01691902,SOLAR PV SYSTEM,2019-11-22,2019-11-08,CERTICATE OF COMPLIANCE (CC),TC,Occupancy,2019-12-27,290,16691,YES! SOLAR SOLUTIONS,GENERAL CONTRACTOR,27513,27511,21671.15,Cary,27511
19-01701008,SOLAR PV SYSTEM,2019-12-20,2019-11-11,CERTICATE OF COMPLIANCE (CC),TC,Occupancy,2020-01-16,0,23000,NC SOLAR NOW INC,GENERAL CONTRACTOR,27604,27513,29862.59,Cary,27513
19-01711574,SOLAR PV SYSTEM,,2019-11-11,REJECTED (RJ),TC,Permit Cancelled,2019-11-18,0,9702,SOUTHERN EXPOSURE BUILDERS INC,GENERAL CONTRACTOR,29492,27511,12596.82,Cary,27511
19-01720807,SOLAR PANELS,2019-12-03,2019-11-18,CERTICATE OF COMPLIANCE (CC),TC,Occupancy,2019-12-12,427,19000,EMERALD ENERGY LLC,GENERAL CONTRACTOR,27624,27519,24669.09,Cary,27519
19-01730263,SOLAR PANELS,2019-12-03,2019-11-19,CERTICATE OF COMPLIANCE (CC),TC,Occupancy,2020-01-02,564,22320,8M SOLAR,GENERAL CONTRACTOR,27587,,28979.69,Cary,27519
19-01740962,SOLAR PANELS,2019-12-20,2019-11-19,CERTICATE OF COMPLIANCE (CC),TC,Occupancy,2020-01-23,144,7300,NC SOLAR NOW INC,GENERAL CONTRACTOR,27604,27519,9478.13,Cary,27519
19-01751593,SOLAR PANELS,2020-03-16,2019-11-19,CERTICATE OF COMPLIANCE (CC),TC,Occupancy,2020-05-19,662,20979,SOUTHERN EXPOSURE BUILDERS INC,GENERAL CONTRACTOR,29492,27539,27238.57,Apex,27539
19-01761420,SOLAR PANELS,2020-03-23,2019-11-20,CERTICATE OF COMPLIANCE (CC),TC,Occupancy,2020-04-28,439,36360,"POWER HOME SOLAR, LLC",GENERAL CONTRACTOR,28115,27513,47208.85,Cary,27513
19-01770448,SOLAR PANELS,2019-12-13,2019-11-21,CERTICATE OF COMPLIANCE (CC),TC,Occupancy,2020-01-09,281,14479,8M SOLAR,GENERAL CONTRACTOR,27511,27519,18799.15,Cary,27519
19-01780963,SOLAR PANELS,2019-12-20,2019-11-21,CERTICATE OF COMPLIANCE (CC),TC,Occupancy,2020-01-23,544,23184,NC SOLAR NOW INC,GENERAL CONTRACTOR,27604,27519,30101.49,Cary,27519
19-01790964,SOLAR PANELS,2019-12-20,2019-11-21,CERTICATE OF COMPLIANCE (CC),TC,Occupancy,2020-01-29,510,25000,NC SOLAR NOW INC,GENERAL CONTRACTOR,27604,27519,32459.33,Cary,27519
19-01800668,SOLAR PANELS,,2019-11-22,PLANS WITHDRAWN (PW),TC,Permit Cancelled,2021-01-12,567,11852,BLUE RAVEN SOLAR,UNLICENSED CONTRACTOR,84097,27511,15388.32,Cary,27511
19-01811490,SOLAR PANELS,2020-01-31,2019-11-22,CERTICATE OF COMPLIANCE (CC),TC,Occupancy,2020-02-10,500,23900,SOUTHERN ENERGY MANAGEMENT,GENERAL CONTRACTOR,27617,27511,31031.12,Cary,27511
19-01820916,ROOF MOUNTED SOLAR PV,2019-12-20,2019-11-27,CERTICATE OF COMPLIANCE (CC),TC,Occupancy,2020-01-23,476,24696,NC SOLAR NOW INC,GENERAL CONTRACTOR,27604,27518,32064.63,Cary,27518
19-01830953,ROOF MOUNTED SOLAR PV,2020-02-19,2019-11-27,CERTICATE OF COMPLIANCE (CC),TC,Occupancy,2019-12-06,442,18428,NC SOLAR NOW INC,GENERAL CONTRACTOR,27604,27523,23926.42,Apex,27523
19-01840975,ROOF MOUNTED SOLAR PV,,2019-11-27,EXPIRED APPLICATION (XA),TC,Permit Cancelled,2022-12-22,272,16197,NC SOLAR NOW INC,GENERAL CONTRACTOR,27604,,21029.75,Cary,27519
19-01850449,SOLAR PANELS,2019-12-13,2019-12-04,CERTICATE OF COMPLIANCE (CC),TC,Occupancy,2020-01-09,845,32400,8M SOLAR,GENERAL CONTRACTOR,27511,27519,42105.6,Cary,27519
19-01860988,ROOF MOUNTED SOLAR PV,2019-12-20,2019-12-09,CERTICATE OF COMPLIANCE (CC),TC,Occupancy,2020-02-10,272,16197,NC SOLAR NOW INC,GENERAL CONTRACTOR,27604,27519,21048.9,Cary,27519
19-01871441,SOLAR PANELS,2020-01-08,2019-12-11,CERTICATE OF COMPLIANCE (CC),TC,Occupancy,2020-09-24,495,22500,RENU ENERGY SOLUTIONS LLC,GENERAL CONTRACTOR,28217,27519,29240.0,Cary,27519
19-01880597,SOLAR PANELS,,2019-12-13,EXPIRED PERMIT (XP),TC,Permit Cancelled,2024-02-06,0,16751,BLUE RAVEN SOLAR,UNLICENSED CONTRACTOR,84097,27523,21768.86,Apex,27523
19-01891903,SOLAR PANELS,2020-01-10,2019-12-13,CERTICATE OF COMPLIANCE (CC),TC,Occupancy,2020-01-21,0,29698,YES! SOLAR SOLUTIONS,GENERAL CONTRACTOR,27513,27513,38594.2,Cary,27513
19-01900965,SOLAR PANELS,2020-01-15,2019-12-16,CERTICATE OF COMPLIANCE (CC),TC,Occupancy,2020-02-04,490,25750,NC SOLAR NOW INC,GENERAL CONTRACTOR,27604,27513,33463.56,Cary,27513
19-01911912,SOLAR PANELS,,2019-12-16,EXPIRED PERMIT (XP),TC,Permit Cancelled,2024-12-09,0,26505,YES! SOLAR SOLUTIONS,GENERAL CONTRACTOR,27513,27519,34444.72,Cary,27519
19-01921464,SOLAR PANELS,2020-02-19,2019-12-18,CERTICATE OF COMPLIANCE (CC),TC,Occupancy,2020-04-15,469,29000,SIGORA SOLAR LLC,GENERAL CONTRACTOR,22903,27539,37687.11,Apex,27539
19-01930966,SOLAR PANELS,2020-02-12,2019-12-20,CERTICATE OF COMPLIANCE (CC),TC,Occupancy,2020-02-28,680,29618,NC SOLAR NOW INC,GENERAL CONTRACTOR,27604,27518,38490.24,Cary,27518
19-01940917,SOLAR PANELS,2020-01-27,2019-12-23,CERTICATE OF COMPLIANCE (CC),TC,Occupancy,2020-02-26,0,19136,NC SOLAR NOW INC,GENERAL CONTRACTOR,27604,27519,24868.3,Cary,27519
19-01950967,SOLAR PANELS,2020-01-27,2019-12-23,CERTICATE OF COMPLIANCE (CC),TC,Occupancy,2020-03-05,0,11845,NC SOLAR NOW INC,GENERAL CONTRACTOR,27604,27519,15393.24,Cary,27519
19-01961009,SOLAR PANELS,2020-01-27,2019-12-27,CERTICATE OF COMPLIANCE (CC),TC,Occupancy,2020-02-19,0,24797,NC SOLAR NOW INC,GENERAL CONTRACTOR,27604,27519,32225.08,Cary,27519
19-01970420,SOLAR PANELS,2020-01-22,2019-12-30,CERTICATE OF COMPLIANCE (CC),TC,Occupancy,2020-02-06,0,28800,8M SOLAR,GENERAL CONTRACTOR,27511,27519,37427.2,Cary,27519
20-01980931,SOLAR PANELS,2020-02-12,2020-01-06,CERTICATE OF COMPLIANCE (CC),TC,Occupancy,2020-03-04,0,19245,NC SOLAR NOW INC,GENERAL CONTRACTOR,27604,27519,24913.29,Cary,27519
20-01991466,SOLAR PANELS,2020-02-24,2020-01-07,CERTICATE OF COMPLIANCE (CC),TC,Occupancy,2020-04-15,0,20181,SIGORA SOLAR LLC,GENERAL CONTRACTOR,22903,27519,26124.97,Cary,27519
20-02001908,SOLAR PANELS,2020-02-05,2020-01-08,CERTICATE OF COMPLIANCE (CC),TC,Occupancy,2020-02-19,0,51395,YES! SOLAR SOLUTIONS,GENERAL CONTRACTOR,27513,27511,66532.53,Cary,27511
20-02010087,SOALR PANELS,2020-01-22,2020-01-10,CERTICATE OF COMPLIANCE (CC),TC,Occupancy,2020-01-29,798,33100,8M SOLAR,GENERAL CONTRACTOR,27511,27519,42849.05,Cary,27519
20-02020295,SOALR PANELS,2020-01-22,2020-01-10,CERTICATE OF COMPLIANCE (CC),TC,Occupancy,2020-03-04,772,31356,8M SOLAR,GENERAL CONTRACTOR,27511,27539,40591.38,Apex,27539
20-02031584,SOLAR PANELS,,2020-01-10,PLANS WITHDRAWN (PW),TC,Permit Cancelled,2021-02-23,1003,18144,SOUTHERN EXPOSURE BUILDERS INC,GENERAL CONTRACTOR,29492,27519,23488.01,Cary,27519
20-02041626,SOLAR PANELS,2020-02-24,2020-01-10,CERTICATE OF COMPLIANCE (CC),TC,Occupancy,2020-03-06,430,9000,"SUN DOLLAR ENERGY, LLC",GENERAL CONTRACTOR,27616,27511,11650.8,Cary,27511
20-02050905,SOLAR PANELS,2020-02-06,2020-01-15,CERTICATE OF COMPLIANCE (CC),TC,Occupancy,2020-03-16,442,21500,NC SOLAR NOW INC,GENERAL CONTRACTOR,27604,27519,27832.46,Cary,27519
20-02060932,SOLAR PANELS,2020-02-06,2020-01-15,CERTICATE OF COMPLIANCE (CC),TC,Occupancy,2020-03-10,272,13500,NC SOLAR NOW INC,GENERAL CONTRACTOR,27604,27519,17476.2,Cary,27519
20-02070968,SOLAR PANELS,2020-02-06,2020-01-23,CERTICATE OF COMPLIANCE (CC),CC,Occupancy,2020-09-23,238,13188,NC SOLAR NOW INC,GENERAL CONTRACTOR,27604,27519,17072.3,Cary,27519
20-02081538,SOLAR PANELS,2020-03-06,2020-01-24,CERTICATE OF COMPLIANCE (CC),TC,Occupancy,2020-03-24,0,30640,SOUTHERN ENERGY MANAGEMENT,GENERAL CONTRACTOR,27617,27513,39664.49,Cary,27513
20-02090296,INSTALLATION OF SOLAR SYSTEM,2020-02-12,2020-01-25,CERTICATE OF COMPLIANCE (CC),TC,Occupancy,2020-02-18,605,27678,8M SOLAR,GENERAL CONTRACTOR,27511,27513,35830.09,Cary,27513
20-02101904,INSTALLATION OF SOLAR SYSTEM,2020-02-13,2020-01-27,CERTICATE OF COMPLIANCE (CC),TC,Occupancy,2020-02-18,450,19800,YES! SOLAR SOLUTIONS,GENERAL CONTRACTOR,27513,27511,25631.76,Cary,27511
20-02110450,SOLAR PANELS,2020-02-18,2020-02-05,CERTICATE OF COMPLIANCE (CC),TC,Occupancy,2020-03-25,426,18400,8M SOLAR,GENERAL CONTRACTOR,27587,27519,23754.31,Cary,27519
20-02120451,SOLAR PANELS,2020-02-28,2020-02-05,CERTICATE OF COMPLIANCE (CC),TC,Occupancy,2020-03-13,1427,54538,8M SOLAR,GENERAL CONTRACTOR,27587,27511,70408.28,Cary,27511
20-02130624,SOLAR PANELS,,2020-02-05,EXPIRED APPLICATION (XA),TC,Permit Cancelled,2023-04-06,420,16453,BLUE RAVEN SOLAR,UNLICENSED CONTRACTOR,84097,27606,21240.74,Raleigh,27606
20-02140969,SOLAR PANELS,2020-02-17,2020-02-05,CERTICATE OF COMPLIANCE (CC),TC,Occupancy,2020-03-13,867,36200,NC SOLAR NOW INC,GENERAL CONTRACTOR,27604,27519,46734.02,Cary,27519
20-02150989,SOLAR PANELS,2020-02-17,2020-02-05,CERTICATE OF COMPLIANCE (CC),CC,Occupancy,2020-03-23,391,20069,NC SOLAR NOW INC,GENERAL CONTRACTOR,27604,27519,25908.98,Cary,27519
20-02160933,SOLAR PANELS,2020-02-25,2020-02-07,CERTICATE OF COMPLIANCE (CC),TC,Occupancy,2020-04-15,0,28360,NC SOLAR NOW INC,GENERAL CONTRACTOR,27604,27523,36612.62,Apex,27523
20-02171507,SOLAR PANELS,2020-04-14,2020-02-07,CERTICATE OF COMPLIANCE (CC),TC,Occupancy,2020-05-06,0,59347,SOUTHERN ENERGY MANAGEMENT,GENERAL CONTRACTOR,27617,27519,76616.68,Cary,27519
20-02181508,SOLAR PANELS,2020-03-09,2020-02-07,CERTICATE OF COMPLIANCE (CC),TC,Occupancy,2020-03-31,0,12200,SOUTHERN ENERGY MANAGEMENT,GENERAL CONTRACTOR,27617,27513,15750.14,Cary,27513
20-02190421,SOLAR PANELS,2020-02-25,2020-02-10,CERTICATE OF COMPLIANCE (CC),TC,Occupancy,2020-07-30,0,30355,8M SOLAR,GENERAL CONTRACTOR,27587,27519,39188.15,Cary,27519
20-02200605,INSTALLTION OF PV SOLAR SYSTEM,2020-04-14,2020-02-13,CERTICATE OF COMPLIANCE (CC),TC,Occupancy,2021-02-26,333,13594,BLUE RAVEN SOLAR,UNLICENSED CONTRACTOR,84097,27518,17549.79,Cary,27518
20-02211594,SOALR PANELS,,2020-02-14,EXPIRED APPLICATION (XA),TC,Permit Cancelled,2024-08-01,501,12992,SOUTHERN EXPOSURE BUILDERS INC,GENERAL CONTRACTOR,29492,27511,16772.61,Cary,27511
20-02221595,INSTALLATION OF SOLAR SYSTEM,2020-09-29,2020-02-14,CERTICATE OF COMPLIANCE (CC),TC,Occupancy,2020-10-30,251,6496,SOUTHERN EXPOSURE BUILDERS INC,GENERAL CONTRACTOR,29492,27513,8386.3,Cary,27513
20-02230585,9.15w PV SOLAR PANEL ON ROOF,2020-05-04,2020-02-20,CERTICATE OF COMPLIANCE (CC),TC,Occupancy,2020-04-02,535,19917,BLUE RAVEN SOLAR,UNLICENSED CONTRACTOR,84097,27519,25712.75,Cary,27519
20-02240918,INSTALLATION OF ROOF MOUNTED SOLAR SYSTEM,2020-03-06,2020-02-20,CERTICATE OF COMPLIANCE (CC),TC,Occupancy,2020-04-13,510,21440,NC SOLAR NOW INC,GENERAL CONTRACTOR,27604,27511,27678.93,Cary,27511
20-02250452,SOLAR PANELS,2020-03-10,2020-02-21,CERTICATE OF COMPLIANCE (CC),TC,Occupancy,2020-04-15,0,35848,8M SOLAR,GENERAL CONTRACTOR,27587,27519,46279.59,Cary,27519
20-02260919,SOLAR PANELS,2020-03-06,2020-02-25,CERTICATE OF COMPLIANCE (CC),CC,Occupancy,2020-04-14,0,15968,NC SOLAR NOW INC,GENERAL CONTRACTOR,27604,27519,20614.61,Cary,27519
20-02271533,SOLAR PANELS,2020-04-28,2020-02-26,CERTICATE OF COMPLIANCE (CC),TC,Occupancy,2020-05-06,0,39750,SOUTHERN ENERGY MANAGEMENT,GENERAL CONTRACTOR,27617,27519,51317.05,Cary,27519
20-02281509,SOLAR PANELS,2020-03-20,2020-03-12,CERTICATE OF COMPLIANCE (CC),TC,Occupancy,2020-06-01,577,25997,SOUTHERN ENERGY MANAGEMENT,GENERAL CONTRACTOR,27617,27519,33635.2,Cary,27519
20-02291575,SOLAR PANELS,,2020-03-12,ADMINISTRATIVELY CLOSED (AC),TC,Permit Cancelled,2020-04-30,363,9280,SOUTHERN EXPOSURE BUILDERS INC,GENERAL CONTRACTOR,29492,27518,12006.57,Cary,27518
20-02301913,SOLAR PANELS,2020-04-29,2020-03-12,CERTICATE OF COMPLIANCE (CC),TC,Occupancy,2020-05-06,415,19872,YES! SOLAR SOLUTIONS,GENERAL CONTRACTOR,27513,27511,25710.61,Cary,27511
20-02311467,SOLAR PANELS,2020-04-06,2020-03-13,CERTICATE OF COMPLIANCE (CC),TC,Occupancy,2020-04-22,35,1500,SIGORA SOLAR LLC,GENERAL CONTRACTOR,22903,27519,1940.72,Cary,27519
20-02320201,SOLAR PANELS,2020-04-01,2020-03-18,CERTICATE OF COMPLIANCE (CC),TC,Occupancy,2020-04-21,0,34639,8M SOLAR,GENERAL CONTRACTOR,27587,27513,44816.32,Cary,27513
20-02331431,SOLAR PANELS,2020-05-12,2020-03-23,CERTICATE OF COMPLIANCE (CC),TC,Occupancy,2020-08-25,0,23500,PURE ENERGY LLC,GENERAL CONTRACTOR,85284,27519,30404.56,Cary,27519
20-02341462,27 ROOF MOUNTED SOLAR MODULES,,2020-03-23,EXPIRED PERMIT (XP),TC,Permit Cancelled,2024-01-22,494,31968,SIGORA SOLAR LLC,GENERAL CONTRACTOR,22903,27539,41360.55,Apex,27539
20-02350264,INSTALLATION OF 18.09 KW SOLAR SYSTEM,2020-04-09,2020-03-26,CERTICATE OF COMPLIANCE (CC),TC,Occupancy,2020-05-11,1043,38091,8M SOLAR,GENERAL CONTRACTOR,27587,27519,49282.55,Cary,27519
20-02360422,SOLAR PANELS,2020-04-09,2020-03-30,CERTICATE OF COMPLIANCE (CC),TC,Occupancy,2020-08-27,579,22250,8M SOLAR,GENERAL CONTRACTOR,27587,27519,28787.29,Cary,27519
20-02370202,SOLAR PANELS,2020-04-17,2020-04-07,CERTICATE OF COMPLIANCE (CC),TC,Occupancy,2020-05-06,439,18432,8M SOLAR,GENERAL CONTRACTOR,27587,27519,24008.06,Cary,27519
20-02380606,SOLAR PANELS,2020-08-04,2020-04-07,CERTICATE OF COMPLIANCE (CC),TC,Occupancy,2020-10-22,665,24518,BLUE RAVEN SOLAR,UNLICENSED CONTRACTOR,84003,27539,31935.2,Apex,27539
20-02391596,SOLAR PANELS,2020-07-27,2020-04-14,CERTICATE OF COMPLIANCE (CC),CC,Occupancy,2020-10-16,236,6032,SOUTHERN EXPOSURE BUILDERS INC,GENERAL CONTRACTOR,29492,27519,7856.81,Cary,27519
20-02400297,SOALR PANELS,2020-04-27,2020-04-17,CERTICATE OF COMPLIANCE (CC),TC,Occupancy,2020-05-28,623,29376,8M SOLAR,GENERAL CONTRACTOR,27587,27511,38262.85,Cary,27511
20-02410423,RESIDENTIAL SOLAR PANELS,2020-04-29,2020-04-20,CERTICATE OF COMPLIANCE (CC),TC,Occupancy,2020-05-21,0,20000,8M SOLAR,GENERAL CONTRACTOR,27587,27519,26050.42,Cary,27519
20-02421380,RESIDENTIAL SOLAR PANELS,2020-10-23,2020-04-20,CERTICATE OF COMPLIANCE (CC),TC,Occupancy,2022-04-04,0,2000,OWNER (GENERAL),GENERAL CONTRACTOR,27519,27513,2605.04,Cary,27513
20-02431539,RESIDENTIAL SOLAR PANELS,2020-05-14,2020-04-24,CERTICATE OF COMPLIANCE (CC),TC,Occupancy,2020-06-03,672,32573,SOUTHERN ENERGY MANAGEMENT,GENERAL CONTRACTOR,27617,27513,42427.01,Cary,27513
20-02440298,RESIDENTIAL SOLAR PANELS,2020-05-11,2020-04-30,CERTICATE OF COMPLIANCE (CC),TC,Occupancy,2020-05-29,0,26944,8M SOLAR,GENERAL CONTRACTOR,27587,27518,35095.12,Cary,27518
20-02450998,SOLAR PANELS,2020-05-15,2020-04-30,CERTICATE OF COMPLIANCE (CC),TC,Occupancy,2020-05-29,347,15522,NC SOLAR NOW INC,GENERAL CONTRACTOR,27604,27513,20217.73,Cary,27513
20-02461385,RESIDENTIAL SOLAR PANELS,2020-07-22,2020-04-30,CERTICATE OF COMPLIANCE (CC),TC,Occupancy,2020-07-28,0,7595,PALMETTO SOLAR LLC,GENERAL CONTRACTOR,29405,27539,9892.65,Apex,27539
20-02470942,RESIDENTIAL SOLAR SYSTEM,2020-09-10,2020-05-01,CERTICATE OF COMPLIANCE (CC),TC,Occupancy,2020-10-22,544,12420,NC SOLAR NOW INC,GENERAL CONTRACTOR,27604,27513,16176.99,Cary,27513
20-02480088,RESIDENTIAL SOLAR PANELS,2020-05-15,2020-05-06,CERTICATE OF COMPLIANCE (CC),TC,Occupancy,2020-07-01,521,20804,8M SOLAR,GENERAL CONTRACTOR,27587,27513,27097.11,Cary,27513
20-02490970,RESIDENTIAL SOLAR PANELS,2020-05-26,2020-05-06,CERTICATE OF COMPLIANCE (CC),TC,Occupancy,2020-06-01,0,23082,NC SOLAR NOW INC,GENERAL CONTRACTOR,27604,27519,30064.2,Cary,27519
20-02501894,SOLAR PANELS,2020-05-28,2020-05-11,CERTICATE OF COMPLIANCE (CC),TC,Occupancy,2020-06-02,0,7805,YES! SOLAR SOLUTIONS,GENERAL CONTRACTOR,27513,27519,10165.98,Cary,27519
20-02510555,SOLAR PANELS,2020-08-27,2020-05-13,CERTICATE OF COMPLIANCE (CC),TC,Occupancy,2020-09-23,385,15884,BLUE RAVEN SOLAR,UNLICENSED CONTRACTOR,84097,27513,20688.84,Cary,27513
20-02520453,SOLAR PANELS,2020-06-04,2020-05-15,CERTICATE OF COMPLIANCE (CC),TC,Occupancy,2020-06-19,386,18784,8M SOLAR,GENERAL CONTRACTOR,27587,,24466.07,Cary,27511
20-02531615,RESIDENTIAL SOLAR PANELS,2020-07-20,2020-05-21,CERTICATE OF COMPLIANCE (CC),TC,Occupancy,2020-08-12,0,12000,STEVE VON LOOR,UNLICENSED CONTRACTOR,27617,27519,15629.94,Cary,27513
20-02540454,SOLAR PANELS ON RESIDENTIAL ROOF,2020-06-16,2020-05-28,CERTICATE OF COMPLIANCE (CC),TC,Occupancy,2020-07-17,476,24862,8M SOLAR,GENERAL CONTRACTOR,27587,27519,32382.64,Cary,27519
20-02551905,INSTALLATION OF 32 SOLAR MODULES,2020-07-02,2020-06-02,CERTICATE OF COMPLIANCE (CC),TC,Occupancy,2020-07-10,575,28160,YES! SOLAR SOLUTIONS,GENERAL CONTRACTOR,27513,27513,36478.66,Cary,27513
20-02560167,ROOF MOUNTED SOLAR SYSTEM,2020-06-19,2020-06-03,CERTICATE OF COMPLIANCE (CC),TC,Occupancy,2020-07-09,598,25963,8M SOLAR,GENERAL CONTRACTOR,27587,27519,33632.65,Cary,27519
20-02570299,INSTALL ROOF MOUNTED SOLAR SYSTEM 24 MODULES,2020-07-14,2020-06-03,CERTICATE OF COMPLIANCE (CC),TC,Occupancy,2020-09-22,463,52427,8M SOLAR,GENERAL CONTRACTOR,27587,27513,67914.29,Cary,27513
20-02580971,INSTALL ROOF MOUNTED SOLAR,2020-07-23,2020-06-03,CERTICATE OF COMPLIANCE (CC),TC,Occupancy,2020-07-27,374,22000,NC SOLAR NOW INC,GENERAL CONTRACTOR,27604,27519,28498.95,Cary,27519
20-02591386,INSTALL ROOFTOP SOLAR SYSTEM,2020-06-19,2020-06-04,CERTICATE OF COMPLIANCE (CC),TC,Occupancy,2020-08-20,234,7168,PALMETTO SOLAR LLC,GENERAL CONTRACTOR,29405,27518,9285.48,Cary,27518
20-02601469,26 ROOF MOUNTED MODULES,2020-08-27,2020-06-09,CERTICATE OF COMPLIANCE (CC),TC,Occupancy,2020-10-07,476,29980,"SIGORA SOLAR, LLC",GENERAL CONTRACTOR,22901,27519,38836.3,Cary,27519
20-02611460,SOLAR PANELS,2020-07-13,2020-06-11,CERTICATE OF COMPLIANCE (CC),TC,Occupancy,2020-08-19,458,29580,SIGORA SOLAR LLC,GENERAL CONTRACTOR,22903,27519,38318.13,Cary,27519
20-02620920,SOLAR PANELS,2020-07-10,2020-06-15,CERTICATE OF COMPLIANCE (CC),TC,Occupancy,2020-07-21,510,24809,NC SOLAR NOW INC,GENERAL CONTRACTOR,27604,27519,32137.75,Cary,27519
20-02631604,SOLAR PANELS,2020-07-21,2020-06-15,CERTICATE OF COMPLIANCE (CC),TC,Occupancy,2020-08-21,636,16240,SOUTHERN EXPOSURE BUILDERS INC,GENERAL CONTRACTOR,29492,27607,21037.41,Cary,27513
20-02641921,SOLAR PANELS,2020-08-05,2020-06-15,CERTICATE OF COMPLIANCE (CC),TC,Occupancy,2021-10-29,0,80067,YES! SOLAR SOLUTIONS,GENERAL CONTRACTOR,27513,27511,103719.34,Cary,27511
20-02650203,SOLAR PANELS,2020-07-20,2020-06-22,CERTICATE OF COMPLIANCE (CC),TC,Occupancy,2020-08-12,657,25628,8M SOLAR,GENERAL CONTRACTOR,27587,27513,33198.69,Cary,27513
20-02661453,SOALR PANEL AND TESLA BATTERY,2020-07-09,2020-06-22,CERTICATE OF COMPLIANCE (CC),TC,Occupancy,2020-09-24,450,42300,RENU ENERGY SOLUTIONS LLC,GENERAL CONTRACTOR,28217,27518,54795.71,Cary,27518
20-02671585,SOLAR PANELS,2020-07-08,2020-06-23,ON HOLD (HD),TC,Appeal,2021-02-11,254,6496,SOUTHERN EXPOSURE BUILDERS INC,GENERAL CONTRACTOR,29492,27511,8414.96,Cary,27511
20-02681610,SOLAR PANELS,2020-08-26,2020-06-23,CERTICATE OF COMPLIANCE (CC),TC,Occupancy,2020-09-01,545,13920,SOUTHERN EXPOSURE BUILDERS INC,GENERAL CONTRACTOR,29492,27519,18032.06,Cary,27519
20-02690943,SOLAR PANELS,2020-07-24,2020-07-06,CERTICATE OF COMPLIANCE (CC),TC,Occupancy,2023-08-18,0,17280,NC SOLAR NOW INC,GENERAL CONTRACTOR,27604,27518,22271.97,Cary,27518
20-02700999,RESIDENTIAL SOLAR PANELS,2020-07-24,2020-07-06,CERTICATE OF COMPLIANCE (CC),TC,Occupancy,2020-08-18,0,17500,NC SOLAR NOW INC,GENERAL CONTRACTOR,27604,27519,22555.53,Cary,27519
20-02711924,SOLAR PANELS,2020-07-29,2020-07-07,CERTICATE OF COMPLIANCE (CC),TC,Occupancy,2020-08-06,265,18846,YES! SOLAR SOLUTIONS,GENERAL CONTRACTOR,27513,27511,24290.37,Cary,27511
20-02720089,SOLAR PANELS,2020-07-22,2020-07-08,CERTICATE OF COMPLIANCE (CC),TC,Occupancy,2020-08-21,544,21735,8M SOLAR,GENERAL CONTRACTOR,27587,27519,28013.97,Cary,27519
20-02731448,SOALR PANELS,2020-07-27,2020-07-08,CERTICATE OF COMPLIANCE (CC),TC,Occupancy,2020-07-30,240,20400,RENU ENERGY SOLUTIONS LLC,GENERAL CONTRACTOR,28217,27519,26293.3,Cary,27519
20-02741449,SOLAR PANELS,2020-07-22,2020-07-08,CERTICATE OF COMPLIANCE (CC),TC,Occupancy,2020-07-30,630,38040,RENU ENERGY SOLUTIONS LLC,GENERAL CONTRACTOR,28217,27513,49029.27,Cary,27513
20-02751944,SOLAR PANELS,2020-07-29,2020-07-08,CERTICATE OF COMPLIANCE (CC),TC,Occupancy,2020-08-10,304,2949,YES! SOLAR SOLUTIONS,GENERAL CONTRACTOR,27513,27519,3800.93,Cary,27519
20-02760906,SOLAR PANELS,2020-07-24,2020-07-10,CERTICATE OF COMPLIANCE (CC),TC,Occupancy,2020-09-07,408,18750,NC SOLAR NOW INC,GENERAL CONTRACTOR,27604,27519,24166.64,Cary,27519
20-02770972,RESIDENTIAL SOLAR PANELS,2020-08-17,2020-07-17,CERTICATE OF COMPLIANCE (CC),TC,Occupancy,2020-08-21,493,24000,NC SOLAR NOW INC,GENERAL CONTRACTOR,27604,27539,30933.3,Apex,27539
20-02781470,SOLAR PANELS,2020-09-17,2020-07-20,CERTICATE OF COMPLIANCE (CC),TC,Occupancy,2020-10-07,0,32962,"SIGORA SOLAR, LLC",GENERAL CONTRACTOR,22901,27519,42484.3,Cary,27519
20-02791389,SOLAR PANELS,2020-11-12,2020-07-21,CERTICATE OF COMPLIANCE (CC),TC,Occupancy,2023-03-20,0,7600,PALMETTO SOLAR LLC,GENERAL CONTRACTOR,29405,27518,9795.54,Cary,27518
20-02800424,RESIDENTIAL SOLAR PANELS,2020-08-10,2020-07-23,CERTICATE OF COMPLIANCE (CC),TC,Occupancy,2020-09-03,301,14999,8M SOLAR,GENERAL CONTRACTOR,27587,27519,19332.02,Cary,27519
20-02810455,RESIDENTIAL SOLAR PANELS,2020-08-10,2020-07-23,CERTICATE OF COMPLIANCE (CC),TC,Occupancy,2020-09-04,389,17000,8M SOLAR,GENERAL CONTRACTOR,27587,27511,21911.08,Cary,27511
20-02820556,RESIDENTIAL SOLAR PANELS,2020-10-19,2020-07-23,CERTICATE OF COMPLIANCE (CC),TC,Occupancy,2020-12-23,490,17627,BLUE RAVEN SOLAR,UNLICENSED CONTRACTOR,84097,27519,22719.22,Cary,27519
20-02830168,SOLAR PANELS,2020-08-10,2020-07-24,CERTICATE OF COMPLIANCE (CC),TC,Occupancy,2020-09-11,0,25895,8M SOLAR,GENERAL CONTRACTOR,27587,27539,33375.74,Apex,27539
20-02841447,SOLAR PANELS,2020-08-28,2020-07-24,CERTICATE OF COMPLIANCE (CC),TC,Occupancy,2020-08-31,0,32920,RENU ENERGY SOLUTIONS LLC,GENERAL CONTRACTOR,28217,27511,42430.17,Cary,27511
20-02851630,SOLAR PANELS,2021-11-23,2020-07-24,PLANS WITHDRAWN (PW),TC,Permit Cancelled,2021-12-17,0,9000,"SUN DOLLAR ENERGY, LLC",GENERAL CONTRACTOR,27616,27519,11599.99,Cary,27519
20-02860921,RESIDENTIAL SOLAR PANELS ON ROOF,2020-08-28,2020-07-27,CERTICATE OF COMPLIANCE (CC),CC,Occupancy,2023-03-20,340,18250,NC SOLAR NOW INC,GENERAL CONTRACTOR,27604,27519,23522.19,Cary,27519
20-02870973,SOLAR PANELS,2020-08-06,2020-07-27,CERTICATE OF COMPLIANCE (CC),TC,Occupancy,2020-08-20,272,13513,NC SOLAR NOW INC,GENERAL CONTRACTOR,27604,27513,17416.73,Cary,27513
20-02881000,SOLAR PANELS,2020-08-24,2020-07-27,CERTICATE OF COMPLIANCE (CC),TC,Occupancy,2022-12-28,374,16335,NC SOLAR NOW INC,GENERAL CONTRACTOR,27604,27519,21053.97,Cary,27519
20-02890954,RESIDENTIAL SOLAR PANELS ON ROOF,2020-09-24,2020-07-28,CERTICATE OF COMPLIANCE (CC),TC,Occupancy,2023-03-20,391,19405,NC SOLAR NOW INC,GENERAL CONTRACTOR,27604,27519,25010.86,Cary,27519
20-02900204,ROOF MOUNTED SOLAR SYSTEM,2020-08-31,2020-08-03,CERTICATE OF COMPLIANCE (CC),TC,Occupancy,2023-03-20,772,27944,8M SOLAR,GENERAL CONTRACTOR,27587,27539,35903.46,Apex,27539
20-02911516,RESIDENTIAL SOLAR PANELS ON ROOF,2020-08-19,2020-08-03,CERTICATE OF COMPLIANCE (CC),CC,Occupancy,2020-09-09,507,25430,SOUTHERN ENERGY MANAGEMENT,GENERAL CONTRACTOR,27617,27519,32673.38,Cary,27519
20-02920425,SOLAR PANELS ON RESIDENTIAL ROOF,2020-08-31,2020-08-06,CERTICATE OF COMPLIANCE (CC),CC,Occupancy,2020-09-21,396,13096,8M SOLAR,GENERAL CONTRACTOR,27587,27519,16826.21,Cary,27519
20-02930205,SOLAR PANELS,2020-08-24,2020-08-07,CERTICATE OF COMPLIANCE (CC),TC,Occupancy,2020-09-16,0,24552,8M SOLAR,GENERAL CONTRACTOR,27587,27519,31545.29,Cary,27519
20-02941597,RESIDENTIAL SOLAR PANELS,2021-07-06,2020-08-12,CERTICATE OF COMPLIANCE (CC),TC,Occupancy,2021-12-14,363,9280,SOUTHERN EXPOSURE BUILDERS INC,GENERAL CONTRACTOR,29492,27513,11923.28,Cary,27513
20-02950874,RESIDENTIAL SOLAR PANELS,2020-09-21,2020-08-13,CERTICATE OF COMPLIANCE (CC),TC,Occupancy,2023-03-20,774,24019,GO SOLAR POWER LLC,UNLICENSED CONTRACTOR,,27519,30860.48,Cary,27519
20-02960090,SOLAR PV SYSTEM,2020-09-10,2020-08-18,CERTICATE OF COMPLIANCE (CC),TC,Occupancy,2020-09-29,0,29880,8M SOLAR,GENERAL CONTRACTOR,27587,27519,38390.9,Cary,27519
20-02970456,SOLAR PANELS,2020-09-10,2020-08-18,CERTICATE OF COMPLIANCE (CC),TC,Occupancy,2023-03-21,0,26760,8M SOLAR,GENERAL CONTRACTOR,27587,27519,34382.21,Cary,27519
20-02980169,INSTALL SOLAR PANELS,2020-09-09,2020-08-20,CERTICATE OF COMPLIANCE (CC),TC,Occupancy,2020-09-28,444,17986,8M SOLAR,GENERAL CONTRACTOR,27587,27519,23109.06,Cary,27519
20-02990944,SOLAR PANELS,2020-10-16,2020-08-20,CERTICATE OF COMPLIANCE (CC),CC,Occupancy,2023-03-21,0,17186,NC SOLAR NOW INC,GENERAL CONTRACTOR,27604,27519,22081.19,Cary,27519
20-03001510,SOLAR PV SYSTEM,2020-09-23,2020-08-20,CERTICATE OF COMPLIANCE (CC),TC,Occupancy,2020-11-04,0,31871,SOUTHERN ENERGY MANAGEMENT,GENERAL CONTRACTOR,27617,27519,40949.01,Cary,27519
20-03010571,SOLAR PANELS,2020-11-12,2020-08-22,CERTICATE OF COMPLIANCE (CC),TC,Occupancy,2020-11-17,245,11283,BLUE RAVEN SOLAR,UNLICENSED CONTRACTOR,84097,27519,14496.8,Cary,27519
20-03020632,SOLAR PANELS ON RESIDENTIAL ROOF,2020-10-26,2020-08-22,CERTICATE OF COMPLIANCE (CC),TC,Occupancy,2020-11-25,245,11283,BLUE RAVEN SOLAR,UNLICENSED CONTRACTOR,84097,27519,14496.8,Cary,27519
20-03030557,SOLAR PANELS ON RESIDENTIAL ROOF,2020-12-10,2020-08-24,CERTICATE OF COMPLIANCE (CC),CC,Occupancy,2020-11-04,0,21638,BLUE RAVEN SOLAR,UNLICENSED CONTRACTOR,84097,27519,27801.28,Cary,27519
20-03040934,SOLAR PANELS,2020-10-12,2020-08-25,CERTICATE OF COMPLIANCE (CC),TC,Occupancy,2020-10-20,391,18000,NC SOLAR NOW INC,GENERAL CONTRACTOR,27604,27539,23127.05,Apex,27539
20-03050598,SOLAR PANELS,2020-10-07,2020-08-27,CERTICATE OF COMPLIANCE (CC),TC,Occupancy,2020-11-04,0,11283,BLUE RAVEN SOLAR,UNLICENSED CONTRACTOR,84097,27519,14496.8,Cary,27519
20-03061598,SOLAR PANELS,2020-11-23,2020-08-27,CERTICATE OF COMPLIANCE (CC),TC,Occupancy,2020-12-02,0,16704,SOUTHERN EXPOSURE BUILDERS INC,GENERAL CONTRACTOR,29492,27539,21461.9,Cary,27518
20-03070573,INSTALL ROOFTOP SOLAR ARRAY,,2020-08-28,EXPIRED APPLICATION (XA),TC,Permit Cancelled,2023-03-29,578,22776,BLUE RAVEN SOLAR,UNLICENSED CONTRACTOR,84097,27519,29263.42,Cary,27519
20-03080550,SOLAR PANELS ON RESIDENTIAL ROOF,2020-10-13,2020-09-01,CERTICATE OF COMPLIANCE (CC),TC,Occupancy,2022-08-03,280,12457,BLUE RAVEN SOLAR,UNLICENSED CONTRACTOR,84097,27513,15982.94,Cary,27513
20-03090092,SOLAR PV SYSTEM,2020-09-30,2020-09-03,CERTICATE OF COMPLIANCE (CC),TC,Occupancy,2020-10-21,0,20000,8M SOLAR,GENERAL CONTRACTOR,27587,27519,25660.98,Cary,27519
20-03100572,SOLAR PANELS,,2020-09-03,ADMINISTRATIVELY CLOSED (AC),TC,Permit Cancelled,2020-09-30,438,18195,BLUE RAVEN SOLAR,UNLICENSED CONTRACTOR,84097,27513,23345.08,Cary,27513
20-03110093,SOLAR PV SYSTEM,2020-09-28,2020-09-04,CERTICATE OF COMPLIANCE (CC),TC,Occupancy,2020-10-21,0,28439,8M SOLAR,GENERAL CONTRACTOR,27587,27513,36488.63,Cary,27513
20-03120457,SOLAR PV SYSTEM,2020-10-14,2020-09-04,CERTICATE OF COMPLIANCE (CC),TC,Occupancy,2020-10-21,0,31992,8M SOLAR,GENERAL CONTRACTOR,27587,27513,41047.3,Cary,27513
20-03130180,SOLAR PV SYSTEM,2020-09-28,2020-09-07,CERTICATE OF COMPLIANCE (CC),TC,Occupancy,2020-10-21,0,34028,8M SOLAR,GENERAL CONTRACTOR,27587,27519,43659.59,Cary,27519
20-03140458,SOLAR PANELS,2020-09-30,2020-09-14,CERTICATE OF COMPLIANCE (CC),TC,Occupancy,2020-10-28,0,22627,8M SOLAR,GENERAL CONTRACTOR,27587,27511,29031.55,Cary,27511
20-03150091,SOLAR PANELS ON RESIDENTIAL ROOF,2020-10-01,2020-09-15,CERTICATE OF COMPLIANCE (CC),TC,Occupancy,2020-10-12,565,23407,8M SOLAR,GENERAL CONTRACTOR,27587,27519,30032.33,Cary,27519
20-03160633,SOLAR PANELS,2020-12-18,2020-09-15,CERTICATE OF COMPLIANCE (CC),TC,Occupancy,2021-01-12,315,13595,BLUE RAVEN SOLAR,UNLICENSED CONTRACTOR,84097,27518,17443.05,Cary,27518
20-03170907,ROOF MOUNTED SOLAR ARRAY,2020-10-12,2020-09-15,CERTICATE OF COMPLIANCE (CC),TC,Occupancy,2020-10-15,357,16619,NC SOLAR NOW INC,GENERAL CONTRACTOR,27604,27519,21322.99,Cary,27519
20-03180300,SOLAR PANELS,2020-09-28,2020-09-16,CERTICATE OF COMPLIANCE (CC),TC,Occupancy,2020-10-12,0,20468,8M SOLAR,GENERAL CONTRACTOR,27587,27519,26261.45,Cary,27519
20-03190301,SOLAR PANELS ON RESIDENTIAL ROOF,2020-10-06,2020-09-16,CERTICATE OF COMPLIANCE (CC),TC,Occupancy,2020-11-10,0,22482,8M SOLAR,GENERAL CONTRACTOR,27587,27519,28845.51,Cary,27519
20-03200302,SOLAR PANELS,2020-10-06,2020-09-16,CERTICATE OF COMPLIANCE (CC),TC,Occupancy,2023-03-22,0,27131,8M SOLAR,GENERAL CONTRACTOR,27587,27519,34810.4,Cary,27519
20-03210826,ROOF MOUNTED SOLAR,2020-10-15,2020-09-16,CERTICATE OF COMPLIANCE (CC),TC,Occupancy,2020-10-26,488,22000,EMERALD ENERGY LLC,GENERAL CONTRACTOR,27624,27519,28227.08,Cary,27519
20-03221586,SOLAR PANELS,2020-11-30,2020-09-16,CERTICATE OF COMPLIANCE (CC),TC,Occupancy,2020-12-09,0,7888,SOUTHERN EXPOSURE BUILDERS INC,GENERAL CONTRACTOR,29492,27513,10120.69,Cary,27513
20-03231906,SOLAR PANELS,2020-10-13,2020-09-16,CERTICATE OF COMPLIANCE (CC),TC,Occupancy,2020-10-21,0,20880,YES! SOLAR SOLUTIONS,GENERAL CONTRACTOR,27513,27513,26790.06,Cary,27513
20-03241390,INSTALL 28 SOLAR PANELS,,2020-09-17,PLANS WITHDRAWN (PW),TC,Permit Cancelled,2020-10-15,504,15200,PALMETTO SOLAR LLC,GENERAL CONTRACTOR,29405,27513,19502.35,Cary,27513
20-03250181,ROOF MOUNTED SOLAR,2020-10-09,2020-09-18,CERTICATE OF COMPLIANCE (CC),TC,Occupancy,2023-03-22,522,21000,8M SOLAR,GENERAL CONTRACTOR,27587,27519,26944.03,Cary,27519
20-03261387,SOLAR PANELS,2020-09-28,2020-09-18,CERTICATE OF COMPLIANCE (CC),TC,Occupancy,2020-12-23,342,10000,PALMETTO SOLAR LLC,GENERAL CONTRACTOR,29405,27513,12830.49,Cary,27513
20-03271914,SOLAR PANELS,2022-12-22,2020-09-18,CERTICATE OF COMPLIANCE (CC),TC,Occupancy,2022-12-22,0,19009,YES! SOLAR SOLUTIONS,GENERAL CONTRACTOR,27513,27519,24389.48,Cary,27519
20-03280206,ROOF MOUNTED SOLAR,2020-10-07,2020-09-21,CERTICATE OF COMPLIANCE (CC),TC,Occupancy,2020-10-28,387,16400,8M SOLAR,GENERAL CONTRACTOR,27587,27519,21042.0,Cary,27519
20-03290685,ROOF MOUNTED SOLAR,2020-12-14,2020-09-21,CERTICATE OF COMPLIANCE (CC),TC,Occupancy,2020-12-23,350,20624,CAPE FEAR SOLAR SYSTEMS,GENERAL CONTRACTOR,28401,27519,26461.6,Cary,27519
20-03300558,ROOF MOUNTED SOLAR,2020-12-16,2020-09-22,CERTICATE OF COMPLIANCE (CC),TC,Occupancy,2021-01-07,525,20233,BLUE RAVEN SOLAR,UNLICENSED CONTRACTOR,84097,27513,25959.93,Cary,27513
20-03310586,ROOF MOUNTED SOLAR,2020-12-07,2020-09-22,CERTICATE OF COMPLIANCE (CC),TC,Occupancy,2021-11-05,578,11390,BLUE RAVEN SOLAR,UNLICENSED CONTRACTOR,84097,27511,14613.93,Cary,27511
20-03320634,SOLAR PV SYSTEM,2020-12-07,2020-09-23,CERTICATE OF COMPLIANCE (CC),TC,Occupancy,2021-02-17,298,6208,BLUE RAVEN SOLAR,UNLICENSED CONTRACTOR,84097,27519,7965.17,Cary,27519
20-03330801,SOLAR PANELS,2020-10-07,2020-09-23,CERTICATE OF COMPLIANCE (CC),TC,Occupancy,2020-10-14,0,20000,EMERALD ENERGY LLC,GENERAL CONTRACTOR,27624,27519,25660.98,Cary,27519
20-03341571,SOLAR PV SYSTEM,2020-10-22,2020-09-23,CERTICATE OF COMPLIANCE (CC),TC,Occupancy,2021-03-01,371,42825,SOUTHERN ENERGY MANAGEMENT,GENERAL CONTRACTOR,27617,27518,54946.57,Cary,27518
20-03350922,ROOF MOUNTED SOLAR,2020-11-09,2020-09-24,CERTICATE OF COMPLIANCE (CC),TC,Occupancy,2020-11-10,280,15500,NC SOLAR NOW INC,GENERAL CONTRACTOR,27604,27560,19887.26,Morrisville,27560
20-03360955,ROOF MOUNTED SOLAR,2020-10-21,2020-09-24,CERTICATE OF COMPLIANCE (CC),TC,Occupancy,2020-10-28,399,14488,NC SOLAR NOW INC,GENERAL CONTRACTOR,27604,27519,18588.81,Cary,27519
20-03370974,SOLAR PV SYSTEM,2020-11-30,2020-09-24,CERTICATE OF COMPLIANCE (CC),TC,Occupancy,2020-12-01,493,36650,NC SOLAR NOW INC,GENERAL CONTRACTOR,27604,27519,47023.75,Cary,27519
20-03380908,SOLAR PV SYSTEM,2020-10-29,2020-09-25,CERTICATE OF COMPLIANCE (CC),TC,Occupancy,2020-11-02,408,16512,NC SOLAR NOW INC,GENERAL CONTRACTOR,27604,27519,21185.71,Cary,27519
20-03390976,SOLAR PV SYSTEM,2020-11-09,2020-09-25,CERTICATE OF COMPLIANCE (CC),TC,Occupancy,2020-11-23,425,28150,NC SOLAR NOW INC,GENERAL CONTRACTOR,27604,27518,36117.83,Cary,27518
20-03400977,SOLAR PV SYSTEM,2020-10-27,2020-09-25,CERTICATE OF COMPLIANCE (CC),TC,Occupancy,2020-11-02,357,14448,NC SOLAR NOW INC,GENERAL CONTRACTOR,27604,27519,18537.49,Cary,27519
20-03410978,ROOF MOUNTED SOLAR,2020-11-04,2020-09-29,CERTICATE OF COMPLIANCE (CC),TC,Occupancy,2020-11-09,357,14448,NC SOLAR NOW INC,GENERAL CONTRACTOR,27604,27519,18537.49,Cary,27519
20-03421001,ROOF MOUNTED SOLAR,2020-11-04,2020-09-29,CERTICATE OF COMPLIANCE (CC),TC,Occupancy,2023-03-22,357,14448,NC SOLAR NOW INC,GENERAL CONTRACTOR,27604,27519,18537.49,Cary,27519
20-03430303,SOLAR PANELS ON RESIDENTIAL ROOF,2020-10-12,2020-09-30,CERTICATE OF COMPLIANCE (CC),TC,Occupancy,2020-11-17,541,22691,8M SOLAR,GENERAL CONTRACTOR,27587,27513,29113.67,Cary,27513
20-03440459,SOLAR PANELS,2020-10-16,2020-10-02,CERTICATE OF COMPLIANCE (CC),TC,Occupancy,2020-11-10,0,17082,8M SOLAR,GENERAL CONTRACTOR,27587,27519,21907.95,Cary,27519
20-03450808,SOLAR PANELS,2020-10-15,2020-10-02,CERTICATE OF COMPLIANCE (CC),TC,Occupancy,2020-11-12,0,24000,EMERALD ENERGY LLC,GENERAL CONTRACTOR,27624,27519,30780.4,Cary,27519
20-03460827,SOLAR PANELS,2020-10-15,2020-10-05,CERTICATE OF COMPLIANCE (CC),TC,Occupancy,2020-11-03,0,16000,EMERALD ENERGY LLC,GENERAL CONTRACTOR,27624,27519,20520.27,Cary,27519
20-03470828,SOLAR PANELS,2020-10-15,2020-10-05,CERTICATE OF COMPLIANCE (CC),TC,Occupancy,2020-12-02,0,23300,EMERALD ENERGY LLC,GENERAL CONTRACTOR,27624,27519,29882.64,Cary,27519
20-03480979,SOLAR PV SYSTEM,2020-11-05,2020-10-05,CERTICATE OF COMPLIANCE (CC),TC,Occupancy,2023-03-24,0,14448,NC SOLAR NOW INC,GENERAL CONTRACTOR,27604,27519,18529.8,Cary,27519
20-03490809,SOLAR PV SYSTEM,2021-04-08,2020-10-06,CERTICATE OF COMPLIANCE (CC),TC,Occupancy,2021-05-12,0,29500,EMERALD ENERGY LLC,GENERAL CONTRACTOR,27624,27519,37834.25,Cary,27519
20-03500945,SOLAR PV SYSTEM,2020-11-09,2020-10-06,CERTICATE OF COMPLIANCE (CC),TC,Occupancy,2020-11-10,0,11200,NC SOLAR NOW INC,GENERAL CONTRACTOR,27604,27511,14364.19,Cary,27511
20-03510063,RESIDENTIAL SOLAR PANELS ON ROOF,2020-10-22,2020-10-07,CERTICATE OF COMPLIANCE (CC),TC,Occupancy,2023-03-24,387,16094,8M SOLAR,GENERAL CONTRACTOR,27587,27519,20640.83,Cary,27519
20-03520170,SOLAR PANELS ON RESIDENTIAL ROOF,2020-11-06,2020-10-07,CERTICATE OF COMPLIANCE (CC),CC,Occupancy,2020-12-03,1024,38025,8M SOLAR,GENERAL CONTRACTOR,27587,27519,48767.7,Cary,27519
20-03530568,SOLAR PANELS,2021-04-26,2020-10-07,CERTICATE OF COMPLIANCE (CC),TC,Occupancy,2021-04-29,367,14755,BLUE RAVEN SOLAR,UNLICENSED CONTRACTOR,84097,27519,18923.54,Cary,27519
20-03541798,SOLAR PANELS,,2020-10-09,PLANS WITHDRAWN (PW),TC,Permit Cancelled,2024-05-14,0,30018,"TITAN SOLAR POWER NC, INC",GENERAL CONTRACTOR,85210,95111,38498.59,Cary,27519
20-03551801,SOLAR PANELS,2021-02-18,2020-10-09,CERTICATE OF COMPLIANCE (CC),CC,Occupancy,2023-08-02,0,16935,"TITAN SOLAR POWER NC, INC",GENERAL CONTRACTOR,85210,27523,21719.42,Apex,27523
20-03561631,SOLAR PANELS ON RESIDENTIAL ROOF,2020-11-25,2020-10-12,CERTICATE OF COMPLIANCE (CC),TC,Occupancy,2020-12-14,395,9000,"SUN DOLLAR ENERGY, LLC",GENERAL CONTRACTOR,27616,27519,11542.65,Cary,27519
20-03570635,RESIDENTIAL SOLAR PANELS ON ROOF,,2020-10-13,PLANS WITHDRAWN (PW),TC,Permit Cancelled,2021-06-29,402,15972,BLUE RAVEN SOLAR,UNLICENSED CONTRACTOR,84097,27519,20484.36,Cary,27519
20-03580980,RESIDENTIAL SOLAR PANELS ON ROOF,2020-11-16,2020-10-13,CERTICATE OF COMPLIANCE (CC),TC,Occupancy,2020-11-17,442,23000,NC SOLAR NOW INC,GENERAL CONTRACTOR,27604,27519,29497.89,Cary,27519
20-03590990,RESIDENTIAL SOLAR PANELS ON ROOF,2020-11-19,2020-10-13,CERTICATE OF COMPLIANCE (CC),TC,Occupancy,2023-03-31,459,23244,NC SOLAR NOW INC,GENERAL CONTRACTOR,27604,27519,29810.82,Cary,27519
20-03600559,RESIDENTIAL SOLAR PANELS ON ROOF,,2020-10-14,EXPIRED PERMIT (XP),TC,Permit Cancelled,2026-01-16,420,8647,BLUE RAVEN SOLAR,UNLICENSED CONTRACTOR,84097,27513,11089.92,Cary,27513
20-03611621,RESIDENTIAL SOLAR PANELS ON ROOF,2021-02-26,2020-10-14,CERTICATE OF COMPLIANCE (CC),TC,Occupancy,2021-05-24,413,9000,"SUN DOLLAR ENERGY, LLC",GENERAL CONTRACTOR,27616,27519,11542.65,Cary,27519
20-03620487,ROOF MOUNTED SOLAR,2020-12-22,2020-10-15,CERTICATE OF COMPLIANCE (CC),TC,Occupancy,2021-04-05,509,32901,ACCELERATE SOLAR LLC,GENERAL CONTRACTOR,28273,27607,42196.09,Raleigh,27607
20-03630207,SOLAR PV SYSTEM,2020-11-02,2020-10-16,CERTICATE OF COMPLIANCE (CC),TC,Occupancy,2021-04-05,490,22000,8M SOLAR,GENERAL CONTRACTOR,27587,27513,28215.37,Cary,27513
20-03640909,ROOF MOUNTED SOLAR,2020-11-23,2020-10-16,CERTICATE OF COMPLIANCE (CC),TC,Occupancy,2023-03-31,323,15140,NC SOLAR NOW INC,GENERAL CONTRACTOR,27604,27519,19417.31,Cary,27519
20-03650981,RESIDENTIAL SOLAR PANELS ON ROOF,2020-11-23,2020-10-16,CERTICATE OF COMPLIANCE (CC),TC,Occupancy,2023-03-31,255,13660,NC SOLAR NOW INC,GENERAL CONTRACTOR,27604,27519,17519.18,Cary,27519
20-03661655,SOLAR PV SYSTEM,,2020-10-19,EXPIRED APPLICATION (XA),TC,Permit Cancelled,2022-12-22,480,16400,"TESLA ENERGY OPERATIONS, INC.",GENERAL CONTRACTOR,94538,27519,21033.28,Cary,27519
20-03671667,SOLAR PANELS,,2020-10-19,EXPIRED APPLICATION (XA),TC,Permit Cancelled,2022-12-22,480,16400,"TESLA ENERGY OPERATIONS, INC.",GENERAL CONTRACTOR,94538,27560,21033.28,Morrisville,27560
20-03681747,SOLAR PV SYSTEM,,2020-10-19,EXPIRED APPLICATION (XA),TC,Permit Cancelled,2023-03-31,600,20500,"TESLA ENERGY OPERATIONS, INC.",GENERAL CONTRACTOR,94538,27519,26291.6,Cary,27519
20-03691895,ROOFMOUNTED SOLAR,,2020-10-19,EXPIRED APPLICATION (XA),TC,Permit Cancelled,2023-03-16,620,30474,YES! SOLAR SOLUTIONS,GENERAL CONTRACTOR,27513,27519,39083.42,Cary,27519
20-03700171,SOLAR PV SYSTEM,2020-12-01,2020-10-20,CERTICATE OF COMPLIANCE (CC),TC,Occupancy,2021-01-26,780,31390,8M SOLAR,GENERAL CONTRACTOR,27587,27518,40258.2,Cary,27518
20-03710885,RESIDENTIAL SOLAR PANELS ON ROOF,2020-11-23,2020-10-20,CERTICATE OF COMPLIANCE (CC),TC,Occupancy,2020-12-30,309,13464,KELLY K. MILES,GENERAL CONTRACTOR,28027,27518,17267.81,Cary,27518
20-03720887,SOLAR PANELS,2020-11-23,2020-10-21,CERTICATE OF COMPLIANCE (CC),TC,Occupancy,2023-05-05,483,27455,KELLY K. MILES,GENERAL CONTRACTOR,28027,,35211.5,Cary,27518
20-03730923,SOLAR PV SYSTEM,2021-01-07,2020-10-21,CERTICATE OF COMPLIANCE (CC),TC,Occupancy,2021-01-26,408,20053,NC SOLAR NOW INC,GENERAL CONTRACTOR,27604,27560,25718.31,Morrisville,27560
20-03740946,SOLAR PANELS ON RESIDENTIAL ROOF,2020-12-18,2020-10-21,CERTICATE OF COMPLIANCE (CC),TC,Occupancy,2023-05-05,0,7866,NC SOLAR NOW INC,GENERAL CONTRACTOR,27604,27511,10088.28,Cary,27511
20-03750172,RESIDENTIAL SOLAR PANELS,2020-11-10,2020-10-22,CERTICATE OF COMPLIANCE (CC),TC,Occupancy,2021-01-26,433,23403,8M SOLAR,GENERAL CONTRACTOR,27587,27519,30014.74,Cary,27519
20-03761699,SOLAR PANELS,,2020-10-23,EXPIRED APPLICATION (XA),TC,Permit Cancelled,2021-08-11,740,25283,"TESLA ENERGY OPERATIONS, INC.",GENERAL CONTRACTOR,94538,27519,32425.87,Cary,27519
20-03771700,SOLAR PANELS,2021-05-06,2020-10-23,CERTICATE OF COMPLIANCE (CC),TC,Occupancy,2021-01-26,480,16400,"TESLA ENERGY OPERATIONS, INC.",GENERAL CONTRACTOR,94538,27519,21033.28,Cary,27519
20-03781715,SOLAR PV SYSTEM,2021-03-25,2020-10-23,CERTICATE OF COMPLIANCE (CC),TC,Occupancy,2021-01-26,0,29750,"TESLA ENERGY OPERATIONS, INC.",GENERAL CONTRACTOR,94538,27519,38154.88,Cary,27519
20-03791748,SOLAR PANELS,,2020-10-23,EXPIRED APPLICATION (XA),TC,Permit Cancelled,2023-03-29,480,16400,"TESLA ENERGY OPERATIONS, INC.",GENERAL CONTRACTOR,94538,27607,21033.28,Cary,27513
20-03800894,SOLAR PV SYSTEM,2020-12-29,2020-10-26,CERTICATE OF COMPLIANCE (CC),TC,Occupancy,2021-01-29,0,25800,BLACK CAT SOLAR INC,GENERAL CONTRACTOR,28115,27518,33088.93,Cary,27518
20-03810644,SOLAR PANELS,2021-01-21,2020-10-28,CERTICATE OF COMPLIANCE (CC),TC,Occupancy,2021-02-08,0,5293,BLUE RAVEN SOLAR,UNLICENSED CONTRACTOR,84097,27513,6788.36,Cary,27513
20-03820173,RESIDENTIAL SOLAR PANELS,2020-11-23,2020-10-29,CERTICATE OF COMPLIANCE (CC),TC,Occupancy,2021-01-26,483,19944,8M SOLAR,GENERAL CONTRACTOR,27587,27513,25578.52,Cary,27513
20-03830883,RESIDENTIAL SOLAR PANELS,2021-02-04,2020-10-29,CERTICATE OF COMPLIANCE (CC),TC,Occupancy,2021-01-26,440,11800,ION DEVELOPER LLC,UNLICENSED CONTRACTOR,84604,27519,15133.7,Cary,27519
20-03840560,ROOF MOUNTED SOLAR,2020-11-23,2020-11-02,CERTICATE OF COMPLIANCE (CC),TC,Occupancy,2021-01-26,525,10476,BLUE RAVEN SOLAR,UNLICENSED CONTRACTOR,84097,27513,13443.86,Cary,27513
20-03850208,ROOF MOUNTED SOLAR,2020-12-09,2020-11-03,CERTICATE OF COMPLIANCE (CC),TC,Occupancy,2021-01-26,657,25085,8M SOLAR,GENERAL CONTRACTOR,27587,27519,32191.59,Cary,27519
20-03860575,SOLAR PV SYSTEM,2021-03-01,2020-11-04,CERTICATE OF COMPLIANCE (CC),TC,Occupancy,2021-03-05,403,11533,BLUE RAVEN SOLAR,UNLICENSED CONTRACTOR,84097,27519,14800.3,Cary,27519
20-03870886,ROOF MOUNTED SOLAR,2020-12-18,2020-11-04,CERTICATE OF COMPLIANCE (CC),TC,Occupancy,2021-03-01,424,28276,KELLY K. MILES,GENERAL CONTRACTOR,28027,27539,36286.6,Apex,27539
20-03881605,ROOF MOUNTED SOLAR,,2020-11-04,EXPIRED APPLICATION (XA),TC,Permit Cancelled,2023-07-10,454,11600,SOUTHERN EXPOSURE BUILDERS INC,GENERAL CONTRACTOR,29492,27519,14886.29,Cary,27519
20-03891622,SOLAR PV SYSTEM,2021-01-05,2020-11-05,CERTICATE OF COMPLIANCE (CC),TC,Occupancy,2021-01-22,0,9000,"SUN DOLLAR ENERGY, LLC",GENERAL CONTRACTOR,27616,27519,11549.7,Cary,27519
20-03900574,SOLAR PV SYSTEM,,2020-11-09,ADMINISTRATIVELY CLOSED (AC),TC,Permit Cancelled,2022-10-31,368,6162,BLUE RAVEN SOLAR,UNLICENSED CONTRACTOR,84097,27513,7907.7,Cary,27513
20-03911511,SOLAR PV SYSTEM,2020-12-23,2020-11-09,CERTICATE OF COMPLIANCE (CC),TC,Occupancy,2021-02-15,489,24295,SOUTHERN ENERGY MANAGEMENT,GENERAL CONTRACTOR,27617,27519,31177.79,Cary,27519
20-03920174,ROOF MOUNTED SOLAR,2020-12-09,2020-11-10,CERTICATE OF COMPLIANCE (CC),TC,Occupancy,2021-01-26,415,20396,8M SOLAR,GENERAL CONTRACTOR,27587,27518,26174.2,Cary,27518
20-03930460,ROOF MOUNTED SOLAR,2020-12-22,2020-11-10,CERTICATE OF COMPLIANCE (CC),TC,Occupancy,2021-01-27,877,36299,8M SOLAR,GENERAL CONTRACTOR,27587,27518,46582.52,Cary,27518
20-03940878,ROOF MOUNTED SOLAR,2021-03-19,2020-11-10,CERTICATE OF COMPLIANCE (CC),TC,Occupancy,2021-06-29,940,21216,ION DEVELOPER LLC,UNLICENSED CONTRACTOR,84604,27539,27226.5,Apex,27539
20-03950982,SOLAR PV SYSTEM,2021-01-20,2020-11-10,CERTICATE OF COMPLIANCE (CC),TC,Occupancy,2021-01-22,340,18560,NC SOLAR NOW INC,GENERAL CONTRACTOR,27604,27519,23818.06,Cary,27519
20-03961443,ROOF MOUNTED SOLAR,,2020-11-10,PLANS WITHDRAWN (PW),TC,Permit Cancelled,2022-04-26,400,23997,RENU ENERGY SOLUTIONS LLC,GENERAL CONTRACTOR,28217,27519,30795.36,Cary,27519
20-03971629,SOLAR PV SYSTEM,2021-01-20,2020-11-12,CERTICATE OF COMPLIANCE (CC),TC,Occupancy,2021-01-26,0,9000,"SUN DOLLAR ENERGY, LLC",GENERAL CONTRACTOR,27616,27523,11549.7,Cary,27519
20-03981576,SOLAR PANELS,2021-07-06,2020-11-13,CERTICATE OF COMPLIANCE (CC),TC,Occupancy,2021-01-27,0,10820,SOUTHERN EXPOSURE BUILDERS INC,GENERAL CONTRACTOR,29492,27511,13885.31,Cary,27511
20-03990175,SOLAR PV SYSTEM,2020-12-10,2020-11-16,CERTICATE OF COMPLIANCE (CC),TC,Occupancy,2021-01-27,0,19367,8M SOLAR,GENERAL CONTRACTOR,27587,27519,24853.68,Cary,27519
20-04000304,ROOF MOUNTED SOLAR,2020-12-22,2020-11-16,CERTICATE OF COMPLIANCE (CC),TC,Occupancy,2021-01-27,641,26051,8M SOLAR,GENERAL CONTRACTOR,27587,27519,33431.26,Cary,27519
20-04010880,ROOF MOUNTED SOLAR,2021-01-07,2020-11-17,CERTICATE OF COMPLIANCE (CC),TC,Occupancy,2023-05-05,540,11900,ION DEVELOPER LLC,UNLICENSED CONTRACTOR,84604,27539,15271.28,Apex,27539
20-04021577,ROOF MOUNTED SOLAR,2020-12-16,2020-11-17,CERTICATE OF COMPLIANCE (CC),TC,Occupancy,2021-01-08,520,270260,SOUTHERN EXPOSURE BUILDERS INC,GENERAL CONTRACTOR,29492,27519,346824.79,Cary,27519
20-04030910,ROOF MOUNTED SOLAR,2021-01-20,2020-11-18,CERTICATE OF COMPLIANCE (CC),TC,Occupancy,2021-01-27,357,14784,NC SOLAR NOW INC,GENERAL CONTRACTOR,27604,27519,18972.31,Cary,27519
20-04041428,ROOF MOUNTED SOLAR,2021-01-08,2020-11-18,CERTICATE OF COMPLIANCE (CC),WC,Occupancy,2021-02-17,522,44352,PURE ENERGY LLC,GENERAL CONTRACTOR,85284,27539,56916.94,Apex,27539
20-04051701,ROOF MOUNTED SOLAR,,2020-11-18,EXPIRED APPLICATION (XA),TC,Permit Cancelled,2021-08-11,600,14565,"TESLA ENERGY OPERATIONS, INC.",GENERAL CONTRACTOR,94538,27519,18691.27,Cary,27519
20-04060924,SOLAR PANELS,2021-01-20,2020-11-19,CERTICATE OF COMPLIANCE (CC),TC,Occupancy,2021-01-22,0,12290,NC SOLAR NOW INC,GENERAL CONTRACTOR,27604,27513,15771.76,Cary,27513
20-04071679,SOLAR PANELS,2021-03-26,2020-11-20,CERTICATE OF COMPLIANCE (CC),TC,Occupancy,2021-05-07,0,4855,"TESLA ENERGY OPERATIONS, INC.",GENERAL CONTRACTOR,94538,27519,6230.42,Cary,27519
20-04081749,SOLAR PV SYSTEM,2021-04-12,2020-11-20,CERTICATE OF COMPLIANCE (CC),TC,Occupancy,2022-01-11,600,19420,"TESLA ENERGY OPERATIONS, INC.",GENERAL CONTRACTOR,94538,27519,24921.7,Cary,27519
20-04091775,ROOF MOUNTED SOLAR,2021-06-09,2020-11-20,CERTICATE OF COMPLIANCE (CC),TC,Occupancy,2023-05-05,600,9710,"TESLA ENERGY OPERATIONS, INC.",GENERAL CONTRACTOR,94538,27519,12460.85,Cary,27519
20-04101614,ROOF MOUNTED SOLAR,2021-02-09,2020-11-23,CERTICATE OF COMPLIANCE (CC),TC,Occupancy,2021-03-31,163,6750,STEVE VON LOOR,UNLICENSED CONTRACTOR,27617,27519,8662.28,Cary,27519
20-04111616,SOLAR PV SYSTEM,2020-12-31,2020-11-23,CERTICATE OF COMPLIANCE (CC),CC,Occupancy,2021-02-12,0,9000,"SUN DOLLAR ENERGY, LLC",GENERAL CONTRACTOR,27616,27519,11549.7,Cary,27519
20-04121620,SOLAR PANELS,2021-01-20,2020-11-23,CERTICATE OF COMPLIANCE (CC),TC,Occupancy,2021-01-25,0,8000,"SUN DOLLAR ENERGY, LLC",GENERAL CONTRACTOR,27616,27519,10266.4,Cary,27519
20-04131656,SOLAR PV SYSTEM,2021-05-19,2020-11-23,CERTICATE OF COMPLIANCE (CC),TC,Occupancy,2021-06-02,600,9710,"TESLA ENERGY OPERATIONS, INC.",GENERAL CONTRACTOR,94538,27513,12460.85,Cary,27513
20-04141668,RESIDENTIAL SOLAR PANELS OF ROOF,,2020-11-23,EXPIRED APPLICATION (XA),TC,Permit Cancelled,2023-07-10,0,9710,"TESLA ENERGY OPERATIONS, INC.",GENERAL CONTRACTOR,94538,27519,12460.85,Cary,27519
20-04151783,SOLAR PV SYSTEM,2021-03-26,2020-11-23,CERTICATE OF COMPLIANCE (CC),TC,Occupancy,2021-04-05,600,5664,"TESLA ENERGY OPERATIONS, INC.",GENERAL CONTRACTOR,94538,27519,7268.61,Cary,27519
20-04161785,ROOF MOUNTED SOLAR,,2020-11-23,EXPIRED APPLICATION (XA),TC,Permit Cancelled,2021-08-11,600,9710,"TESLA ENERGY OPERATIONS, INC.",GENERAL CONTRACTOR,94538,27513,12460.85,Cary,27513
20-04171807,RESIDENTIAL SOLAR PANELS ON ROOF,,2020-11-23,EXPIRED PERMIT (XP),TC,Permit Cancelled,2026-01-16,0,15599,"TITAN SOLAR POWER NC, INC",GENERAL CONTRACTOR,85210,27513,20018.2,Cary,27513
20-04180935,SOLAR PANELS,2021-02-08,2020-11-24,CERTICATE OF COMPLIANCE (CC),TC,Occupancy,2021-02-10,0,18000,NC SOLAR NOW INC,GENERAL CONTRACTOR,27604,27519,23099.41,Cary,27519
20-04190936,SOLAR PANELS,2021-01-13,2020-11-24,CERTICATE OF COMPLIANCE (CC),TC,Occupancy,2023-05-05,0,13376,NC SOLAR NOW INC,GENERAL CONTRACTOR,27604,27519,17165.43,Cary,27519
20-04201702,SOLAR PANELS,2021-06-01,2020-11-24,CERTICATE OF COMPLIANCE (CC),TC,Occupancy,2023-05-05,600,14565,"TESLA ENERGY OPERATIONS, INC.",GENERAL CONTRACTOR,94538,27519,18691.27,Cary,27519
20-04210561,SOLAR PANELS,2021-03-04,2020-11-25,CERTICATE OF COMPLIANCE (CC),TC,Occupancy,2023-05-05,333,5575,BLUE RAVEN SOLAR,UNLICENSED CONTRACTOR,84097,27519,7154.4,Cary,27519
20-04220569,SOALR PANELS,2021-02-22,2020-11-25,CERTICATE OF COMPLIANCE (CC),TC,Occupancy,2021-02-26,315,5277,BLUE RAVEN SOLAR,UNLICENSED CONTRACTOR,84097,27519,6771.98,Cary,27519
20-04231611,ROOF MOUNTED SOLAR,2021-04-08,2020-11-25,CERTICATE OF COMPLIANCE (CC),TC,Occupancy,2021-04-19,418,19210,SOUTHERN EXPOSURE BUILDERS INC,GENERAL CONTRACTOR,29492,27511,24652.2,Cary,27511
20-04241678,SOLAR PV SYSTEM,2021-06-02,2020-11-25,CERTICATE OF COMPLIANCE (CC),TC,Occupancy,2021-06-11,600,14565,"TESLA ENERGY OPERATIONS, INC.",GENERAL CONTRACTOR,94538,27519,18691.27,Cary,27519
20-04251738,SOLAR PANELS,,2020-11-25,PLANS WITHDRAWN (PW),CC,Permit Cancelled,2021-04-05,600,14565,"TESLA ENERGY OPERATIONS, INC.",GENERAL CONTRACTOR,94538,27519,18691.27,Cary,27519
20-04260911,RESIDENTIAL SOLAR PANELS ON ROOF,2021-01-07,2020-11-30,CERTICATE OF COMPLIANCE (CC),TC,Occupancy,2021-01-11,340,18560,NC SOLAR NOW INC,GENERAL CONTRACTOR,27604,27519,23818.06,Cary,27519
20-04271680,SOLAR PV SYSTEM,,2020-11-30,PLANS WITHDRAWN (PW),TC,Permit Cancelled,2022-12-28,600,14970,"TESLA ENERGY OPERATIONS, INC.",GENERAL CONTRACTOR,94538,27519,19211.01,Cary,27519
20-04281694,SOLAR PANELS,,2020-11-30,ADMINISTRATIVELY CLOSED (AC),TC,Permit Cancelled,2021-01-15,0,10115,"TESLA ENERGY OPERATIONS, INC.",GENERAL CONTRACTOR,94538,27519,12980.58,Cary,27519
20-04291776,SOLAR PANELS ON RESIDENTIAL ROOF,,2020-11-30,EXPIRED APPLICATION (XA),TC,Permit Cancelled,2023-03-29,600,4855,"TESLA ENERGY OPERATIONS, INC.",GENERAL CONTRACTOR,94538,27519,6230.42,Cary,27519
20-04301784,SOLAR PV SYSTEM,2021-06-03,2020-11-30,CERTICATE OF COMPLIANCE (CC),TC,Occupancy,2021-12-31,911,47199,"TESLA ENERGY OPERATIONS, INC.",GENERAL CONTRACTOR,94538,27519,60570.5,Cary,27519
20-04310956,SOLAR PANELS,2021-01-12,2020-12-01,CERTICATE OF COMPLIANCE (CC),TC,Occupancy,2021-01-14,0,18240,NC SOLAR NOW INC,GENERAL CONTRACTOR,27604,27519,23385.38,Cary,27519
20-04320957,SOLAR PANELS,2021-01-07,2020-12-01,CERTICATE OF COMPLIANCE (CC),TC,Occupancy,2021-01-11,0,15207,NC SOLAR NOW INC,GENERAL CONTRACTOR,27604,27519,19496.79,Cary,27519
20-04330625,RESIDENTIAL SOLAR PANELS ON ROOF,2021-03-22,2020-12-02,CERTICATE OF COMPLIANCE (CC),TC,Occupancy,2021-04-06,0,5864,BLUE RAVEN SOLAR,UNLICENSED CONTRACTOR,84097,27519,7518.2,Cary,27519
20-04340947,SOLAR PANELS ON RESIDENTIAL ROOF,2021-02-01,2020-12-02,CERTICATE OF COMPLIANCE (CC),TC,Occupancy,2021-02-02,306,13500,NC SOLAR NOW INC,GENERAL CONTRACTOR,27604,27519,17308.26,Cary,27519
20-04350958,SOLAR PANELS ON RESIDENTIAL ROOF,2021-02-03,2020-12-02,CERTICATE OF COMPLIANCE (CC),TC,Occupancy,2021-02-12,578,23936,NC SOLAR NOW INC,GENERAL CONTRACTOR,27604,,30688.19,Cary,27519
20-04361010,SOLAR PANELS,2021-03-23,2020-12-02,CERTICATE OF COMPLIANCE (CC),CC,Occupancy,2021-03-30,136,7040,NC SOLAR NOW INC,GENERAL CONTRACTOR,27604,27519,9025.94,Cary,27519
20-04370094,SOLAR PANELS ON RESIDENTIAL ROOF,,2020-12-03,EXPIRED APPLICATION (XA),TC,Permit Cancelled,2022-12-22,1043,37638,8M SOLAR,GENERAL CONTRACTOR,27587,27519,48255.43,Cary,27519
20-04380144,SOLAR PANELS ON RESIDENTIAL ROOF,2020-12-29,2020-12-03,CERTICATE OF COMPLIANCE (CC),TC,Occupancy,2021-01-13,348,14994,8M SOLAR,GENERAL CONTRACTOR,27587,,19223.71,Cary,27519
20-04391002,SOLAR PANELS ON RESIDENTIAL ROOF,2021-02-01,2020-12-03,CERTICATE OF COMPLIANCE (CC),TC,Occupancy,2021-02-08,357,14748,NC SOLAR NOW INC,GENERAL CONTRACTOR,27604,27519,18908.31,Cary,27519
20-04401450,SOLAR PANELS ON RESIDENTIAL ROOF,2021-02-02,2020-12-04,CERTICATE OF COMPLIANCE (CC),TC,Occupancy,2021-02-09,400,20790,RENU ENERGY SOLUTIONS LLC,GENERAL CONTRACTOR,28217,27513,26654.72,Cary,27513
20-04411657,SOLAR PV SYSTEM,2021-06-02,2020-12-04,CERTICATE OF COMPLIANCE (CC),TC,Occupancy,2021-09-03,871,14565,"TESLA ENERGY OPERATIONS, INC.",GENERAL CONTRACTOR,94538,27523,18673.69,Apex,27523
20-04421681,SOLAR PV SYSTEM,2021-07-13,2020-12-04,CERTICATE OF COMPLIANCE (CC),TC,Occupancy,2022-04-21,871,14565,"TESLA ENERGY OPERATIONS, INC.",GENERAL CONTRACTOR,94538,27523,18673.69,Apex,27523
20-04431682,SOLAR PANELS ON RESIDENTIAL ROOF,,2020-12-04,ADMINISTRATIVELY CLOSED (AC),TC,Permit Cancelled,2021-01-21,871,14565,"TESLA ENERGY OPERATIONS, INC.",GENERAL CONTRACTOR,94538,27523,18673.69,Apex,27523
20-04441703,SOLAR PANELS ON RESIDENTIAL ROOF,2021-05-28,2020-12-04,CERTICATE OF COMPLIANCE (CC),TC,Occupancy,2021-06-24,600,7282,"TESLA ENERGY OPERATIONS, INC.",GENERAL CONTRACTOR,94538,27519,9336.2,Cary,27519
20-04451704,SOLAR PV SYSTEM,2021-04-28,2020-12-04,CERTICATE OF COMPLIANCE (CC),TC,Occupancy,2022-06-27,871,14565,"TESLA ENERGY OPERATIONS, INC.",GENERAL CONTRACTOR,94538,27523,18673.69,Apex,27523
20-04461716,SOLAR PV SYSTEM,2021-06-22,2020-12-04,CERTICATE OF COMPLIANCE (CC),TC,Occupancy,2021-06-24,871,15374,"TESLA ENERGY OPERATIONS, INC.",GENERAL CONTRACTOR,94538,27519,19710.9,Cary,27519
20-04471739,SOLAR PANELS ON RESIDENTIAL ROOF,2021-06-03,2020-12-04,CERTICATE OF COMPLIANCE (CC),TC,Occupancy,2021-07-23,871,14565,"TESLA ENERGY OPERATIONS, INC.",GENERAL CONTRACTOR,94538,27523,18673.69,Apex,27523
20-04481777,SOLAR PANELS ON RESIDENTIAL ROOF,,2020-12-04,PLANS WITHDRAWN (PW),TC,Permit Cancelled,2023-10-26,871,21500,"TESLA ENERGY OPERATIONS, INC.",GENERAL CONTRACTOR,94538,27523,27565.01,Apex,27523
20-04490636,Solar PV System,2021-03-22,2020-12-05,CERTICATE OF COMPLIANCE (CC),TC,Occupancy,2021-03-24,770,12901,BLUE RAVEN SOLAR,UNLICENSED CONTRACTOR,84097,27519,16540.29,Cary,27519
20-04500815,ROOF MOUNTED SOLAR,2021-01-13,2020-12-07,CERTICATE OF COMPLIANCE (CC),TC,Occupancy,2021-01-27,389,18000,EMERALD ENERGY LLC,GENERAL CONTRACTOR,27624,27513,23077.68,Cary,27513
20-04511612,SOLAR PV SYSTEM,,2020-12-07,ON HOLD (HD),TC,Appeal,2021-02-11,545,13920,SOUTHERN EXPOSURE BUILDERS INC,GENERAL CONTRACTOR,29492,27518,17846.74,Cary,27518
20-04521695,SOLAR PV SYSTEM,2021-02-22,2020-12-07,PLANS WITHDRAWN (PW),TC,Permit Cancelled,2021-10-14,871,9710,"TESLA ENERGY OPERATIONS, INC.",GENERAL CONTRACTOR,94538,27519,12449.13,Cary,27519
20-04530607,Solar PV System,2021-01-21,2020-12-09,CERTICATE OF COMPLIANCE (CC),TC,Occupancy,2023-05-05,263,4402,BLUE RAVEN SOLAR,UNLICENSED CONTRACTOR,84097,27511,5643.78,Cary,27511
20-04540948,ROOF MOUNTED SOLAR,2021-01-12,2020-12-09,CERTICATE OF COMPLIANCE (CC),TC,Occupancy,2021-01-14,255,16400,NC SOLAR NOW INC,GENERAL CONTRACTOR,27604,27519,21026.33,Cary,27519
20-04550551,SOLAR PV SYSTEM,,2020-12-11,EXPIRED APPLICATION (XA),TC,Permit Cancelled,2023-07-10,0,7732,BLUE RAVEN SOLAR,UNLICENSED CONTRACTOR,84097,27519,9913.15,Cary,27519
20-04560925,SOLAR PV SYSTEM,2021-03-05,2020-12-11,CERTICATE OF COMPLIANCE (CC),TC,Occupancy,2021-03-08,340,17149,NC SOLAR NOW INC,GENERAL CONTRACTOR,27604,27519,21986.62,Cary,27519
20-04570795,SOLAR PANELS ON RESIDENTIAL ROOF,,2020-12-12,ADMINISTRATIVELY CLOSED (AC),TC,Permit Cancelled,2021-04-13,444,29850,EMERALD ENERGY LLC,GENERAL CONTRACTOR,27624,,38270.49,Cary,27513
20-04580680,SOLAR PV SYSTEM,2021-02-03,2020-12-14,CERTICATE OF COMPLIANCE (CC),TC,Occupancy,2021-02-04,460,25000,CAPE FEAR SOLAR SYSTEMS,GENERAL CONTRACTOR,28401,27519,32052.34,Cary,27519
20-04590562,SOLAR PV SYSTEM,2021-04-29,2020-12-15,CERTICATE OF COMPLIANCE (CC),TC,Occupancy,2021-05-03,315,6513,BLUE RAVEN SOLAR,UNLICENSED CONTRACTOR,84097,27519,8350.27,Cary,27519
20-04600587,ROOF MOUNTED SOLAR,2021-03-18,2020-12-15,CERTICATE OF COMPLIANCE (CC),TC,Occupancy,2021-04-23,420,8647,BLUE RAVEN SOLAR,UNLICENSED CONTRACTOR,84097,27513,11086.26,Cary,27513
20-04610599,ROOF MOUNTED SOLAR,2021-03-12,2020-12-15,CERTICATE OF COMPLIANCE (CC),TC,Occupancy,2021-04-01,368,7732,BLUE RAVEN SOLAR,UNLICENSED CONTRACTOR,84097,27519,9913.15,Cary,27519
20-04620983,ROOF MOUNTED SOLAR,2021-01-12,2020-12-15,CERTICATE OF COMPLIANCE (CC),TC,Occupancy,2021-01-19,255,16400,NC SOLAR NOW INC,GENERAL CONTRACTOR,27604,27519,21026.33,Cary,27519
20-04631512,SOLAR PV SYSTEM,2021-01-11,2020-12-16,CERTICATE OF COMPLIANCE (CC),TC,Occupancy,2021-02-23,0,25620,SOUTHERN ENERGY MANAGEMENT,GENERAL CONTRACTOR,27617,27519,32847.23,Cary,27519
20-04640580,Solar PV System,2021-03-16,2020-12-17,CERTICATE OF COMPLIANCE (CC),TC,Occupancy,2021-03-19,333,6818,BLUE RAVEN SOLAR,UNLICENSED CONTRACTOR,84097,27519,8741.31,Cary,27519
20-04650637,Solar PV System,,2020-12-18,PLANS WITHDRAWN (PW),TC,Permit Cancelled,2021-03-19,420,8647,BLUE RAVEN SOLAR,UNLICENSED CONTRACTOR,84097,27519,11086.26,Cary,27519
20-04660984,SOLAR PV SYSTEM,2021-01-12,2020-12-18,CERTICATE OF COMPLIANCE (CC),TC,Occupancy,2021-01-21,0,15488,NC SOLAR NOW INC,GENERAL CONTRACTOR,27604,27519,19857.06,Cary,27519
20-04670833,SOLAR PV SYSTEM,2021-06-29,2020-12-21,CERTICATE OF COMPLIANCE (CC),TC,Occupancy,2021-08-20,0,10560,ENCOR SOLAR LLC,UNLICENSED CONTRACTOR,84043,27519,13538.91,Cary,27519
20-04680834,SOLAR PANELS ON RESIDENTIAL ROOF,2021-02-15,2020-12-21,CERTICATE OF COMPLIANCE (CC),TC,Occupancy,2021-05-25,3805,20416,ENCOR SOLAR LLC,UNLICENSED CONTRACTOR,84043,27519,26175.22,Cary,27519
20-04690835,SOLAR PV SYSTEM,2021-02-15,2020-12-21,CERTICATE OF COMPLIANCE (CC),TC,Occupancy,2021-05-25,3425,53378,ENCOR SOLAR LLC,UNLICENSED CONTRACTOR,84043,27519,68435.58,Cary,27519
20-04700837,SOLAR PV SYSTEM,,2020-12-21,PLANS WITHDRAWN (PW),TC,Permit Cancelled,2022-12-28,3100,21824,ENCOR SOLAR LLC,UNLICENSED CONTRACTOR,84043,27519,27980.41,Cary,27519
20-04710577,SOLAR PANELS ON RESIDENTIAL ROOF,2021-06-11,2020-12-22,CERTICATE OF COMPLIANCE (CC),TC,Occupancy,2021-07-16,263,5598,BLUE RAVEN SOLAR,UNLICENSED CONTRACTOR,84097,27519,7177.16,Cary,27519
20-04720812,SOLAR PANELS ON RESIDENTIAL ROOF,2021-02-03,2020-12-22,CERTICATE OF COMPLIANCE (CC),TC,Occupancy,2021-02-16,381,22000,EMERALD ENERGY LLC,GENERAL CONTRACTOR,27624,27519,28206.06,Cary,27519
20-04730576,Solar PV System,2021-04-16,2020-12-23,CERTICATE OF COMPLIANCE (CC),TC,Occupancy,2021-04-19,455,9257,BLUE RAVEN SOLAR,UNLICENSED CONTRACTOR,84097,27518,11868.34,Cary,27518
20-04741003,SOLAR PANELS ON RESIDENTIAL ROOF,2021-04-29,2020-12-23,CERTICATE OF COMPLIANCE (CC),TC,Occupancy,2021-05-03,442,18304,NC SOLAR NOW INC,GENERAL CONTRACTOR,27604,27519,23467.44,Cary,27519
20-04751886,SOLAR PV SYSTEM,2021-03-18,2020-12-29,CERTICATE OF COMPLIANCE (CC),TC,Occupancy,2021-03-26,0,22940,VICTORY SOLAR LLC,ELECTRICAL CONTRACTOR,77477,27513,29411.22,Cary,27513
20-04760985,SOLAR PANELS ON RESIDENTIAL ROOF,2021-02-08,2020-12-30,CERTICATE OF COMPLIANCE (CC),TC,Occupancy,2021-07-22,306,20196,NC SOLAR NOW INC,GENERAL CONTRACTOR,27604,27519,25893.16,Cary,27519
20-04771388,SOLAR PANELS ON RESIDENTIAL ROOF,,2020-12-30,ADMINISTRATIVELY CLOSED (AC),CC,Permit Cancelled,2021-01-21,253,0,PALMETTO SOLAR LLC,GENERAL CONTRACTOR,29405,27519,0.0,Cary,27519
20-04781887,SOLAR PANELS ON RESIDENTIAL ROOF,,2020-12-30,EXPIRED PERMIT (XP),TC,Permit Cancelled,2025-10-17,585,25872,VICTORY SOLAR LLC,UNLICENSED CONTRACTOR,77477,27519,33170.32,Cary,27519
21-04790522,SOLAR PANELS ON RESIDENTIAL ROOF,2021-04-15,2021-01-04,CERTICATE OF COMPLIANCE (CC),TC,Occupancy,2021-06-02,0,19950,ALPHA OMEGA CONSTRUCTION GROUP,GENERAL CONTRACTOR,27610,27519,25469.42,Cary,27519
21-04800829,SOLAR PV SYSTEM,2021-02-03,2021-01-04,CERTICATE OF COMPLIANCE (CC),TC,Occupancy,2021-02-05,324,14103,EMERALD ENERGY LLC,GENERAL CONTRACTOR,27624,27513,18004.78,Cary,27513
21-04811004,Solar PV System,2021-01-28,2021-01-04,CERTICATE OF COMPLIANCE (CC),TC,Occupancy,2021-03-11,476,17286,NC SOLAR NOW INC,GENERAL CONTRACTOR,27604,27519,22068.39,Cary,27519
21-04820563,Solar PV System,,2021-01-05,PLANS WITHDRAWN (PW),TC,Permit Cancelled,2021-04-09,280,4691,BLUE RAVEN SOLAR,UNLICENSED CONTRACTOR,84097,27519,5988.83,Cary,27519
21-04830588,Solar PV System,2021-03-09,2021-01-05,CERTICATE OF COMPLIANCE (CC),TC,Occupancy,2021-03-24,385,6450,BLUE RAVEN SOLAR,UNLICENSED CONTRACTOR,84097,27607,8234.47,Cary,27513
21-04841623,SOLAR PV SYSTEM,2021-01-15,2021-01-05,CERTICATE OF COMPLIANCE (CC),TC,Occupancy,2021-02-18,312,8000,"SUN DOLLAR ENERGY, LLC",GENERAL CONTRACTOR,27616,27519,10213.3,Cary,27519
21-04851591,RESIDENTIAL SOLAR PANELS,2021-07-06,2021-01-11,CERTICATE OF COMPLIANCE (CC),TC,Occupancy,2021-07-16,218,1114,SOUTHERN EXPOSURE BUILDERS INC,GENERAL CONTRACTOR,29492,27519,1422.2,Cary,27519
21-04860064,SOLAR PV SYSTEM,2021-02-12,2021-01-12,CERTICATE OF COMPLIANCE (CC),TC,Occupancy,2021-03-09,0,15750,8M SOLAR,GENERAL CONTRACTOR,27587,27519,20107.44,Cary,27519
21-04870176,SOLAR PV SYSTEM,2021-02-12,2021-01-12,CERTICATE OF COMPLIANCE (CC),TC,Occupancy,2021-02-25,0,22324,8M SOLAR,GENERAL CONTRACTOR,27587,27511,28500.22,Cary,27511
21-04880305,SOLAR PANELS ON RESIDENTIAL ROOF,2021-02-12,2021-01-12,CERTICATE OF COMPLIANCE (CC),TC,Occupancy,2021-03-11,522,19278,8M SOLAR,GENERAL CONTRACTOR,27587,27519,24611.5,Cary,27519
21-04891934,SOLAR PV SYSTEM,2021-03-02,2021-01-12,CERTICATE OF COMPLIANCE (CC),TC,Occupancy,2021-03-04,0,22760,YES! SOLAR SOLUTIONS,GENERAL CONTRACTOR,27513,27519,29056.84,Cary,27519
21-04901945,SOLAR PV SYSTEM,2021-03-08,2021-01-12,CERTICATE OF COMPLIANCE (CC),TC,Occupancy,2021-03-10,0,28000,YES! SOLAR SOLUTIONS,GENERAL CONTRACTOR,27513,27519,35746.56,Cary,27519
21-04911599,SOLAR PV SYSTEM,2021-05-19,2021-01-13,CERTICATE OF COMPLIANCE (CC),TC,Occupancy,2021-10-06,400,10208,SOUTHERN EXPOSURE BUILDERS INC,GENERAL CONTRACTOR,29492,27560,13032.17,Morrisville,27560
21-04921635,SOLAR PV SYSTEM,2021-03-15,2021-01-14,CERTICATE OF COMPLIANCE (CC),TC,Occupancy,2021-03-16,0,8000,"SUN DOLLAR ENERGY, LLC",GENERAL CONTRACTOR,27616,27519,10213.3,Cary,27519
21-04930912,SOLAR PV SYSTEM,2021-02-17,2021-01-15,CERTICATE OF COMPLIANCE (CC),TC,Occupancy,2021-02-23,0,14448,NC SOLAR NOW INC,GENERAL CONTRACTOR,27604,27519,18445.22,Cary,27519
21-04941578,SOLAR PV SYSTEM,,2021-01-15,EXPIRED APPLICATION (XA),TC,Permit Cancelled,2024-09-19,309,7888,SOUTHERN EXPOSURE BUILDERS INC,GENERAL CONTRACTOR,29492,27518,10070.32,Cary,27518
21-04950145,SOLAR PV SYSTEM,2021-04-09,2021-01-18,CERTICATE OF COMPLIANCE (CC),TC,Occupancy,2021-04-15,503,18740,8M SOLAR,GENERAL CONTRACTOR,27587,27519,23924.66,Cary,27519
21-04961959,,,2021-01-18,ADMINISTRATIVELY CLOSED (AC),TC,Permit Cancelled,2021-01-21,0,0,,,,27560,0.0,Cary,27519
21-04970182,SOLAR PV SYSTEM,2021-08-17,2021-01-19,CERTICATE OF COMPLIANCE (CC),CC,Occupancy,2021-08-20,0,13056,8M SOLAR,GENERAL CONTRACTOR,27587,27519,16668.11,Cary,27519
21-04980183,SOLAR PV SYSTEM,2021-02-12,2021-01-19,CERTICATE OF COMPLIANCE (CC),TC,Occupancy,2021-03-19,0,20087,8M SOLAR,GENERAL CONTRACTOR,27587,27519,25644.33,Cary,27519
21-04990184,SOLAR PV SYSTEM,2021-02-12,2021-01-19,CERTICATE OF COMPLIANCE (CC),TC,Occupancy,2021-03-09,546,22995,8M SOLAR,GENERAL CONTRACTOR,27587,27519,29356.86,Cary,27519
21-05000209,SOLAR PV SYSTEM,2021-02-12,2021-01-19,CERTICATE OF COMPLIANCE (CC),TC,Occupancy,2021-03-10,0,18917,8M SOLAR,GENERAL CONTRACTOR,27587,27519,24150.63,Cary,27519
21-05010265,SOLAR PV SYSTEM,2021-02-12,2021-01-19,CERTICATE OF COMPLIANCE (CC),TC,Occupancy,2021-03-18,0,12336,8M SOLAR,GENERAL CONTRACTOR,27587,27519,15748.91,Cary,27519
21-05020461,SOLAR PV SYSTEM,2021-02-12,2021-01-19,CERTICATE OF COMPLIANCE (CC),TC,Occupancy,2021-03-09,0,18871,8M SOLAR,GENERAL CONTRACTOR,27587,27519,24091.9,Cary,27519
21-05031352,SOLAR PV SYSTEM,2021-04-05,2021-01-19,CERTICATE OF COMPLIANCE (CC),CC,Occupancy,2021-04-12,0,29965,NC SOLAR NOW INC,GENERAL CONTRACTOR,27604,27519,38255.2,Cary,27519
21-05041705,SOLAR PV SYSTEM,,2021-01-20,ADMINISTRATIVELY CLOSED (AC),TC,Permit Cancelled,2021-02-24,0,19420,"TESLA ENERGY OPERATIONS, INC.",GENERAL CONTRACTOR,94538,27519,24792.79,Cary,27519
21-05050832,SOLAR PANELS,2021-09-21,2021-01-21,CERTICATE OF COMPLIANCE (CC),TC,Occupancy,2021-09-24,0,14080,ENCOR SOLAR LLC,UNLICENSED CONTRACTOR,84043,27519,17975.41,Cary,27519
21-05061632,SOLAR PV SYSTEM,2021-03-15,2021-01-21,CERTICATE OF COMPLIANCE (CC),TC,Occupancy,2021-03-16,0,8000,"SUN DOLLAR ENERGY, LLC",GENERAL CONTRACTOR,27616,27523,10213.3,Apex,27523
21-05071669,SOLAR PV SYSTEM,2022-01-20,2021-01-21,CERTICATE OF COMPLIANCE (CC),TC,Occupancy,2021-06-15,0,9710,"TESLA ENERGY OPERATIONS, INC.",GENERAL CONTRACTOR,94538,27519,12396.4,Cary,27519
21-05081750,SOLAR PANELS,,2021-01-21,EXPIRED APPLICATION (XA),TC,Permit Cancelled,2023-03-29,465,9710,"TESLA ENERGY OPERATIONS, INC.",GENERAL CONTRACTOR,94538,27560,12396.4,Morrisville,27560
21-05090913,SOLAR PV SYSTEM,2021-03-08,2021-01-25,CERTICATE OF COMPLIANCE (CC),TC,Occupancy,2021-03-10,0,14448,NC SOLAR NOW INC,GENERAL CONTRACTOR,27604,27519,18445.22,Cary,27519
21-05101706,SOLAR PANELS,2021-05-11,2021-01-25,CERTICATE OF COMPLIANCE (CC),TC,Occupancy,2021-09-16,0,4855,"TESLA ENERGY OPERATIONS, INC.",GENERAL CONTRACTOR,94538,27519,6198.2,Cary,27519
21-05110210,SOLAR PANELS ON RESIDENTIAL ROOF,2021-02-12,2021-01-27,CERTICATE OF COMPLIANCE (CC),TC,Occupancy,2021-03-15,580,21420,8M SOLAR,GENERAL CONTRACTOR,27587,27519,27346.12,Cary,27519
21-05120306,SOLAR PV SYSTEM,2021-02-12,2021-01-27,CERTICATE OF COMPLIANCE (CC),TC,Occupancy,2021-03-09,0,20468,8M SOLAR,GENERAL CONTRACTOR,27587,27513,26130.73,Cary,27513
21-05131808,SOLAR PANELS ON RESIDENTIAL ROOF,2021-02-24,2021-01-27,PLANS WITHDRAWN (PW),TC,Permit Cancelled,2021-03-24,570,35984,"TITAN SOLAR POWER NC, INC",GENERAL CONTRACTOR,85210,27519,45939.43,Cary,27519
21-05141613,SOLAR PV SYSTEM,,2021-01-29,PLANS WITHDRAWN (PW),TC,Permit Cancelled,2021-02-09,309,7888,SOUTHERN EXPOSURE BUILDERS INC,GENERAL CONTRACTOR,29492,27511,10070.32,Cary,27511
21-05151696,SOLAR PV SYSTEM,2021-03-26,2021-01-29,CERTICATE OF COMPLIANCE (CC),TC,Occupancy,2022-02-01,0,21765,"TESLA ENERGY OPERATIONS, INC.",GENERAL CONTRACTOR,94538,27513,27786.57,Cary,27513
21-05160892,SOLAR PV SYSTEM,,2021-02-01,EXPIRED APPLICATION (XA),TC,Permit Cancelled,2023-01-19,0,52290,"MARC JONES CONSTRUCTION, LLC",GENERAL CONTRACTOR,70471,27519,66393.23,Cary,27519
21-05171587,SOLAR PV SYSTEM,,2021-02-01,PLANS WITHDRAWN (PW),TC,Permit Cancelled,2021-06-28,363,9280,SOUTHERN EXPOSURE BUILDERS INC,GENERAL CONTRACTOR,29492,27513,11782.93,Cary,27513
21-05180564,SOLAR PV SYSTEM,2021-04-26,2021-02-02,CERTICATE OF COMPLIANCE (CC),TC,Occupancy,2021-06-07,945,15833,BLUE RAVEN SOLAR,UNLICENSED CONTRACTOR,84097,27519,20103.35,Cary,27519
21-05191786,SOLAR PV SYSTEM,,2021-02-02,EXPIRED APPLICATION (XA),TC,Permit Cancelled,2022-12-22,465,9710,"TESLA ENERGY OPERATIONS, INC.",GENERAL CONTRACTOR,94538,27518,12328.9,Cary,27518
21-05200926,SOLAR PV SYSTEM,2021-07-14,2021-02-03,CERTICATE OF COMPLIANCE (CC),TC,Occupancy,2021-07-20,408,17544,NC SOLAR NOW INC,GENERAL CONTRACTOR,27604,27519,22275.83,Cary,27519
21-05210927,SOLAR PANELS ON RESIDENTIAL ROOF,2021-04-16,2021-02-03,CERTICATE OF COMPLIANCE (CC),TC,Occupancy,2021-04-19,306,13953,NC SOLAR NOW INC,GENERAL CONTRACTOR,27604,27519,17716.29,Cary,27519
21-05220589,SOLAR PV SYSTEM,2021-03-17,2021-02-05,CERTICATE OF COMPLIANCE (CC),TC,Occupancy,2021-07-23,245,4105,BLUE RAVEN SOLAR,UNLICENSED CONTRACTOR,84097,27518,5212.17,Cary,27518
21-05230991,SOLAR PV SYSTEM,,2021-02-10,ADMINISTRATIVELY CLOSED (AC),TC,Permit Cancelled,2021-03-08,0,21722,NC SOLAR NOW INC,GENERAL CONTRACTOR,27604,27511,27580.68,Cary,27511
21-05241717,SOLAR PV SYSTEM,,2021-02-11,EXPIRED APPLICATION (XA),TC,Permit Cancelled,2023-07-10,0,16993,"TESLA ENERGY OPERATIONS, INC.",GENERAL CONTRACTOR,94538,27519,21576.21,Cary,27519
21-05251519,SOLAR PV SYSTEM,2021-03-03,2021-02-12,CERTICATE OF COMPLIANCE (CC),TC,Occupancy,2021-03-12,0,27200,SOUTHERN ENERGY MANAGEMENT,GENERAL CONTRACTOR,27617,27519,34536.16,Cary,27519
21-05260177,SOLAR PV SYSTEM,2021-03-01,2021-02-18,CERTICATE OF COMPLIANCE (CC),TC,Occupancy,2021-03-26,0,18672,8M SOLAR,GENERAL CONTRACTOR,27587,27519,23708.06,Cary,27519
21-05270146,SOLAR PV SYSTEM,2021-03-01,2021-02-22,CERTICATE OF COMPLIANCE (CC),TC,Occupancy,2021-04-15,0,28165,8M SOLAR,GENERAL CONTRACTOR,27587,27519,35761.44,Cary,27519
21-05280185,SOLAR PV SYSTEM,2021-03-01,2021-02-24,CERTICATE OF COMPLIANCE (CC),TC,Occupancy,2021-04-15,0,27703,8M SOLAR,GENERAL CONTRACTOR,27587,27519,35174.83,Cary,27519
21-05290178,SOLAR PV SYSTEM,2021-03-11,2021-02-26,CERTICATE OF COMPLIANCE (CC),CC,Occupancy,2021-06-03,0,40807,8M SOLAR,GENERAL CONTRACTOR,27587,27519,51813.13,Cary,27519
21-05300179,SOLAR PV SYSTEM,2021-03-12,2021-02-26,CERTICATE OF COMPLIANCE (CC),TC,Occupancy,2021-04-27,0,18067,8M SOLAR,GENERAL CONTRACTOR,27587,27513,22939.88,Cary,27513
21-05310307,SOLAR PV SYSTEM,2021-03-12,2021-02-26,CERTICATE OF COMPLIANCE (CC),TC,Occupancy,2022-10-04,0,32759,8M SOLAR,GENERAL CONTRACTOR,27587,27519,41594.49,Cary,27519
21-05321144,SOLAR PANELS ON RESIDENTIAL ROOF,2021-03-24,2021-03-01,CERTICATE OF COMPLIANCE (CC),TC,Occupancy,2021-03-26,255,13317,NC SOLAR NOW INC,GENERAL CONTRACTOR,27604,27513,16789.83,Cary,27513
21-05330770,SOLAR PV SYSTEM,2021-03-22,2021-03-04,CERTICATE OF COMPLIANCE (CC),TC,Occupancy,2021-06-11,0,8000,COVENANT SOLAR TECH LLC,GENERAL CONTRACTOR,27704,27518,10086.25,Cary,27518
21-05340590,SOLAR PV SYSTEM,2021-04-26,2021-03-08,CERTICATE OF COMPLIANCE (CC),TC,Occupancy,2021-05-24,0,8796,BLUE RAVEN SOLAR,UNLICENSED CONTRACTOR,84097,27539,11089.83,Apex,27539
21-05351697,SOLAR PV SYSTEM,2021-03-26,2021-03-08,CERTICATE OF COMPLIANCE (CC),TC,Occupancy,2021-08-31,0,19420,"TESLA ENERGY OPERATIONS, INC.",GENERAL CONTRACTOR,94538,27518,24484.38,Cary,27518
21-05360796,SOLAR PV SYSTEM,2021-03-30,2021-03-09,CERTICATE OF COMPLIANCE (CC),TC,Occupancy,2021-04-15,0,25000,EMERALD ENERGY LLC,GENERAL CONTRACTOR,27624,27519,31519.54,Cary,27519
21-05370462,SOLAR PV SYSTEM,2021-04-15,2021-03-11,CERTICATE OF COMPLIANCE (CC),TC,Occupancy,2021-04-26,0,20000,8M SOLAR,GENERAL CONTRACTOR,27587,27519,25215.63,Cary,27519
21-05381718,SOLAR PV SYSTEM,,2021-03-12,EXPIRED APPLICATION (XA),TC,Permit Cancelled,2023-03-29,0,9710,"TESLA ENERGY OPERATIONS, INC.",GENERAL CONTRACTOR,94538,27519,12242.19,Cary,27519
21-05391145,SOLAR PV SYSTEM,2021-03-30,2021-03-16,CERTICATE OF COMPLIANCE (CC),TC,Occupancy,2021-04-12,0,11000,NC SOLAR NOW INC,GENERAL CONTRACTOR,27604,27519,13868.6,Cary,27519
21-05401658,SOLAR PV SYSTEM,2021-07-14,2021-03-16,CERTICATE OF COMPLIANCE (CC),TC,Occupancy,2021-04-20,0,19420,"TESLA ENERGY OPERATIONS, INC.",GENERAL CONTRACTOR,94538,27523,24484.38,Apex,27523
21-05410308,SOLAR PV SYSTEM,2021-04-21,2021-03-19,CERTICATE OF COMPLIANCE (CC),TC,Occupancy,2021-05-07,0,21420,8M SOLAR,GENERAL CONTRACTOR,27587,27519,27005.94,Cary,27519
21-05421751,SOLAR PV SYSTEM,2021-10-25,2021-03-19,CERTICATE OF COMPLIANCE (CC),TC,Occupancy,2021-12-08,0,9710,"TESLA ENERGY OPERATIONS, INC.",GENERAL CONTRACTOR,94538,27519,12242.19,Cary,27519
21-05431940,SOLAR PANELS,2021-04-20,2021-03-23,CERTICATE OF COMPLIANCE (CC),TC,Occupancy,2021-04-22,560,23222,YES! SOLAR SOLUTIONS,GENERAL CONTRACTOR,27513,27513,29277.87,Cary,27513
21-05441719,SOLAR PV SYSTEM,2021-06-09,2021-03-26,CERTICATE OF COMPLIANCE (CC),TC,Occupancy,2021-10-19,0,9710,"TESLA ENERGY OPERATIONS, INC.",GENERAL CONTRACTOR,94538,27513,12242.19,Cary,27513
21-05451973,SOLAR PV SYSTEM,,2021-03-26,PLANS WITHDRAWN (PW),TC,Permit Cancelled,2021-03-30,0,4989,,,,27560,6290.04,Cary,27519
21-05460725,SOLAR PV SYSTEM,2021-06-15,2021-03-29,CERTICATE OF COMPLIANCE (CC),TC,Occupancy,2021-07-21,0,17380,YES! SOLAR SOLUTIONS,GENERAL CONTRACTOR,27513,27511,21912.38,Cary,27511
21-05470836,SOLAR PV SYSTEM,2021-12-20,2021-03-29,CERTICATE OF COMPLIANCE (CC),TC,Occupancy,2022-02-02,0,17768,ENCOR SOLAR LLC,UNLICENSED CONTRACTOR,84043,27519,22401.56,Cary,27519
21-05480881,SOLAR PV SYSTEM,2021-04-19,2021-03-29,CERTICATE OF COMPLIANCE (CC),TC,Occupancy,2021-06-08,0,3900,ION DEVELOPER LLC,UNLICENSED CONTRACTOR,84604,27519,4917.05,Cary,27519
21-05491752,SOLAR PV SYSTEM,,2021-03-30,PLANS WITHDRAWN (PW),TC,Permit Cancelled,2023-03-24,0,9710,"TESLA ENERGY OPERATIONS, INC.",GENERAL CONTRACTOR,94538,27513,12242.19,Cary,27513
21-05500095,SOLAR PV SYSTEM,2021-04-27,2021-04-01,CERTICATE OF COMPLIANCE (CC),TC,Occupancy,2021-06-03,0,28174,8M SOLAR,GENERAL CONTRACTOR,27587,27539,35231.69,Apex,27539
21-05511698,SOLAR PV SYSTEM,,2021-04-02,EXPIRED APPLICATION (XA),TC,Permit Cancelled,2023-03-29,0,19420,"TESLA ENERGY OPERATIONS, INC.",GENERAL CONTRACTOR,94538,27519,24284.78,Cary,27519
21-05520463,SOLAR PV SYSTEM,2021-04-21,2021-04-05,CERTICATE OF COMPLIANCE (CC),TC,Occupancy,2021-05-24,0,37611,8M SOLAR,GENERAL CONTRACTOR,27587,27511,47032.69,Cary,27511
21-05530681,SOLAR PANELS,,2021-04-05,PLANS WITHDRAWN (PW),TC,Permit Cancelled,2023-03-24,442,34424,CAPE FEAR SOLAR SYSTEMS,GENERAL CONTRACTOR,28401,,43047.34,Cary,27513
21-05541423,SOLAR PV SYSTEM,2021-08-19,2021-04-07,EXPIRED PERMIT (XP),TC,Permit Cancelled,2023-09-15,381,62328,"POWER HOME SOLAR, LLC",GENERAL CONTRACTOR,28115,27518,77941.39,Cary,27518
21-05550186,SOLAR PV SYSTEM,2021-04-26,2021-04-08,CERTICATE OF COMPLIANCE (CC),CC,Occupancy,2021-06-02,0,24800,8M SOLAR,GENERAL CONTRACTOR,27587,27519,31012.49,Cary,27519
21-05560309,SOLAR PV SYSTEM,2021-04-28,2021-04-09,CERTICATE OF COMPLIANCE (CC),TC,Occupancy,2021-06-21,0,20768,8M SOLAR,GENERAL CONTRACTOR,27587,27519,25970.46,Cary,27519
21-05570464,SOLAR PV SYSTEM,2021-04-28,2021-04-09,CERTICATE OF COMPLIANCE (CC),CC,Occupancy,2021-06-03,0,32923,8M SOLAR,GENERAL CONTRACTOR,27587,27519,41170.33,Cary,27519
21-05581800,SOLAR PV SYSTEM,2021-05-19,2021-04-09,CERTICATE OF COMPLIANCE (CC),TC,Occupancy,2022-04-08,311,30172,"TITAN SOLAR POWER NC, INC",GENERAL CONTRACTOR,85210,27519,37730.2,Cary,27519
21-05590096,SOLAR PV SYSTEM,2021-05-17,2021-04-12,CERTICATE OF COMPLIANCE (CC),TC,Occupancy,2021-06-15,0,19900,8M SOLAR,GENERAL CONTRACTOR,27587,27513,24885.02,Cary,27513
21-05600578,SOLAR PV SYSTEM,2021-07-27,2021-04-14,CERTICATE OF COMPLIANCE (CC),TC,Occupancy,2021-07-28,0,10555,BLUE RAVEN SOLAR,UNLICENSED CONTRACTOR,84097,27513,13199.07,Cary,27513
21-05610310,SOLAR PV SYSTEM,2021-04-27,2021-04-16,CERTICATE OF COMPLIANCE (CC),TC,Occupancy,2021-05-19,0,18480,8M SOLAR,GENERAL CONTRACTOR,27587,27513,23109.31,Cary,27513
21-05621146,SOLAR PV SYSTEM,2021-06-02,2021-04-16,CERTICATE OF COMPLIANCE (CC),TC,Occupancy,2021-06-04,0,13701,NC SOLAR NOW INC,GENERAL CONTRACTOR,27604,27519,17133.15,Cary,27519
21-05631426,SOLAR PV SYSTEM,,2021-04-16,PLANS WITHDRAWN (PW),TC,Permit Cancelled,2021-08-25,239,48248,"POWER HOME SOLAR, LLC",GENERAL CONTRACTOR,28115,27519,60334.3,Cary,27519
21-05640830,SOLAR PANELS,,2021-04-19,EXPIRED PERMIT (XP),TC,Permit Cancelled,2025-05-06,0,35275,"EMPWR SOLAR LLP, T/A",GENERAL CONTRACTOR,29464,27519,44111.52,Cary,27519
21-05651809,SOLAR PANELS ON RESIDENTIAL ROOF,,2021-04-21,EXPIRED APPLICATION (XA),TC,Permit Cancelled,2022-12-22,296,27400,"TITAN SOLAR POWER NC, INC",GENERAL CONTRACTOR,85210,27513,34263.8,Cary,27513
21-05661816,SOLAR PANELS ON RESIDENTIAL ROOF,2021-05-19,2021-04-22,CERTICATE OF COMPLIANCE (CC),TC,Occupancy,2022-02-18,545,57470,"TITAN SOLAR POWER NC, INC",GENERAL CONTRACTOR,85210,27511,71866.44,Cary,27511
21-05670065,SOLAR PV SYSTEM,2021-05-17,2021-04-23,CERTICATE OF COMPLIANCE (CC),CC,Occupancy,2022-07-06,471,22721,8M SOLAR,GENERAL CONTRACTOR,27587,27523,28412.69,Apex,27523
21-05680608,SOLAR PANELS ON RESIDENTIAL ROOF,2021-05-06,2021-04-23,CERTICATE OF COMPLIANCE (CC),TC,Occupancy,2021-06-23,385,6450,BLUE RAVEN SOLAR,UNLICENSED CONTRACTOR,84097,27519,8065.75,Cary,27519
21-05691778,SOLAR PANELS ON RESIDENTIAL ROOF,,2021-04-23,PLANS WITHDRAWN (PW),TC,Permit Cancelled,2021-05-27,232,4855,"TESLA ENERGY OPERATIONS, INC.",GENERAL CONTRACTOR,94538,27519,6071.2,Cary,27519
21-05701817,SOLAR PV SYSTEM,2021-05-19,2021-04-26,CERTICATE OF COMPLIANCE (CC),CC,Occupancy,2021-09-20,0,30600,"TITAN SOLAR POWER NC, INC",GENERAL CONTRACTOR,85210,27519,38265.41,Cary,27519
21-05710465,SOLAR PV SYSTEM,2021-05-17,2021-04-27,CERTICATE OF COMPLIANCE (CC),TC,Occupancy,2021-06-04,0,19458,8M SOLAR,GENERAL CONTRACTOR,27587,27513,24332.3,Cary,27513
21-05720709,SOLAR PV SYSTEM,2021-06-14,2021-04-30,CERTICATE OF COMPLIANCE (CC),TC,Occupancy,2021-06-28,0,19906,YES! SOLAR SOLUTIONS,GENERAL CONTRACTOR,27513,27511,24892.53,Cary,27511
21-05731237,SOLAR PV SYSTEM,2021-05-12,2021-04-30,CERTICATE OF COMPLIANCE (CC),TC,Occupancy,2021-06-21,0,22813,NC SOLAR NOW INC,GENERAL CONTRACTOR,27604,27519,28527.74,Cary,27519
21-05741319,SOLAR PANELS ON RESIDENTIAL ROOF,2021-06-09,2021-04-30,CERTICATE OF COMPLIANCE (CC),TC,Occupancy,2022-04-22,683,34169,NC SOLAR NOW INC,GENERAL CONTRACTOR,27604,27519,42728.46,Cary,27519
21-05750771,SOLAR PV SYSTEM,2021-06-07,2021-05-03,CERTICATE OF COMPLIANCE (CC),TC,Occupancy,2021-06-08,482,7000,COVENANT SOLAR TECH LLC,GENERAL CONTRACTOR,27704,27519,8683.91,Cary,27519
21-05761320,SOLAR PANELS ON RESIDENTIAL ROOF,2021-06-23,2021-05-06,CERTICATE OF COMPLIANCE (CC),TC,Occupancy,2021-07-16,309,11968,NC SOLAR NOW INC,GENERAL CONTRACTOR,27604,27519,14847.0,Cary,27519
21-05771424,SOLAR PANELS ON RESIDENTIAL ROOF,,2021-05-06,EXPIRED PERMIT (XP),CC,Permit Cancelled,2025-07-02,0,61375,"POWER HOME SOLAR, LLC",GENERAL CONTRACTOR,28115,27519,76139.24,Cary,27519
21-05781659,SOLAR PV SYSTEM,,2021-05-06,PLANS WITHDRAWN (PW),TC,Permit Cancelled,2023-03-24,465,9710,"TESLA ENERGY OPERATIONS, INC.",GENERAL CONTRACTOR,94538,27519,12045.82,Cary,27519
21-05790066,SOLAR PV SYSTEM,2021-05-27,2021-05-07,CERTICATE OF COMPLIANCE (CC),TC,Occupancy,2021-07-02,0,27418,8M SOLAR,GENERAL CONTRACTOR,27587,27519,34013.62,Cary,27519
21-05800211,SOLAR PV SYSTEM,2021-05-20,2021-05-07,CERTICATE OF COMPLIANCE (CC),TC,Occupancy,2021-06-11,0,24871,8M SOLAR,GENERAL CONTRACTOR,27587,27539,30853.92,Apex,27539
21-05810897,SOLAR PV SYSTEM,2021-09-01,2021-05-07,CERTICATE OF COMPLIANCE (CC),TC,Occupancy,2021-09-20,0,13680,BLACK CAT SOLAR INC,GENERAL CONTRACTOR,28115,27511,16970.83,Cary,27511
21-05821321,SOLAR PV SYSTEM,2021-06-17,2021-05-07,CERTICATE OF COMPLIANCE (CC),TC,Occupancy,2021-06-22,0,18200,NC SOLAR NOW INC,GENERAL CONTRACTOR,27604,27513,22578.15,Cary,27513
21-05831660,SOLAR PV SYSTEM,2021-05-17,2021-05-07,CERTICATE OF COMPLIANCE (CC),TC,Occupancy,2021-11-19,0,9710,"TESLA ENERGY OPERATIONS, INC.",GENERAL CONTRACTOR,94538,27519,12045.82,Cary,27519
21-05841683,SOLAR PV SYSTEM,2021-06-03,2021-05-07,CERTICATE OF COMPLIANCE (CC),TC,Occupancy,2022-08-01,0,9710,"TESLA ENERGY OPERATIONS, INC.",GENERAL CONTRACTOR,94538,27519,12045.82,Cary,27519
21-05850266,SOLAR PV SYSTEM,2021-05-27,2021-05-10,CERTICATE OF COMPLIANCE (CC),TC,Occupancy,2021-06-21,0,0,8M SOLAR,GENERAL CONTRACTOR,27587,27513,0.0,Cary,27513
21-05861787,SOLAR PV SYSTEM,,2021-05-10,REJECTED (RJ),TC,Permit Cancelled,2021-05-17,0,14565,"TESLA ENERGY OPERATIONS, INC.",GENERAL CONTRACTOR,94538,27519,18068.73,Cary,27519
21-05871210,SOLAR PV SYSTEM,2021-06-02,2021-05-11,CERTICATE OF COMPLIANCE (CC),TC,Occupancy,2021-06-04,0,17000,NC SOLAR NOW INC,GENERAL CONTRACTOR,27604,27519,21089.49,Cary,27519
21-05881802,SOLAR PANELS,2021-06-04,2021-05-11,CERTICATE OF COMPLIANCE (CC),TC,Occupancy,2022-02-28,719,79647,"TITAN SOLAR POWER NC, INC",GENERAL CONTRACTOR,85210,27511,98806.72,Cary,27511
21-05891429,SOLAR PANELS,2021-07-07,2021-05-13,CERTICATE OF COMPLIANCE (CC),TC,Occupancy,2021-10-12,0,21988,PURE ENERGY LLC,GENERAL CONTRACTOR,85284,27518,27277.39,Cary,27518
21-05901147,SOLAR PV SYSTEM,2021-06-04,2021-05-14,CERTICATE OF COMPLIANCE (CC),TC,Occupancy,2021-06-07,0,13890,NC SOLAR NOW INC,GENERAL CONTRACTOR,27604,27519,17231.35,Cary,27519
21-05911161,SOLAR PV SYSTEM,2021-06-02,2021-05-14,CERTICATE OF COMPLIANCE (CC),TC,Occupancy,2021-06-04,0,20618,NC SOLAR NOW INC,GENERAL CONTRACTOR,27604,27519,25577.82,Cary,27519
21-05921572,SOLAR PV SYSTEM,2021-05-27,2021-05-17,CERTICATE OF COMPLIANCE (CC),TC,Occupancy,2021-07-16,0,23004,SOUTHERN ENERGY MANAGEMENT,GENERAL CONTRACTOR,27617,27518,28537.8,Cary,27518
21-05931050,SOLAR PV SYSTEM,2021-06-02,2021-05-18,CERTICATE OF COMPLIANCE (CC),TC,Occupancy,2021-06-21,0,15148,NC SOLAR NOW INC,GENERAL CONTRACTOR,27604,27519,18791.97,Cary,27519
21-05940591,SOLAR PV SYSTEM,2021-06-30,2021-05-19,CERTICATE OF COMPLIANCE (CC),TC,Occupancy,2021-07-02,0,9969,BLUE RAVEN SOLAR,UNLICENSED CONTRACTOR,84097,27519,12367.12,Cary,27519
21-05951960,ADDING 6 MORE PANEL TO EXISTING PV SYSTEM,,2021-05-19,PLANS WITHDRAWN (PW),TC,Permit Cancelled,2021-06-30,0,6000,,,,27519,7443.35,Cary,27519
21-05960187,SOLAR PV SYSTEM,2021-05-28,2021-05-20,CERTICATE OF COMPLIANCE (CC),TC,Occupancy,2021-06-21,0,22440,8M SOLAR,GENERAL CONTRACTOR,27587,27519,27838.12,Cary,27519
21-05970579,SOLAR PV SYSTEM,2021-06-29,2021-05-20,CERTICATE OF COMPLIANCE (CC),TC,Occupancy,2021-07-01,0,4691,BLUE RAVEN SOLAR,UNLICENSED CONTRACTOR,84097,27519,5819.46,Cary,27519
21-05980609,SOLAR PV SYSTEM,2021-06-04,2021-05-21,CERTICATE OF COMPLIANCE (CC),TC,Occupancy,2021-09-01,0,5277,BLUE RAVEN SOLAR,UNLICENSED CONTRACTOR,84097,27511,6546.42,Cary,27511
21-05990592,SOLAR PV SYSTEM,2021-06-30,2021-05-24,CERTICATE OF COMPLIANCE (CC),TC,Occupancy,2021-10-06,0,3726,BLUE RAVEN SOLAR,UNLICENSED CONTRACTOR,84097,27519,4622.32,Cary,27519
21-06001276,ADD 3 PANELS TO EXISTING SOLAR PV SYSTEM,2021-06-14,2021-05-24,CERTICATE OF COMPLIANCE (CC),CC,Occupancy,2021-06-16,0,2357,NC SOLAR NOW INC,GENERAL CONTRACTOR,27604,27519,2924.0,Cary,27519
21-06011969,SOLAR PV SYSTEM,,2021-05-24,EXPIRED APPLICATION (XA),TC,Permit Cancelled,2023-01-19,0,0,,,,27513,0.0,Cary,27513
21-06020466,SOLAR PV SYSTEM,2021-06-02,2021-05-25,CERTICATE OF COMPLIANCE (CC),TC,Occupancy,2021-07-01,0,20468,8M SOLAR,GENERAL CONTRACTOR,27587,27518,25391.74,Cary,27518
21-06030467,SOLAR PV SYSTEM,2021-06-09,2021-05-25,CERTICATE OF COMPLIANCE (CC),TC,Occupancy,2021-07-02,0,17520,8M SOLAR,GENERAL CONTRACTOR,27587,27513,21734.58,Cary,27513
21-06040626,SOLAR PV SYSTEM,2021-06-29,2021-05-25,CERTICATE OF COMPLIANCE (CC),TC,Occupancy,2021-07-12,0,3383,BLUE RAVEN SOLAR,UNLICENSED CONTRACTOR,84097,27519,4196.81,Cary,27519
21-06051162,SOLAR PV SYSTEM,2021-07-14,2021-05-25,CERTICATE OF COMPLIANCE (CC),TC,Occupancy,2021-07-29,0,34321,NC SOLAR NOW INC,GENERAL CONTRACTOR,27604,27519,42577.19,Cary,27519
21-06061513,SOLAR PV SYSTEM,2021-06-02,2021-05-25,CERTICATE OF COMPLIANCE (CC),TC,Occupancy,2021-08-05,0,29797,SOUTHERN ENERGY MANAGEMENT,GENERAL CONTRACTOR,27617,27519,36964.91,Cary,27519
21-06071810,SOLAR PANELS,2022-01-31,2021-05-25,CERTICATE OF COMPLIANCE (CC),TC,Occupancy,2022-02-21,620,69820,"TITAN SOLAR POWER NC, INC",GENERAL CONTRACTOR,85210,27513,86615.76,Cary,27513
21-06080524,SOLAR PV SYSTEM,2021-12-22,2021-05-26,CERTICATE OF COMPLIANCE (CC),TC,Occupancy,2022-01-14,0,15590,"AVOLTA POWER, INC.",UNLICENSED CONTRACTOR,84097,27513,19340.3,Cary,27513
21-06091670,SOLAR PV SYSTEM,2021-06-04,2021-05-26,CERTICATE OF COMPLIANCE (CC),TC,Occupancy,2021-11-19,0,4855,"TESLA ENERGY OPERATIONS, INC.",GENERAL CONTRACTOR,94538,27519,6022.91,Cary,27519
21-06101811,SOLAR INSTALLATION 20 PANELS,2021-08-27,2021-05-26,CERTICATE OF COMPLIANCE (CC),TC,Occupancy,2021-08-30,496,61586,"TITAN SOLAR POWER NC, INC",GENERAL CONTRACTOR,85210,27513,76401.0,Cary,27513
21-06110679,SOLAR PANELS,2021-05-28,2021-05-27,PLANS WITHDRAWN (PW),TC,Permit Cancelled,2021-06-14,368,29781,CAPE FEAR SOLAR SYSTEMS,GENERAL CONTRACTOR,28401,27560,36945.06,Morrisville,27560
21-06121753,SOLAR PV SYSTEM,2021-06-17,2021-05-27,CERTICATE OF COMPLIANCE (CC),TC,Occupancy,2022-06-24,0,36165,"TESLA ENERGY OPERATIONS, INC.",GENERAL CONTRACTOR,94538,27513,44864.78,Cary,27513
21-06131779,SOLAR PV SYSTEM,2021-09-30,2021-05-27,CERTICATE OF COMPLIANCE (CC),TC,Occupancy,2022-01-20,0,48220,"TESLA ENERGY OPERATIONS, INC.",GENERAL CONTRACTOR,94538,27513,59819.7,Cary,27513
21-06141788,SOLAR PV SYSTEM,,2021-05-27,PLANS WITHDRAWN (PW),TC,Permit Cancelled,2023-03-24,0,14565,"TESLA ENERGY OPERATIONS, INC.",GENERAL CONTRACTOR,94538,27518,18068.73,Cary,27518
21-06150523,SOLAR PANELS ON RESIDENTIAL ROOF,2021-07-14,2021-05-28,CERTICATE OF COMPLIANCE (CC),TC,Occupancy,2022-01-24,0,9788,"AVOLTA POWER, INC.",UNLICENSED CONTRACTOR,84097,27519,12142.58,Cary,27519
21-06160677,SOLAR PANELS,2021-08-10,2021-05-28,CERTICATE OF COMPLIANCE (CC),TC,Occupancy,2021-09-27,718,111769,CAPE FEAR SOLAR SYSTEMS,GENERAL CONTRACTOR,28401,27519,138655.92,Cary,27519
21-06170539,SOLAR PV SYSTEM,2021-09-13,2021-06-02,CERTICATE OF COMPLIANCE (CC),TC,Occupancy,2021-11-03,0,10875,"BELLO SOLAR ENERGY, LLC",GENERAL CONTRACTOR,84097,27513,13366.88,Cary,27513
21-06180746,SOLAR PV SYSTEM,2021-06-22,2021-06-02,CERTICATE OF COMPLIANCE (CC),TC,Occupancy,2021-07-19,0,36964,YES! SOLAR SOLUTIONS,GENERAL CONTRACTOR,27513,27519,45433.87,Cary,27519
21-06191077,SOLAR PV SYSTEM,2021-06-09,2021-06-03,CERTICATE OF COMPLIANCE (CC),TC,Occupancy,2021-07-16,0,13916,NC SOLAR NOW INC,GENERAL CONTRACTOR,27604,27519,17104.69,Cary,27519
21-06201740,SOLAR PV SYSTEM,,2021-06-03,PLANS WITHDRAWN (PW),TC,Permit Cancelled,2022-05-25,0,9710,"TESLA ENERGY OPERATIONS, INC.",GENERAL CONTRACTOR,94538,27539,11934.93,Apex,27539
21-06210534,SOLAR PANELS ON RESIDENTIAL ROOF,2021-08-27,2021-06-04,CERTICATE OF COMPLIANCE (CC),TC,Occupancy,2022-01-19,0,21750,"AVOLTA POWER, INC.",UNLICENSED CONTRACTOR,84097,27519,26733.76,Cary,27519
21-06220363,SOLAR PV SYSTEM,2021-06-16,2021-06-07,CERTICATE OF COMPLIANCE (CC),TC,Occupancy,2021-07-13,0,17739,8M SOLAR,GENERAL CONTRACTOR,27587,27513,21803.69,Cary,27513
21-06230531,SOLAR PANELS ON RESIDENTIAL ROOF,,2021-06-07,PLANS WITHDRAWN (PW),TC,Permit Cancelled,2022-11-21,0,8156,"AVOLTA POWER, INC.",UNLICENSED CONTRACTOR,84097,27519,10024.85,Cary,27519
21-06240659,SOLAR PV SYSTEM,2022-08-15,2021-06-08,CERTICATE OF COMPLIANCE (CC),TC,Occupancy,2022-09-13,0,5277,BLUE RAVEN SOLAR,UNLICENSED CONTRACTOR,84097,27519,6486.16,Cary,27519
21-06250893,SOLAR PANELS ON RESIDENTIAL ROOF,2021-09-14,2021-06-08,CERTICATE OF COMPLIANCE (CC),CC,Occupancy,2022-04-14,4045,53225,"MARC JONES CONSTRUCTION, LLC",GENERAL CONTRACTOR,70433,27519,65420.89,Cary,27519
21-06261011,SOLAR PV SYSTEM,2021-07-14,2021-06-09,CERTICATE OF COMPLIANCE (CC),TC,Occupancy,2021-07-19,0,14076,NC SOLAR NOW INC,GENERAL CONTRACTOR,27604,27519,17301.35,Cary,27519
21-06270525,SOLAR PANELS ON RESIDENTIAL ROOF,2021-12-10,2021-06-10,CERTICATE OF COMPLIANCE (CC),TC,Occupancy,2021-12-28,234,8351,"AVOLTA POWER, INC.",UNLICENSED CONTRACTOR,84097,27511,10264.54,Cary,27511
21-06280538,SOLAR PV SYSTEM,2021-10-13,2021-06-10,CERTICATE OF COMPLIANCE (CC),TC,Occupancy,2021-10-18,0,12528,"BELLO SOLAR ENERGY, LLC",GENERAL CONTRACTOR,84097,27519,15398.65,Cary,27519
21-06290526,SOLAR PANELS ON RESIDENTIAL ROOF,2021-09-28,2021-06-11,CERTICATE OF COMPLIANCE (CC),TC,Occupancy,2022-02-11,221,6032,"AVOLTA POWER, INC.",UNLICENSED CONTRACTOR,84097,27513,7414.16,Cary,27513
21-06301794,SOLAR PANELS ON RESIDENTIAL ROOF,2021-08-09,2021-06-11,CERTICATE OF COMPLIANCE (CC),TC,Occupancy,2021-09-02,714,21300,"TITAN SOLAR POWER NC, INC",GENERAL CONTRACTOR,85210,27519,26180.65,Cary,27519
21-06311780,SOLAR PV SYSTEM,,2021-06-14,PLANS WITHDRAWN (PW),TC,Permit Cancelled,2023-03-24,0,16910,"TESLA ENERGY OPERATIONS, INC.",GENERAL CONTRACTOR,94538,27519,20784.73,Cary,27519
21-06320532,SOLAR PV SYSTEM,2021-12-20,2021-06-15,CERTICATE OF COMPLIANCE (CC),TC,Occupancy,2022-04-16,0,10672,"AVOLTA POWER, INC.",UNLICENSED CONTRACTOR,84097,27511,13117.37,Cary,27511
21-06330212,SOLAR PV SYSTEM,2021-06-25,2021-06-21,CERTICATE OF COMPLIANCE (CC),TC,Occupancy,2021-07-19,0,24480,8M SOLAR,GENERAL CONTRACTOR,27587,27513,30089.31,Cary,27513
21-06340311,SOLAR PV SYSTEM,2021-06-25,2021-06-21,CERTICATE OF COMPLIANCE (CC),TC,Occupancy,2021-07-14,0,13986,8M SOLAR,GENERAL CONTRACTOR,27587,27607,17190.73,Cary,27513
21-06350312,SOLAR PV SYSTEM,2021-07-27,2021-06-21,CERTICATE OF COMPLIANCE (CC),TC,Occupancy,2021-09-14,0,21977,8M SOLAR,GENERAL CONTRACTOR,27587,27519,27012.78,Cary,27519
21-06360364,SOLAR PV SYSTEM,2021-06-25,2021-06-21,CERTICATE OF COMPLIANCE (CC),TC,Occupancy,2021-07-29,0,25458,8M SOLAR,GENERAL CONTRACTOR,27587,27518,31291.41,Cary,27518
21-06370593,SOLAR PV SYSTEM,2021-07-08,2021-06-21,CERTICATE OF COMPLIANCE (CC),TC,Occupancy,2021-10-06,0,10149,BLUE RAVEN SOLAR,UNLICENSED CONTRACTOR,84097,27519,12474.53,Cary,27519
21-06380742,SOLAR PV SYSTEM,2021-08-11,2021-06-21,CERTICATE OF COMPLIANCE (CC),TC,Occupancy,2021-09-09,0,46063,YES! SOLAR SOLUTIONS,GENERAL CONTRACTOR,27513,27518,56617.8,Cary,27518
21-06390895,SOLAR PANELS,2021-09-01,2021-06-21,CERTICATE OF COMPLIANCE (CC),TC,Occupancy,2021-09-02,540,22320,BLACK CAT SOLAR INC,GENERAL CONTRACTOR,28115,27519,27434.37,Cary,27519
21-06401078,SOLAR PV SYSTEM,2021-07-21,2021-06-21,CERTICATE OF COMPLIANCE (CC),TC,Occupancy,2021-07-23,0,26770,NC SOLAR NOW INC,GENERAL CONTRACTOR,27604,27513,32904.04,Cary,27513
21-06411471,SOLAR PV SYSTEM,2021-07-21,2021-06-22,CERTICATE OF COMPLIANCE (CC),TC,Occupancy,2021-08-24,0,5400,"SIGORA SOLAR, LLC",GENERAL CONTRACTOR,22901,27539,6637.35,Apex,27539
21-06421012,SOLAR PV SYSTEM,2021-07-16,2021-06-24,CERTICATE OF COMPLIANCE (CC),TC,Occupancy,2021-07-21,0,14830,NC SOLAR NOW INC,GENERAL CONTRACTOR,27604,27513,18228.12,Cary,27513
21-06431211,SOLAR PV SYSTEM,2021-07-12,2021-06-25,CERTICATE OF COMPLIANCE (CC),TC,Occupancy,2021-07-20,0,10103,NC SOLAR NOW INC,GENERAL CONTRACTOR,27604,27519,12417.99,Cary,27519
21-06440097,SOLAR PANELS ON RESIDENTIAL ROOF,2021-07-14,2021-06-29,CERTICATE OF COMPLIANCE (CC),TC,Occupancy,2021-08-10,0,23812,8M SOLAR,GENERAL CONTRACTOR,27587,27519,29268.24,Cary,27519
21-06450313,SOLAR PV SYSTEM,2021-07-16,2021-06-29,CERTICATE OF COMPLIANCE (CC),TC,Occupancy,2021-10-13,0,23812,8M SOLAR,GENERAL CONTRACTOR,27587,27513,29268.24,Cary,27513
21-06461797,SOLAR PV SYSTEM,2022-01-11,2021-06-29,CERTICATE OF COMPLIANCE (CC),TC,Occupancy,2022-01-12,0,13320,"TITAN SOLAR POWER NC, INC",GENERAL CONTRACTOR,85210,27519,16372.12,Cary,27519
21-06470147,SOLAR PV SYSTEM,2021-07-20,2021-07-01,CERTICATE OF COMPLIANCE (CC),TC,Occupancy,2021-07-03,0,20349,8M SOLAR,GENERAL CONTRACTOR,27587,27519,24891.99,Cary,27519
21-06480528,RESIDENTIAL SOLAR PANELS ON ROOF,2021-07-07,2021-07-01,CERTICATE OF COMPLIANCE (CC),TC,Occupancy,2022-02-03,950,9280,"AVOLTA POWER, INC.",UNLICENSED CONTRACTOR,84097,27513,11351.8,Cary,27513
21-06490490,SOLAR PANELS ON RESIDENTIAL ROOF,2021-09-07,2021-07-02,CERTICATE OF COMPLIANCE (CC),TC,Occupancy,2022-11-01,0,62939,"MARC JONES CONSTRUCTION, LLC",GENERAL CONTRACTOR,70433,27519,76990.38,Cary,27519
21-06500314,SOLAR PANELS ON RESIDENTIAL ROOF,2021-08-12,2021-07-06,CERTICATE OF COMPLIANCE (CC),CC,Occupancy,2021-08-17,1034,43142,8M SOLAR,GENERAL CONTRACTOR,27587,27519,52773.62,Cary,27519
21-06510610,SOLAR PANELS,,2021-07-09,PLANS WITHDRAWN (PW),TC,Permit Cancelled,2021-10-12,0,6432,BLUE RAVEN SOLAR,UNLICENSED CONTRACTOR,84097,27519,7867.97,Cary,27519
21-06521322,SOLAR PANELS,2021-08-09,2021-07-09,CERTICATE OF COMPLIANCE (CC),TC,Occupancy,2021-08-11,0,15200,NC SOLAR NOW INC,GENERAL CONTRACTOR,27604,27513,18593.46,Cary,27513
21-06530213,SOLAR PV SYSTEM,2021-08-11,2021-07-12,CERTICATE OF COMPLIANCE (CC),TC,Occupancy,2021-08-17,0,22732,8M SOLAR,GENERAL CONTRACTOR,27511,27513,27807.01,Cary,27513
21-06540877,SOLAR PANELS,2021-08-16,2021-07-15,CERTICATE OF COMPLIANCE (CC),TC,Occupancy,2021-12-09,0,8104,ION DEVELOPER LLC,UNLICENSED CONTRACTOR,84604,27560,9913.25,Morrisville,27560
21-06550543,SOLAR PV SYSTEM,2021-08-02,2021-07-19,CERTICATE OF COMPLIANCE (CC),TC,Occupancy,2022-05-27,0,7443,BLUE RAVEN SOLAR,UNLICENSED CONTRACTOR,84097,27519,9104.68,Cary,27519
21-06560544,SOLAR PV SYSTEM,2021-08-02,2021-07-19,CERTICATE OF COMPLIANCE (CC),TC,Occupancy,2021-09-13,0,2706,BLUE RAVEN SOLAR,UNLICENSED CONTRACTOR,84097,27513,3310.13,Cary,27513
21-06570615,SOLAR PV SYSTEM,2021-08-02,2021-07-19,CERTICATE OF COMPLIANCE (CC),TC,Occupancy,2021-10-06,0,4059,BLUE RAVEN SOLAR,UNLICENSED CONTRACTOR,84097,27513,4965.19,Cary,27513
21-06581163,SOLAR PANELS ON RESIDENTIAL ROOF,2021-07-27,2021-07-19,CERTICATE OF COMPLIANCE (CC),TC,Occupancy,2021-07-30,0,26128,NC SOLAR NOW INC,GENERAL CONTRACTOR,27604,27519,31961.18,Cary,27519
21-06591671,SOLAR PV SYSTEM,2022-01-07,2021-07-20,CERTICATE OF COMPLIANCE (CC),TC,Occupancy,2022-02-16,0,37259,"TESLA ENERGY OPERATIONS, INC.",GENERAL CONTRACTOR,94538,27513,45577.22,Cary,27513
21-06600529,SOLAR PANELS ON RESIDENTIAL ROOF,2021-12-10,2021-07-27,CERTICATE OF COMPLIANCE (CC),TC,Occupancy,2021-12-15,309,20553,"AVOLTA POWER, INC.",UNLICENSED CONTRACTOR,84097,27511,25141.54,Cary,27511
21-06611430,RESIDENTIAL SOLAR PANELS ON ROOF,2021-09-27,2021-07-27,CERTICATE OF COMPLIANCE (CC),TC,Occupancy,2021-10-04,0,17916,PURE ENERGY LLC,GENERAL CONTRACTOR,85284,27519,21915.82,Cary,27519
21-06621644,SOLAR PANELS ON RESIDENTIAL ROOF,,2021-07-27,EXPIRED APPLICATION (XA),TC,Permit Cancelled,2022-12-22,465,16910,"TESLA ENERGY OPERATIONS, INC.",GENERAL CONTRACTOR,94538,27519,20685.22,Cary,27519
21-06631672,SOLAR PV SYSTEM,2021-11-17,2021-07-29,CERTICATE OF COMPLIANCE (CC),TC,Occupancy,2022-04-27,0,38011,"TESLA ENERGY OPERATIONS, INC.",GENERAL CONTRACTOR,94538,27519,46497.11,Cary,27519
21-06641812,SOLAR PV SYSTEM,,2021-07-30,PLANS WITHDRAWN (PW),TC,Permit Cancelled,2022-08-18,0,14200,"TITAN SOLAR POWER NC, INC",GENERAL CONTRACTOR,85210,27519,17370.21,Cary,27519
21-06651684,SOLAR PANELS ON RESIDENTIAL ROOF,2021-08-12,2021-08-03,PERMIT ISSUED (PI),TC,Permit Issued,2021-08-18,388,17315,"TESLA ENERGY OPERATIONS, INC.",GENERAL CONTRACTOR,94538,27519,21136.98,Cary,27519
21-06660098,SOLAR PANELS ON RESIDENTIAL ROOF,2021-08-17,2021-08-04,CERTICATE OF COMPLIANCE (CC),TC,Occupancy,2021-08-25,501,19532,8M SOLAR,GENERAL CONTRACTOR,27587,27519,23843.34,Cary,27519
21-06671277,Solar PV System,2021-08-12,2021-08-04,CERTICATE OF COMPLIANCE (CC),TC,Occupancy,2021-08-30,0,17994,NC SOLAR NOW INC,GENERAL CONTRACTOR,27604,27519,21965.85,Cary,27519
21-06680527,SOLAR PANELS ON RESIDENTIAL ROOF,,2021-08-06,PLANS WITHDRAWN (PW),TC,Permit Cancelled,2022-02-21,370,20553,"AVOLTA POWER, INC.",UNLICENSED CONTRACTOR,84097,27519,25089.71,Cary,27519
21-06691051,SOLAR PANELS ON RESIDENTIAL ROOF,2021-08-12,2021-08-09,CERTICATE OF COMPLIANCE (CC),TC,Occupancy,2021-09-15,386,13940,NC SOLAR NOW INC,GENERAL CONTRACTOR,27604,27519,17017.0,Cary,27519
21-06701491,SOLAR PANELS ON RESIDENTIAL ROOF,2021-08-19,2021-08-09,CERTICATE OF COMPLIANCE (CC),TC,Occupancy,2021-10-06,429,22130,SOUTHERN ENERGY MANAGEMENT,GENERAL CONTRACTOR,27617,27519,27014.8,Cary,27519
21-06710530,SOLAR PANELS ON RESIDENTIAL ROOF,,2021-08-10,EXPIRED APPLICATION (XA),TC,Permit Cancelled,2023-03-31,327,8352,"AVOLTA POWER, INC.",UNLICENSED CONTRACTOR,84097,27511,10195.55,Cary,27511
21-06720896,SOLAR PV SYSTEM,2021-09-24,2021-08-12,CERTICATE OF COMPLIANCE (CC),TC,Occupancy,2021-10-04,0,13000,BLACK CAT SOLAR INC,GENERAL CONTRACTOR,28115,27518,15869.52,Cary,27518
21-06731164,SOLAR PV SYSTEM,2021-08-20,2021-08-17,CERTICATE OF COMPLIANCE (CC),TC,Occupancy,2021-10-18,0,50478,NC SOLAR NOW INC,GENERAL CONTRACTOR,27604,27519,61620.11,Cary,27519
21-06740889,SOLAR PV SYSTEM,2021-08-30,2021-08-20,CERTICATE OF COMPLIANCE (CC),TC,Occupancy,2022-01-05,0,39836,"KENNETH RAY GODWIN, JR.",GENERAL CONTRACTOR,27540,27539,48629.08,Apex,27539
21-06751079,SOLAR PV SYSTEM,2021-09-02,2021-08-20,CERTICATE OF COMPLIANCE (CC),TC,Occupancy,2021-09-07,0,15695,NC SOLAR NOW INC,GENERAL CONTRACTOR,27604,27519,19159.39,Cary,27519
21-06761377,SOLAR PV SYSTEM,2021-08-27,2021-08-20,CERTICATE OF COMPLIANCE (CC),TC,Occupancy,2021-11-30,0,0,OWNER (GENERAL),GENERAL CONTRACTOR,27519,27511,0.0,Cary,27511
21-06771941,SOLAR PANELS,2021-09-29,2021-08-20,CERTICATE OF COMPLIANCE (CC),TC,Occupancy,2021-10-08,350,17936,YES! SOLAR SOLUTIONS,GENERAL CONTRACTOR,27513,27513,21895.05,Cary,27513
21-06780689,SOLAR PANELS ON RESIDENTIAL ROOF,2021-09-22,2021-08-25,CERTICATE OF COMPLIANCE (CC),TC,Occupancy,2021-10-15,332,23341,CAPE FEAR SOLAR SYSTEMS,GENERAL CONTRACTOR,28401,27519,28493.11,Cary,27519
21-06791278,ADD 6 MODULES TO EXISTING SOLAR PV,2021-09-14,2021-08-26,CERTICATE OF COMPLIANCE (CC),TC,Occupancy,2022-07-28,503,4080,NC SOLAR NOW INC,GENERAL CONTRACTOR,27604,27519,4980.59,Cary,27519
21-06801323,SOLAR PANELS ON RESIDENTIAL ROOF,2021-09-09,2021-08-30,CERTICATE OF COMPLIANCE (CC),TC,Occupancy,2021-09-28,174,15300,NC SOLAR NOW INC,GENERAL CONTRACTOR,27604,27513,18677.2,Cary,27513
21-06811685,SOLAR PANELS ON RESIDENTIAL ROOF,2021-09-09,2021-08-30,CERTICATE OF COMPLIANCE (CC),TC,Occupancy,2021-12-01,388,24600,"TESLA ENERGY OPERATIONS, INC.",GENERAL CONTRACTOR,94538,27519,30030.01,Cary,27519
21-06821720,SOLAR PANELS ON RESIDENTIAL ROOF,,2021-08-30,PLANS WITHDRAWN (PW),TC,Permit Cancelled,2023-10-26,388,24515,"TESLA ENERGY OPERATIONS, INC.",GENERAL CONTRACTOR,94538,27519,29926.25,Cary,27519
21-06831645,SOLAR PANELS,,2021-09-01,EXPIRED APPLICATION (XA),TC,Permit Cancelled,2023-03-31,388,17200,"TESLA ENERGY OPERATIONS, INC.",GENERAL CONTRACTOR,94538,27513,20939.72,Cary,27513
21-06841806,SOLAR PV SYSTEM,2022-10-05,2021-09-02,CERTICATE OF COMPLIANCE (CC),TC,Occupancy,2023-09-20,0,14800,"TITAN SOLAR POWER NC, INC",GENERAL CONTRACTOR,85210,27519,18017.9,Cary,27519
21-06850021,SOLAR PV SYSTEM,2021-09-13,2021-09-07,CERTICATE OF COMPLIANCE (CC),TC,Occupancy,2021-09-24,0,11400,8M SOLAR,GENERAL CONTRACTOR,27587,27519,13878.65,Cary,27519
21-06860099,SOLAR PV SYSTEM,2021-09-13,2021-09-07,CERTICATE OF COMPLIANCE (CC),TC,Occupancy,2021-09-29,0,22000,8M SOLAR,GENERAL CONTRACTOR,27587,27607,26783.36,Cary,27513
21-06870782,SOLAR PANELS ON RESIDENTIAL ROOF,2021-11-12,2021-09-10,CERTICATE OF COMPLIANCE (CC),TC,Occupancy,2021-11-23,254,15000,"EAGLE SOLAR & LIGHT, LLC",GENERAL CONTRACTOR,35222,27513,18261.38,Cary,27513
21-06880022,SOLAR PV SYSTEM,2021-09-21,2021-09-13,CERTICATE OF COMPLIANCE (CC),TC,Occupancy,2021-10-22,0,22274,8M SOLAR,GENERAL CONTRACTOR,27587,27518,27116.94,Cary,27518
21-06890365,SOLAR PV SYSTEM,2021-09-21,2021-09-13,CERTICATE OF COMPLIANCE (CC),CC,Occupancy,2021-10-19,0,19884,8M SOLAR,GENERAL CONTRACTOR,27587,27519,24207.29,Cary,27519
21-06901279,SOLAR PV SYSTEM,2021-10-25,2021-09-14,CERTICATE OF COMPLIANCE (CC),TC,Occupancy,2021-10-28,0,32016,NC SOLAR NOW INC,GENERAL CONTRACTOR,27604,27539,38977.1,Apex,27539
21-06910600,SOLAR PV SYSTEM,2021-09-22,2021-09-15,CERTICATE OF COMPLIANCE (CC),TC,Occupancy,2022-02-23,0,3608,BLUE RAVEN SOLAR,UNLICENSED CONTRACTOR,84097,27519,4392.47,Cary,27519
21-06920611,SOLAR PV SYSTEM,,2021-09-15,PLANS WITHDRAWN (PW),TC,Permit Cancelled,2022-05-11,0,6089,BLUE RAVEN SOLAR,UNLICENSED CONTRACTOR,84097,27519,7412.9,Cary,27519
21-06930901,SOLAR PANELS ON RESIDENTIAL ROOF,2021-11-18,2021-09-16,CERTICATE OF COMPLIANCE (CC),TC,Occupancy,2021-12-16,456,17420,"MOXIE SOLAR, INC.",GENERAL CONTRACTOR,52317,27519,21207.55,Cary,27519
21-06940067,SOLAR PV SYSTEM,2021-09-23,2021-09-17,CERTICATE OF COMPLIANCE (CC),TC,Occupancy,2021-12-03,0,20350,8M SOLAR,GENERAL CONTRACTOR,27587,27519,24774.61,Cary,27519
21-06950068,SOLAR PV SYSTEM,2021-09-23,2021-09-17,CERTICATE OF COMPLIANCE (CC),TC,Occupancy,2021-10-18,0,24344,8M SOLAR,GENERAL CONTRACTOR,27587,27518,29637.01,Apex,27539
21-06961165,SOLAR PANELS ON RESIDENTIAL ROOF,2021-10-28,2021-09-21,CERTICATE OF COMPLIANCE (CC),TC,Occupancy,2021-11-03,283,14564,NC SOLAR NOW INC,GENERAL CONTRACTOR,27604,27513,17730.59,Cary,27513
21-06971646,SOLAR PV SYSTEM,2021-10-22,2021-09-21,CERTICATE OF COMPLIANCE (CC),TC,Occupancy,2022-02-02,0,29573,"TESLA ENERGY OPERATIONS, INC.",GENERAL CONTRACTOR,94538,27539,36002.93,Apex,27539
21-06981754,SOLAR PV SYSTEM,,2021-09-21,ADMINISTRATIVELY CLOSED (AC),TC,Permit Cancelled,2022-02-16,0,17315,"TESLA ENERGY OPERATIONS, INC.",GENERAL CONTRACTOR,94538,27519,21079.72,Cary,27519
21-06990214,SOLAR PV SYSTEM,2021-10-06,2021-09-23,CERTICATE OF COMPLIANCE (CC),TC,Occupancy,2021-11-10,0,23785,8M SOLAR,GENERAL CONTRACTOR,27587,27607,28956.47,Raleigh,27607
21-07001803,SOLAR PANELS ON RESIDENTIAL ROOF,,2021-09-23,PLANS WITHDRAWN (PW),TC,Permit Cancelled,2022-05-06,434,12960,"TITAN SOLAR POWER NC, INC",GENERAL CONTRACTOR,85210,27519,15777.84,Cary,27519
21-07011166,SOLAR PV SYSTEM,2021-10-25,2021-09-28,CERTICATE OF COMPLIANCE (CC),TC,Occupancy,2021-10-27,0,24730,NC SOLAR NOW INC,GENERAL CONTRACTOR,27604,27519,30106.93,Cary,27519
21-07021238,SOLAR PV SYSTEM,2021-10-25,2021-09-30,CERTICATE OF COMPLIANCE (CC),TC,Occupancy,2021-10-27,772,28560,NC SOLAR NOW INC,GENERAL CONTRACTOR,27604,27511,34769.67,Cary,27511
21-07031167,SOLAR PV SYSTEM,2021-10-20,2021-10-01,CERTICATE OF COMPLIANCE (CC),TC,Occupancy,2021-10-22,0,0,NC SOLAR NOW INC,GENERAL CONTRACTOR,27604,27539,0.0,Apex,27539
21-07040100,SOLAR PV SYSTEM,2021-10-12,2021-10-04,CERTICATE OF COMPLIANCE (CC),TC,Occupancy,2021-10-25,0,24490,8M SOLAR,GENERAL CONTRACTOR,27587,27513,29569.09,Cary,27513
21-07050023,SOLAR PV SYSTEM,2021-10-11,2021-10-05,CERTICATE OF COMPLIANCE (CC),TC,Occupancy,2021-10-22,0,22127,8M SOLAR,GENERAL CONTRACTOR,27587,27513,26716.02,Cary,27513
21-07060101,RESIDENTIAL SOLAR PANELS ON ROOF,2021-10-18,2021-10-05,CERTICATE OF COMPLIANCE (CC),TC,Occupancy,2021-10-27,866,37488,8M SOLAR,GENERAL CONTRACTOR,27587,27518,45262.8,Cary,27518
21-07070616,SOLAR PV SYSTEM,2021-10-08,2021-10-06,CERTICATE OF COMPLIANCE (CC),TC,Occupancy,2021-12-06,0,2887,BLUE RAVEN SOLAR,UNLICENSED CONTRACTOR,84097,27519,3485.75,Cary,27519
21-07080601,SOLAR PV SYSTEM,2021-10-21,2021-10-08,CERTICATE OF COMPLIANCE (CC),TC,Occupancy,2021-12-13,0,5413,BLUE RAVEN SOLAR,UNLICENSED CONTRACTOR,84097,27519,6535.63,Cary,27519
21-07091686,SOLAR PV SYSTEM,2022-02-25,2021-10-08,CERTICATE OF COMPLIANCE (CC),TC,Occupancy,2022-05-13,0,29600,"TESLA ENERGY OPERATIONS, INC.",GENERAL CONTRACTOR,94538,27523,35738.87,Cary,27519
21-07100602,SOLAR PV SYSTEM,2021-10-21,2021-10-12,CERTICATE OF COMPLIANCE (CC),TC,Occupancy,2022-03-02,0,5413,BLUE RAVEN SOLAR,UNLICENSED CONTRACTOR,84097,27519,6535.63,Cary,27519
21-07110617,SOLAR PV SYSTEM,2021-10-21,2021-10-12,CERTICATE OF COMPLIANCE (CC),TC,Occupancy,2021-11-22,0,4691,BLUE RAVEN SOLAR,UNLICENSED CONTRACTOR,84097,27519,5663.89,Cary,27519
21-07120627,SOLAR PV SYSTEM,2021-10-21,2021-10-12,CERTICATE OF COMPLIANCE (CC),TC,Occupancy,2022-01-05,0,4330,BLUE RAVEN SOLAR,UNLICENSED CONTRACTOR,84097,27519,5228.02,Cary,27519
21-07131721,SOLAR PV SYSTEM,,2021-10-12,EXPIRED APPLICATION (XA),TC,Permit Cancelled,2022-12-22,0,10100,"TESLA ENERGY OPERATIONS, INC.",GENERAL CONTRACTOR,94538,27513,12194.68,Cary,27513
21-07141168,SOLAR PV SYSTEM,2022-05-03,2021-10-13,CERTICATE OF COMPLIANCE (CC),TC,Occupancy,2022-05-12,0,19448,NC SOLAR NOW INC,GENERAL CONTRACTOR,27604,27519,23481.41,Cary,27519
21-07150102,SOLAR PV SYSTEM,2021-11-01,2021-10-14,CERTICATE OF COMPLIANCE (CC),TC,Occupancy,2021-11-30,0,16641,8M SOLAR,GENERAL CONTRACTOR,27587,27519,20092.25,Cary,27519
21-07160772,SOLAR PV SYSTEM,2022-01-25,2021-10-14,CERTICATE OF COMPLIANCE (CC),TC,Occupancy,2022-02-03,0,8000,COVENANT SOLAR TECH LLC,GENERAL CONTRACTOR,27704,27539,9659.15,Apex,27539
21-07170628,SOLAR PV SYSTEM,2021-11-18,2021-10-20,CERTICATE OF COMPLIANCE (CC),TC,Occupancy,2021-12-13,0,5413,BLUE RAVEN SOLAR,UNLICENSED CONTRACTOR,84097,27519,6535.63,Cary,27519
21-07181052,SOLAR PV SYSTEM,2021-10-28,2021-10-21,CERTICATE OF COMPLIANCE (CC),TC,Occupancy,2021-12-08,0,16500,NC SOLAR NOW INC,GENERAL CONTRACTOR,27604,27513,19922.01,Cary,27513
21-07190618,SOLAR PV SYSTEM,2022-01-12,2021-10-25,CERTICATE OF COMPLIANCE (CC),TC,Occupancy,2022-01-19,0,7939,BLUE RAVEN SOLAR,UNLICENSED CONTRACTOR,84097,27519,9585.5,Cary,27519
21-07200619,SOLAR PV SYSTEM,2022-02-24,2021-10-25,CERTICATE OF COMPLIANCE (CC),TC,Occupancy,2022-03-23,0,5413,BLUE RAVEN SOLAR,UNLICENSED CONTRACTOR,84097,27513,6535.63,Cary,27513
21-07210888,SOLAR PV SYSTEM,2021-11-30,2021-10-26,CERTICATE OF COMPLIANCE (CC),TC,Occupancy,2022-03-16,0,37743,"KENNETH RAY GODWIN, JR.",GENERAL CONTRACTOR,27540,27539,45570.69,Apex,27539
21-07221280,SOLAR PANELS ON RESIDENTIAL ROOF,2021-11-29,2021-10-26,CERTICATE OF COMPLIANCE (CC),TC,Occupancy,2021-12-01,657,24160,NC SOLAR NOW INC,GENERAL CONTRACTOR,27604,27513,29170.65,Cary,27513
21-07230366,SOLAR PV SYSTEM,2021-11-02,2021-10-27,CERTICATE OF COMPLIANCE (CC),TC,Occupancy,2021-11-12,0,25344,8M SOLAR,GENERAL CONTRACTOR,27587,27519,30600.2,Cary,27519
21-07240594,SOLAR PV SYSTEM,2022-03-31,2021-10-28,CERTICATE OF COMPLIANCE (CC),TC,Occupancy,2022-05-04,0,7939,BLUE RAVEN SOLAR,UNLICENSED CONTRACTOR,84097,27519,9585.5,Cary,27519
21-07251438,SOLAR PV SYSTEM,2021-12-06,2021-11-01,CERTICATE OF COMPLIANCE (CC),TC,Occupancy,2021-12-20,0,29500,RENU ENERGY SOLUTIONS LLC,GENERAL CONTRACTOR,28217,27519,35443.98,Cary,27519
21-07260595,SOLAR PV SYSTEM,2022-01-18,2021-11-02,CERTICATE OF COMPLIANCE (CC),TC,Occupancy,2022-02-10,0,6495,BLUE RAVEN SOLAR,UNLICENSED CONTRACTOR,84097,27519,7803.68,Cary,27519
21-07271148,SOLAR PANELS ON RESIDENTIAL ROOF,2021-12-02,2021-11-02,CERTICATE OF COMPLIANCE (CC),TC,Occupancy,2021-12-06,444,19236,NC SOLAR NOW INC,GENERAL CONTRACTOR,27604,27539,23111.88,Apex,27539
21-07280533,SOLAR PV SYSTEM,2021-11-12,2021-11-03,CERTICATE OF COMPLIANCE (CC),TC,Occupancy,2022-06-13,0,5981,"AVOLTA POWER, INC.",UNLICENSED CONTRACTOR,84097,27511,7186.12,Cary,27511
21-07291324,SOLAR PV SYSTEM,2021-12-06,2021-11-03,CERTICATE OF COMPLIANCE (CC),TC,Occupancy,2021-12-09,0,28941,NC SOLAR NOW INC,GENERAL CONTRACTOR,27604,27519,34772.35,Cary,27519
21-07301080,SOLAR PV SYSTEM,2021-11-22,2021-11-10,CERTICATE OF COMPLIANCE (CC),TC,Occupancy,2021-11-29,0,29547,NC SOLAR NOW INC,GENERAL CONTRACTOR,27604,27560,35500.45,Morrisville,27560
21-07311149,SOLAR PV SYSTEM,2021-11-29,2021-11-10,CERTICATE OF COMPLIANCE (CC),TC,Occupancy,2021-12-01,0,26618,NC SOLAR NOW INC,GENERAL CONTRACTOR,27604,27519,31981.29,Cary,27519
21-07320545,SOLAR PV SYSTEM,,2021-11-12,PLANS WITHDRAWN (PW),TC,Permit Cancelled,2022-05-11,420,8661,BLUE RAVEN SOLAR,UNLICENSED CONTRACTOR,84097,27519,10406.11,Cary,27519
21-07330581,SOLAR PV SYSTEM,2021-11-18,2021-11-12,CERTICATE OF COMPLIANCE (CC),TC,Occupancy,2022-03-28,0,4608,BLUE RAVEN SOLAR,UNLICENSED CONTRACTOR,84097,27519,5536.47,Cary,27519
21-07341081,SOLAR PV SYSTEM,2021-11-23,2021-11-12,CERTICATE OF COMPLIANCE (CC),TC,Occupancy,2021-12-15,874,32912,NC SOLAR NOW INC,GENERAL CONTRACTOR,27604,27513,39543.47,Cary,27513
21-07351961,SOLAR PV SYSTEM,,2021-11-12,EXPIRED APPLICATION (XA),TC,Permit Cancelled,2023-08-02,4434,105600,,,,27519,126877.44,Cary,27519
21-07361707,SOLAR PV SYSTEM,2022-03-03,2021-11-15,CERTICATE OF COMPLIANCE (CC),TC,Occupancy,2022-03-17,0,5100,"TESLA ENERGY OPERATIONS, INC.",GENERAL CONTRACTOR,94538,27519,6127.6,Cary,27519
21-07370267,SOLAR PV SYSTEM,2021-11-29,2021-11-16,CERTICATE OF COMPLIANCE (CC),TC,Occupancy,2021-12-13,0,26508,8M SOLAR,GENERAL CONTRACTOR,27587,27519,31849.12,Cary,27519
21-07380775,SOLAR PV SYSTEM,2022-03-28,2021-11-16,CERTICATE OF COMPLIANCE (CC),TC,Occupancy,2022-05-02,0,8000,COVENANT SOLAR TECH LLC,GENERAL CONTRACTOR,27704,27519,9611.93,Cary,27519
21-07391814,SOLAR PV SYSTEM,2021-11-23,2021-11-16,CERTICATE OF COMPLIANCE (CC),TC,Occupancy,2022-07-29,0,9620,"TITAN SOLAR POWER NC, INC",GENERAL CONTRACTOR,85210,27513,11558.34,Cary,27513
21-07400103,SOLAR PV SYSTEM,2021-11-29,2021-11-22,CERTICATE OF COMPLIANCE (CC),TC,Occupancy,2021-12-16,0,14400,8M SOLAR,GENERAL CONTRACTOR,27587,27519,17301.47,Cary,27519
21-07411492,SOLAR PV SYSTEM,2021-12-20,2021-11-22,CERTICATE OF COMPLIANCE (CC),TC,Occupancy,2022-01-10,0,28800,SOUTHERN ENERGY MANAGEMENT,GENERAL CONTRACTOR,27617,27519,34602.94,Cary,27519
21-07421553,SOLAR PV SYSTEM,2021-12-20,2021-11-22,CERTICATE OF COMPLIANCE (CC),TC,Occupancy,2021-12-29,0,22500,SOUTHERN ENERGY MANAGEMENT,GENERAL CONTRACTOR,27617,27511,27033.55,Cary,27511
21-07430215,SOLAR PV SYSTEM,2022-05-27,2021-11-23,CERTICATE OF COMPLIANCE (CC),TC,Occupancy,2022-08-01,0,14326,8M SOLAR,GENERAL CONTRACTOR,27587,27518,17212.56,Cary,27518
21-07440612,SOLAR PV SYSTEM,2022-02-15,2021-11-23,CERTICATE OF COMPLIANCE (CC),TC,Occupancy,2022-04-01,0,6857,BLUE RAVEN SOLAR,UNLICENSED CONTRACTOR,84097,27518,8238.62,Cary,27518
21-07450694,SOLAR PV SYSTEM,2021-12-02,2021-11-23,CERTICATE OF COMPLIANCE (CC),TC,Occupancy,2021-12-15,0,32613,YES! SOLAR SOLUTIONS,GENERAL CONTRACTOR,27513,27511,39184.22,Cary,27511
21-07461325,SOLAR PV SYSTEM,2021-12-16,2021-11-23,CERTICATE OF COMPLIANCE (CC),TC,Occupancy,2021-12-22,0,14614,NC SOLAR NOW INC,GENERAL CONTRACTOR,27604,27519,17558.59,Apex,27539
21-07470367,SOLAR PV SYSTEM,2021-12-14,2021-11-30,CERTICATE OF COMPLIANCE (CC),TC,Occupancy,2021-12-17,0,20277,8M SOLAR,GENERAL CONTRACTOR,27587,27519,24362.63,Cary,27519
21-07481766,SOLAR PV SYSTEM,2021-12-07,2021-11-30,PERMIT ISSUED (PI),TC,Permit Issued,2021-12-07,0,29600,"TESLA ENERGY OPERATIONS, INC.",GENERAL CONTRACTOR,94538,27519,35564.13,Cary,27519
21-07490620,SOLAR PANELS ON RESIDENTIAL ROOF,2021-12-15,2021-12-02,CERTICATE OF COMPLIANCE (CC),TC,Occupancy,2022-05-10,385,7939,BLUE RAVEN SOLAR,UNLICENSED CONTRACTOR,84097,27511,9509.42,Cary,27511
21-07500729,Solar PV System,2022-01-11,2021-12-02,CERTICATE OF COMPLIANCE (CC),TC,Occupancy,2022-01-19,429,40904,YES! SOLAR SOLUTIONS,GENERAL CONTRACTOR,27513,27519,48995.25,Cary,27519
21-07511281,SOLAR PANELS ON RESIDENTIAL ROOF,2021-12-08,2021-12-02,CERTICATE OF COMPLIANCE (CC),TC,Occupancy,2022-01-18,484,17425,NC SOLAR NOW INC,GENERAL CONTRACTOR,27604,27513,20871.85,Cary,27513
21-07521722,SOLAR PANELS,,2021-12-03,EXPIRED PERMIT (XP),TC,Permit Cancelled,2024-11-19,543,28600,"TESLA ENERGY OPERATIONS, INC.",GENERAL CONTRACTOR,94538,27519,34257.38,Cary,27519
21-07531082,SOLAR PANELS,2022-01-07,2021-12-07,CERTICATE OF COMPLIANCE (CC),TC,Occupancy,2022-02-10,511,35148,NC SOLAR NOW INC,GENERAL CONTRACTOR,27604,27519,42100.65,Cary,27519
21-07541708,SOLAR PANELS ON RESIDENTIAL ROOF,2021-12-15,2021-12-08,CERTICATE OF COMPLIANCE (CC),TC,Occupancy,2022-08-17,194,5100,"TESLA ENERGY OPERATIONS, INC.",GENERAL CONTRACTOR,94538,27519,6108.83,Cary,27519
21-07551723,SOLAR PANELS ON RESIDENTIAL ROOF,,2021-12-08,PLANS WITHDRAWN (PW),TC,Permit Cancelled,2021-12-16,2281,39200,"TESLA ENERGY OPERATIONS, INC.",GENERAL CONTRACTOR,94538,27511,46954.18,Cary,27511
21-07561239,SOLAR PANELS ON RESIDENTIAL ROOF,2021-12-20,2021-12-09,CERTICATE OF COMPLIANCE (CC),TC,Occupancy,2022-01-03,376,15422,NC SOLAR NOW INC,GENERAL CONTRACTOR,27604,27519,18472.64,Cary,27519
21-07571724,SOLAR PANELS ON RESIDENTIAL ROOF,2021-12-15,2021-12-09,PERMIT ISSUED (PI),TC,Permit Issued,2021-12-15,1717,37500,"TESLA ENERGY OPERATIONS, INC.",GENERAL CONTRACTOR,94538,27513,44917.9,Cary,27513
21-07581918,SOLAR PV SYSTEM,2022-01-14,2021-12-13,CERTICATE OF COMPLIANCE (CC),TC,Occupancy,2022-01-21,510,26325,YES! SOLAR SOLUTIONS,GENERAL CONTRACTOR,27513,27513,31532.36,Cary,27513
21-07590368,SOLAR PV SYSTEM,2021-12-20,2021-12-14,CERTICATE OF COMPLIANCE (CC),TC,Occupancy,2022-01-04,0,21492,8M SOLAR,GENERAL CONTRACTOR,27587,27519,25743.35,Cary,27519
21-07600613,SOLAR PV SYSTEM,2021-12-20,2021-12-14,CERTICATE OF COMPLIANCE (CC),TC,Occupancy,2022-06-30,0,6856,BLUE RAVEN SOLAR,UNLICENSED CONTRACTOR,84097,27518,8212.19,Cary,27518
21-07610822,SOLAR PV SYSTEM,2022-01-03,2021-12-15,CERTICATE OF COMPLIANCE (CC),TC,Occupancy,2022-01-04,0,19500,EMERALD ENERGY LLC,GENERAL CONTRACTOR,27624,27519,23357.31,Cary,27519
21-07621425,SOLAR PV SYSTEM,2022-01-19,2021-12-16,PERMIT ISSUED (PI),TC,Permit Issued,2022-01-19,0,75420,"POWER HOME SOLAR, LLC",GENERAL CONTRACTOR,28115,27511,90338.88,Cary,27511
21-07631673,SOLAR PV SYSTEM,,2021-12-16,EXPIRED PERMIT (XP),TC,Permit Cancelled,2025-11-26,0,66600,"TESLA ENERGY OPERATIONS, INC.",GENERAL CONTRACTOR,94538,27519,79774.19,Cary,27519
21-07640603,SOLAR PV SYSTEM,2021-12-25,2021-12-17,CERTICATE OF COMPLIANCE (CC),TC,Occupancy,2022-03-16,0,5774,BLUE RAVEN SOLAR,UNLICENSED CONTRACTOR,84097,27519,6916.16,Cary,27519
21-07650216,SOLAR PV SYSTEM,2021-12-22,2021-12-20,CERTICATE OF COMPLIANCE (CC),TC,Occupancy,2022-01-20,0,25422,8M SOLAR,GENERAL CONTRACTOR,27587,27513,30450.74,Cary,27513
21-07660148,SOLAR PV SYSTEM,2022-01-06,2021-12-28,CERTICATE OF COMPLIANCE (CC),TC,Occupancy,2022-02-11,0,38397,8M SOLAR,GENERAL CONTRACTOR,27587,27519,45992.33,Cary,27519
21-07671169,SOLAR PV SYSTEM,2022-01-05,2021-12-28,CERTICATE OF COMPLIANCE (CC),TC,Occupancy,2022-01-18,0,26002,NC SOLAR NOW INC,GENERAL CONTRACTOR,27604,27519,31145.47,Cary,27519
21-07681422,SOLAR PV SYSTEM,2022-05-09,2021-12-28,CERTICATE OF COMPLIANCE (CC),TC,Occupancy,2022-08-12,0,58240,"POWER HOME SOLAR, LLC",GENERAL CONTRACTOR,28115,27519,69760.49,Cary,27519
21-07691932,SOLAR PV SYSTEM,2022-01-20,2021-12-28,CERTICATE OF COMPLIANCE (CC),TC,Occupancy,2022-01-24,0,13925,YES! SOLAR SOLUTIONS,GENERAL CONTRACTOR,27513,27523,16679.51,Apex,27523
21-07701755,SOLAR PV SYSTEM,2022-01-06,2021-12-30,CERTICATE OF COMPLIANCE (CC),TC,Occupancy,2022-08-10,0,11400,"TESLA ENERGY OPERATIONS, INC.",GENERAL CONTRACTOR,94538,27519,13655.04,Cary,27519
21-07710552,SOLAR PANELS,2022-01-13,2021-12-31,CERTICATE OF COMPLIANCE (CC),TC,Occupancy,2022-09-06,175,3609,BLUE RAVEN SOLAR,UNLICENSED CONTRACTOR,84097,27519,4322.9,Cary,27519
21-07720582,SOLAR PANELS,2022-01-07,2021-12-31,CERTICATE OF COMPLIANCE (CC),TC,Occupancy,2022-04-01,228,4691,BLUE RAVEN SOLAR,UNLICENSED CONTRACTOR,84097,27519,5618.93,Cary,27519
22-07731282,SOLAR PV SYSTEM,2022-01-06,2022-01-03,CERTICATE OF COMPLIANCE (CC),TC,Occupancy,2022-01-31,0,21779,NC SOLAR NOW INC,GENERAL CONTRACTOR,27604,27513,25869.44,Cary,27513
22-07741946,SOLAR PV SYSTEM,2022-01-25,2022-01-05,CERTICATE OF COMPLIANCE (CC),TC,Occupancy,2022-01-27,0,17834,YES! SOLAR SOLUTIONS,GENERAL CONTRACTOR,27513,27513,21183.5,Cary,27513
22-07750565,SOLAR PV SYSTEM,2022-02-24,2022-01-06,CERTICATE OF COMPLIANCE (CC),TC,Occupancy,2022-03-22,0,5774,BLUE RAVEN SOLAR,UNLICENSED CONTRACTOR,84097,27519,6858.45,Cary,27519
22-07761888,SOLAR PV SYSTEM,,2022-01-06,ADMINISTRATIVELY CLOSED (AC),TC,Permit Cancelled,2022-04-21,0,12132,"VON LOOR & SLOOF ENERGY, LLC",GENERAL CONTRACTOR,27612,27519,14410.58,Cary,27519
22-07770629,SOLAR PV SYSTEM,2022-03-07,2022-01-10,CERTICATE OF COMPLIANCE (CC),TC,Occupancy,2022-04-06,0,6495,BLUE RAVEN SOLAR,UNLICENSED CONTRACTOR,84097,27519,7714.86,Cary,27519
22-07780315,SOLAR PV SYSTEM,2022-01-18,2022-01-11,CERTICATE OF COMPLIANCE (CC),TC,Occupancy,2022-02-11,0,23912,8M SOLAR,GENERAL CONTRACTOR,27587,27518,28403.05,Cary,27518
22-07791709,SOLAR PV SYSTEM,2022-06-03,2022-01-11,CERTICATE OF COMPLIANCE (CC),CC,Occupancy,2022-07-20,0,4800,"TESLA ENERGY OPERATIONS, INC.",GENERAL CONTRACTOR,94538,27523,5701.52,Apex,27523
22-07801925,SOLAR PV SYSTEM,2022-01-28,2022-01-11,CERTICATE OF COMPLIANCE (CC),TC,Occupancy,2022-02-01,0,20827,YES! SOLAR SOLUTIONS,GENERAL CONTRACTOR,27513,27513,24738.64,Cary,27513
22-07811795,SOLAR PANELS,,2022-01-12,PLANS WITHDRAWN (PW),TC,Permit Cancelled,2022-10-04,0,24490,"TITAN SOLAR POWER NC, INC",GENERAL CONTRACTOR,85210,27513,29089.61,Cary,27513
22-07820621,SOLAR PV SYSTEM,2022-01-24,2022-01-14,CERTICATE OF COMPLIANCE (CC),TC,Occupancy,2022-03-28,0,6856,BLUE RAVEN SOLAR,UNLICENSED CONTRACTOR,84097,27519,8143.66,Cary,27519
22-07830217,SOLAR PV SYSTEM,2022-01-21,2022-01-18,CERTICATE OF COMPLIANCE (CC),TC,Occupancy,2022-02-11,0,23000,8M SOLAR,GENERAL CONTRACTOR,27587,27519,27319.76,Cary,27519
22-07841013,SOLAR PV SYSTEM,2022-02-21,2022-01-18,CERTICATE OF COMPLIANCE (CC),TC,Occupancy,2022-03-08,0,29500,NC SOLAR NOW INC,GENERAL CONTRACTOR,27604,27519,35040.56,Cary,27519
22-07851083,SOLAR PV SYSTEM,2022-02-18,2022-01-18,CERTICATE OF COMPLIANCE (CC),TC,Occupancy,2022-02-28,0,20068,NC SOLAR NOW INC,GENERAL CONTRACTOR,27604,27519,23837.08,Cary,27519
22-07861084,SOLAR PV SYSTEM,2022-02-02,2022-01-18,CERTICATE OF COMPLIANCE (CC),TC,Occupancy,2022-02-21,0,1832,NC SOLAR NOW INC,GENERAL CONTRACTOR,27604,27519,2176.08,Cary,27519
22-07870369,SOLAR PV SYSTEM,2022-01-26,2022-01-20,CERTICATE OF COMPLIANCE (CC),TC,Occupancy,2022-02-18,0,29412,8M SOLAR,GENERAL CONTRACTOR,27587,27519,34936.03,Cary,27519
22-07880268,SOLAR PV SYSTEM,2022-01-28,2022-01-24,CERTICATE OF COMPLIANCE (CC),TC,Occupancy,2022-03-10,0,23867,8M SOLAR,GENERAL CONTRACTOR,27587,27513,28349.6,Cary,27513
22-07890370,SOLAR PV SYSTEM,2022-02-10,2022-01-25,CERTICATE OF COMPLIANCE (CC),TC,Occupancy,2022-03-07,0,24000,8M SOLAR,GENERAL CONTRACTOR,27587,27513,28507.58,Cary,27513
22-07901085,SOLAR PV SYSTEM,2022-02-02,2022-01-25,CERTICATE OF COMPLIANCE (CC),TC,Occupancy,2022-03-08,0,23360,NC SOLAR NOW INC,GENERAL CONTRACTOR,27604,27519,27747.37,Cary,27519
22-07911170,SOLAR PV SYSTEM,2022-02-02,2022-01-25,CERTICATE OF COMPLIANCE (CC),TC,Occupancy,2022-03-09,0,21382,NC SOLAR NOW INC,GENERAL CONTRACTOR,27604,27519,25397.87,Cary,27519
22-07921793,SOLAR PANELS,2022-02-07,2022-01-25,CERTICATE OF COMPLIANCE (CC),TC,Occupancy,2022-04-11,0,13640,"TITAN SOLAR POWER NC, INC",ELECTRICAL CONTRACTOR,85210,27513,16201.81,Cary,27513
22-07931926,SOLAR PV SYSTEM,2022-02-14,2022-01-27,CERTICATE OF COMPLIANCE (CC),TC,Occupancy,2022-02-22,0,34599,YES! SOLAR SOLUTIONS,GENERAL CONTRACTOR,27513,27519,41097.23,Cary,27519
22-07940104,SOLAR PV SYSTEM,2022-02-17,2022-01-28,CERTICATE OF COMPLIANCE (CC),CC,Occupancy,2022-08-01,0,45512,8M SOLAR,GENERAL CONTRACTOR,27587,27519,54059.87,Cary,27519
22-07951212,SOLAR PV SYSTEM,2022-03-01,2022-01-31,CERTICATE OF COMPLIANCE (CC),TC,Occupancy,2022-03-25,0,20182,NC SOLAR NOW INC,GENERAL CONTRACTOR,27604,27519,23972.5,Cary,27519
22-07961725,SOLAR PV SYSTEM,2022-07-07,2022-01-31,CERTICATE OF COMPLIANCE (CC),TC,Occupancy,2022-07-08,0,12400,"TESLA ENERGY OPERATIONS, INC.",GENERAL CONTRACTOR,94538,27518,14728.91,Cary,27518
22-07970316,SOLAR PV SYSTEM,2022-02-03,2022-02-01,CERTICATE OF COMPLIANCE (CC),TC,Occupancy,2022-02-23,0,16473,8M SOLAR,GENERAL CONTRACTOR,27587,27513,19389.78,Cary,27513
22-07981674,SOLAR PV SYSTEM,2022-04-18,2022-02-03,CERTICATE OF COMPLIANCE (CC),TC,Occupancy,2022-05-16,0,18600,"TESLA ENERGY OPERATIONS, INC.",GENERAL CONTRACTOR,94538,27513,21893.4,Cary,27513
22-07991171,SOLAR PV SYSTEM,2022-02-22,2022-02-04,CERTICATE OF COMPLIANCE (CC),TC,Occupancy,2022-03-23,0,25502,NC SOLAR NOW INC,GENERAL CONTRACTOR,27604,27560,30017.5,Morrisville,27560
22-08000614,SOLAR PV SYSTEM,2022-03-24,2022-02-07,CERTICATE OF COMPLIANCE (CC),TC,Occupancy,2022-05-17,0,5413,BLUE RAVEN SOLAR,UNLICENSED CONTRACTOR,84097,27511,6371.45,Cary,27511
22-08011540,SOLAR PV SYSTEM,2022-02-25,2022-02-07,CERTICATE OF COMPLIANCE (CC),TC,Occupancy,2022-04-22,0,80898,SOUTHERN ENERGY MANAGEMENT,GENERAL CONTRACTOR,27617,27519,95222.15,Cary,27519
22-08021283,SOLAR PV SYSTEM,2022-02-14,2022-02-08,CERTICATE OF COMPLIANCE (CC),TC,Occupancy,2022-04-19,0,21840,NC SOLAR NOW INC,GENERAL CONTRACTOR,27604,27513,25707.09,Cary,27513
22-08030566,SOLAR PV SYSTEM,2022-04-19,2022-02-09,CERTICATE OF COMPLIANCE (CC),TC,Occupancy,2022-05-18,0,9022,BLUE RAVEN SOLAR,UNLICENSED CONTRACTOR,84097,27519,10619.47,Cary,27519
22-08040317,SOLAR PV SYSTEM,2022-02-17,2022-02-10,CERTICATE OF COMPLIANCE (CC),TC,Occupancy,2022-03-21,0,21954,8M SOLAR,GENERAL CONTRACTOR,27587,27519,25841.27,Cary,27519
22-08051014,SOLAR PV SYSTEM,2022-02-17,2022-02-10,CERTICATE OF COMPLIANCE (CC),TC,Occupancy,2022-04-19,0,28694,NC SOLAR NOW INC,GENERAL CONTRACTOR,27604,27519,33774.69,Cary,27519
22-08061086,SOLAR PV SYSTEM,2022-02-22,2022-02-14,CERTICATE OF COMPLIANCE (CC),TC,Occupancy,2022-03-23,0,33939,NC SOLAR NOW INC,GENERAL CONTRACTOR,27604,27519,39948.39,Cary,27519
22-08070891,SOLAR PV SYSTEM,2022-07-20,2022-02-16,CERTICATE OF COMPLIANCE (CC),TC,Occupancy,2023-02-17,0,36437,"MARC JONES CONSTRUCTION, LLC",GENERAL CONTRACTOR,70433,27519,42888.7,Cary,27519
22-08081053,SOLAR PV SYSTEM,2022-02-22,2022-02-17,CERTICATE OF COMPLIANCE (CC),TC,Occupancy,2022-04-21,0,19075,NC SOLAR NOW INC,GENERAL CONTRACTOR,27604,27513,22452.5,Cary,27513
22-08091477,SOLAR PV SYSTEM,2022-02-28,2022-02-17,CERTICATE OF COMPLIANCE (CC),TC,Occupancy,2022-04-05,0,38733,SOUTHERN ENERGY MANAGEMENT,GENERAL CONTRACTOR,27617,27519,45591.23,Cary,27519
22-08101520,SOLAR PV SYSTEM,2022-04-11,2022-02-17,CERTICATE OF COMPLIANCE (CC),TC,Occupancy,2022-04-27,0,41041,SOUTHERN ENERGY MANAGEMENT,GENERAL CONTRACTOR,27617,27519,48307.9,Cary,27519
22-08111726,SOLAR PV SYSTEM,,2022-02-17,PLANS WITHDRAWN (PW),TC,Permit Cancelled,2023-02-23,0,44500,"TESLA ENERGY OPERATIONS, INC.",GENERAL CONTRACTOR,94538,27519,52379.37,Cary,27519
22-08120218,SOLAR PV SYSTEM,2022-02-24,2022-02-18,CERTICATE OF COMPLIANCE (CC),TC,Occupancy,2022-03-11,0,23850,8M SOLAR,GENERAL CONTRACTOR,27587,27607,28072.99,Cary,27513
22-08131451,SOLAR PV SYSTEM,2022-03-16,2022-02-21,CERTICATE OF COMPLIANCE (CC),TC,Occupancy,2022-03-28,629,37175,RENU ENERGY SOLUTIONS LLC,GENERAL CONTRACTOR,28217,27518,43757.37,Cary,27518
22-08141756,SOLAR PV SYSTEM,,2022-02-22,PLANS WITHDRAWN (PW),TC,Permit Cancelled,2023-02-15,0,17100,"TESLA ENERGY OPERATIONS, INC.",GENERAL CONTRACTOR,94538,27513,20127.8,Cary,27513
22-08150553,SOLAR PV SYSTEM,2022-06-07,2022-02-23,CERTICATE OF COMPLIANCE (CC),CC,Occupancy,2022-06-23,0,4691,BLUE RAVEN SOLAR,UNLICENSED CONTRACTOR,84097,27523,5521.61,Apex,27523
22-08161054,SOLAR PV SYSTEM,2022-03-03,2022-02-23,CERTICATE OF COMPLIANCE (CC),TC,Occupancy,2022-04-12,0,33480,NC SOLAR NOW INC,GENERAL CONTRACTOR,27604,27539,39408.12,Apex,27539
22-08171087,SOLAR PV SYSTEM,2022-03-03,2022-02-23,CERTICATE OF COMPLIANCE (CC),TC,Occupancy,2022-03-29,0,20000,NC SOLAR NOW INC,GENERAL CONTRACTOR,27604,27518,23541.29,Cary,27518
22-08181796,SOLAR PANELS,,2022-02-24,EXPIRED APPLICATION (XA),TC,Permit Cancelled,2022-12-22,570,21330,"TITAN SOLAR POWER NC, INC",GENERAL CONTRACTOR,85210,27519,25106.78,Cary,27519
22-08191150,SOLAR PV SYSTEM,2022-03-03,2022-02-28,CERTICATE OF COMPLIANCE (CC),TC,Occupancy,2022-04-11,0,19281,NC SOLAR NOW INC,GENERAL CONTRACTOR,27604,27539,22694.98,Apex,27539
22-08201172,SOLAR PV SYSTEM,2022-03-09,2022-03-01,CERTICATE OF COMPLIANCE (CC),TC,Occupancy,2022-04-06,0,17001,NC SOLAR NOW INC,GENERAL CONTRACTOR,27604,27519,19747.61,Cary,27519
22-08211767,SOLAR PV SYSTEM,2022-07-27,2022-03-01,CERTICATE OF COMPLIANCE (CC),TC,Occupancy,2022-09-26,0,18600,"TESLA ENERGY OPERATIONS, INC.",GENERAL CONTRACTOR,94538,27519,21604.94,Cary,27519
22-08221768,SOLAR PV SYSTEM,2022-04-07,2022-03-02,PERMIT ISSUED (PI),TC,Permit Issued,2022-04-07,0,17100,"TESLA ENERGY OPERATIONS, INC.",GENERAL CONTRACTOR,94538,27519,19862.61,Cary,27519
22-08230778,SOLAR PV SYSTEM,,2022-03-03,EXPIRED APPLICATION (XA),TC,Permit Cancelled,2022-12-22,0,8000,COVENANT SOLAR TECH LLC,GENERAL CONTRACTOR,27704,27519,9292.45,Cary,27519
22-08240105,SOLAR PV SYSTEM,2022-03-14,2022-03-07,CERTICATE OF COMPLIANCE (CC),TC,Occupancy,2022-04-11,0,22140,8M SOLAR,GENERAL CONTRACTOR,27587,27519,25716.85,Cary,27519
22-08251213,SOLAR PV SYSTEM,2022-03-15,2022-03-08,CERTICATE OF COMPLIANCE (CC),TC,Occupancy,2022-04-11,0,23650,NC SOLAR NOW INC,GENERAL CONTRACTOR,27604,27519,27470.8,Cary,27519
22-08260219,SOLAR PV SYSTEM,2022-03-17,2022-03-10,CERTICATE OF COMPLIANCE (CC),TC,Occupancy,2022-04-27,0,15250,8M SOLAR,GENERAL CONTRACTOR,27587,27519,17713.73,Cary,27519
22-08270220,SOLAR PV SYSTEM,2022-03-24,2022-03-11,CERTICATE OF COMPLIANCE (CC),TC,Occupancy,2022-04-25,0,25675,8M SOLAR,GENERAL CONTRACTOR,27587,27539,29822.95,Apex,27539
22-08280622,SOLAR PV SYSTEM,2022-05-13,2022-03-14,CERTICATE OF COMPLIANCE (CC),TC,Occupancy,2022-06-09,0,3608,BLUE RAVEN SOLAR,UNLICENSED CONTRACTOR,84097,27518,4190.89,Cary,27518
22-08290730,SOLAR PV SYSTEM,2022-05-10,2022-03-16,CERTICATE OF COMPLIANCE (CC),TC,Occupancy,2022-05-20,570,45476,YES! SOLAR SOLUTIONS,GENERAL CONTRACTOR,27513,27519,52822.92,Cary,27519
22-08300318,SOLAR PV SYSTEM,2022-03-24,2022-03-17,CERTICATE OF COMPLIANCE (CC),TC,Occupancy,2022-04-08,0,28506,8M SOLAR,GENERAL CONTRACTOR,27587,27519,33111.32,Cary,27519
22-08311284,SOLAR PV SYSTEM,2022-03-30,2022-03-17,CERTICATE OF COMPLIANCE (CC),TC,Occupancy,2024-01-08,0,61695,NC SOLAR NOW INC,GENERAL CONTRACTOR,27604,27265,71662.2,Cary,27519
22-08321015,SOLAR PV SYSTEM,2022-03-30,2022-03-18,CERTICATE OF COMPLIANCE (CC),TC,Occupancy,2022-05-13,0,24440,NC SOLAR NOW INC,GENERAL CONTRACTOR,27604,27518,28388.43,Cary,27518
22-08331710,SOLAR PV SYSTEM,2022-03-31,2022-03-18,CERTICATE OF COMPLIANCE (CC),TC,Occupancy,2022-07-07,0,7100,"TESLA ENERGY OPERATIONS, INC.",GENERAL CONTRACTOR,94538,27519,8247.05,Cary,27519
22-08341088,SOLAR PV SYSTEM,2022-03-30,2022-03-21,CERTICATE OF COMPLIANCE (CC),TC,Occupancy,2022-05-18,0,18828,NC SOLAR NOW INC,GENERAL CONTRACTOR,27604,27511,21869.78,Cary,27511
22-08351641,Solar PV System,2023-06-06,2022-03-22,CERTICATE OF COMPLIANCE (CC),TC,Occupancy,2023-08-23,100,25000,"TBC COMPANIES, LLC, T/A",GENERAL CONTRACTOR,27529,27560,29038.9,Morrisville,27560
22-08360024,SOLAR PV SYSTEM,2022-03-31,2022-03-23,CERTICATE OF COMPLIANCE (CC),TC,Occupancy,2022-04-25,0,25760,8M SOLAR,GENERAL CONTRACTOR,27587,27518,29921.68,Cary,27518
22-08370426,SOLAR PV SYSTEM,2022-04-21,2022-03-24,CERTICATE OF COMPLIANCE (CC),TC,Occupancy,2022-05-06,0,22700,8M SOLAR,GENERAL CONTRACTOR,27587,27519,26367.32,Cary,27519
22-08380630,SOLAR PV SYSTEM,2022-05-18,2022-03-31,CERTICATE OF COMPLIANCE (CC),TC,Occupancy,2022-08-08,0,9022,BLUE RAVEN SOLAR,UNLICENSED CONTRACTOR,84097,27519,10479.56,Cary,27519
22-08390000,SOLAR PV SYSTEM,2022-04-11,2022-04-01,CERTICATE OF COMPLIANCE (CC),TC,Occupancy,2022-10-07,0,16000,"365 SOLAR ENERGY, LLC",GENERAL CONTRACTOR,28217,27539,18481.72,Apex,27539
22-08400583,SOLAR PV SYSTEM,2022-04-07,2022-04-01,CERTICATE OF COMPLIANCE (CC),CC,Occupancy,2022-06-09,0,2887,BLUE RAVEN SOLAR,UNLICENSED CONTRACTOR,84097,27519,3334.8,Cary,27519
22-08410106,SOLAR PV SYSTEM,2022-04-11,2022-04-04,CERTICATE OF COMPLIANCE (CC),TC,Occupancy,2022-05-16,0,13324,8M SOLAR,GENERAL CONTRACTOR,27587,27513,15390.65,Cary,27513
22-08420221,SOLAR PV SYSTEM,2022-04-11,2022-04-04,CERTICATE OF COMPLIANCE (CC),TC,Occupancy,2022-05-19,0,33210,8M SOLAR,GENERAL CONTRACTOR,27587,27513,38361.12,Cary,27513
22-08431769,SOLAR PV SYSTEM,,2022-04-04,PLANS WITHDRAWN (PW),TC,Permit Cancelled,2023-10-27,0,11400,"TESLA ENERGY OPERATIONS, INC.",GENERAL CONTRACTOR,94538,27519,13168.23,Cary,27519
22-08441055,SOLAR PV SYSTEM,2022-04-22,2022-04-06,CERTICATE OF COMPLIANCE (CC),TC,Occupancy,2022-06-03,0,12142,NC SOLAR NOW INC,GENERAL CONTRACTOR,27604,27519,14025.32,Cary,27519
22-08451285,SOLAR PV SYSTEM,2022-04-19,2022-04-07,CERTICATE OF COMPLIANCE (CC),CC,Occupancy,2022-06-01,0,22758,NC SOLAR NOW INC,GENERAL CONTRACTOR,27604,27519,26287.94,Cary,27519
22-08461394,SOLAR PV SYSTEM,2022-05-16,2022-04-08,CERTICATE OF COMPLIANCE (CC),TC,Occupancy,2022-08-03,0,29128,PALMETTO SOLAR LLC,GENERAL CONTRACTOR,29405,27511,33645.97,Cary,27511
22-08471396,SOLAR PV SYSTEM,2022-04-28,2022-04-08,CERTICATE OF COMPLIANCE (CC),TC,Occupancy,2022-10-18,0,14000,PALMETTO SOLAR LLC,GENERAL CONTRACTOR,29405,27511,16171.51,Cary,27511
22-08480783,SOLAR PANELS,2022-10-13,2022-04-11,CERTICATE OF COMPLIANCE (CC),TC,Occupancy,2023-01-04,0,40000,ELEVATE SOLAR LLC,GENERAL CONTRACTOR,28078,27519,46204.3,Cary,27519
22-08491472,SOLAR PV SYSTEM,2022-04-29,2022-04-11,CERTICATE OF COMPLIANCE (CC),TC,Occupancy,2022-06-30,0,37440,"SLOAN SERVICE COMPANY, INC.",GENERAL CONTRACTOR,27604,27513,43247.23,Cary,27513
22-08501647,SOLAR PV SYSTEM,2022-04-20,2022-04-11,CERTICATE OF COMPLIANCE (CC),TC,Occupancy,2022-11-16,0,19300,"TESLA ENERGY OPERATIONS, INC.",GENERAL CONTRACTOR,94538,27519,22293.58,Cary,27519
22-08511687,SOLAR PV SYSTEM,2022-04-20,2022-04-11,PERMIT ISSUED (PI),TC,Permit Issued,2022-04-20,0,14300,"TESLA ENERGY OPERATIONS, INC.",GENERAL CONTRACTOR,94538,27519,16518.04,Cary,27519
22-08520784,SOLAR PV SYSTEM,2022-05-18,2022-04-12,CERTICATE OF COMPLIANCE (CC),TC,Occupancy,2022-06-07,0,29701,EMERALD ENERGY LLC,GENERAL CONTRACTOR,27624,27560,34307.85,Morrisville,27560
22-08531935,Solar PV System,2022-05-16,2022-04-13,CERTICATE OF COMPLIANCE (CC),TC,Occupancy,2022-05-20,96,11194,YES! SOLAR SOLUTIONS,GENERAL CONTRACTOR,27513,27519,12930.27,Cary,27519
22-08540491,SOLAR PV SYSTEM,2022-06-17,2022-04-14,CERTICATE OF COMPLIANCE (CC),TC,Occupancy,2023-05-09,0,59567,"MARC JONES CONSTRUCTION, LLC",GENERAL CONTRACTOR,70433,27511,68806.29,Cary,27511
22-08551173,SOLAR PV SYSTEM,2022-04-27,2022-04-14,CERTICATE OF COMPLIANCE (CC),TC,Occupancy,2022-05-20,0,27726,NC SOLAR NOW INC,GENERAL CONTRACTOR,27604,27560,32026.51,Morrisville,27560
22-08561214,SOLAR PV SYSTEM,2022-04-22,2022-04-14,CERTICATE OF COMPLIANCE (CC),TC,Occupancy,2022-06-16,0,13848,NC SOLAR NOW INC,GENERAL CONTRACTOR,27604,27523,15995.93,Apex,27523
22-08570149,SOLAR PV SYSTEM,2022-04-26,2022-04-18,CERTICATE OF COMPLIANCE (CC),CC,Occupancy,2022-06-08,0,21400,8M SOLAR,GENERAL CONTRACTOR,27587,27519,24719.3,Cary,27519
22-08581056,SOLAR PANELS,2022-05-10,2022-04-19,CERTICATE OF COMPLIANCE (CC),TC,Occupancy,2022-06-23,477,21112,NC SOLAR NOW INC,GENERAL CONTRACTOR,27604,27519,24386.63,Cary,27519
22-08591174,SOLAR PV SYSTEM,2022-04-27,2022-04-19,CERTICATE OF COMPLIANCE (CC),TC,Occupancy,2022-07-11,0,20327,NC SOLAR NOW INC,GENERAL CONTRACTOR,27604,27519,23479.87,Cary,27519
22-08600875,SOLAR PV SYSTEM,2022-06-27,2022-04-21,CERTICATE OF COMPLIANCE (CC),TC,Occupancy,2022-11-07,0,9120,"GRITY POWER, LLC",UNLICENSED CONTRACTOR,,27519,10534.58,Cary,27519
22-08611947,SOLAR PV SYSTEM,2022-07-07,2022-04-21,CERTICATE OF COMPLIANCE (CC),TC,Occupancy,2022-10-20,0,37422,YES! SOLAR SOLUTIONS,GENERAL CONTRACTOR,27513,27519,43226.44,Cary,27519
22-08620269,SOLAR PV SYSTEM,2022-05-20,2022-04-25,CERTICATE OF COMPLIANCE (CC),TC,Occupancy,2022-06-08,0,15100,8M SOLAR,GENERAL CONTRACTOR,27587,27519,17442.12,Cary,27519
22-08630427,SOLAR PV SYSTEM,2022-05-16,2022-04-25,CERTICATE OF COMPLIANCE (CC),TC,Occupancy,2022-06-09,0,22150,8M SOLAR,GENERAL CONTRACTOR,27587,27519,25585.63,Cary,27519
22-08640188,SOLAR PV SYSTEM,2022-05-16,2022-04-28,CERTICATE OF COMPLIANCE (CC),TC,Occupancy,2022-07-29,0,39784,8M SOLAR,GENERAL CONTRACTOR,27587,27539,45954.8,Apex,27539
22-08650371,SOLAR PV SYSTEM,2022-05-11,2022-04-28,CERTICATE OF COMPLIANCE (CC),TC,Occupancy,2022-06-03,0,22976,8M SOLAR,GENERAL CONTRACTOR,27587,27513,26539.75,Cary,27513
22-08661057,SOLAR PV SYSTEM,2022-05-06,2022-04-28,CERTICATE OF COMPLIANCE (CC),TC,Occupancy,2022-06-03,0,18084,NC SOLAR NOW INC,GENERAL CONTRACTOR,27604,27519,20888.97,Cary,27519
22-08671089,SOLAR PV SYSTEM,2022-05-10,2022-04-28,CERTICATE OF COMPLIANCE (CC),TC,Occupancy,2022-06-24,0,43243,NC SOLAR NOW INC,GENERAL CONTRACTOR,27604,27519,49950.32,Cary,27519
22-08681215,SOLAR PV SYSTEM,2022-05-12,2022-04-28,CERTICATE OF COMPLIANCE (CC),TC,Occupancy,2022-06-23,0,20754,NC SOLAR NOW INC,GENERAL CONTRACTOR,27604,27519,23973.1,Cary,27519
22-08691286,SOLAR PV SYSTEM,2022-05-10,2022-04-28,CERTICATE OF COMPLIANCE (CC),TC,Occupancy,2022-07-08,0,29068,NC SOLAR NOW INC,GENERAL CONTRACTOR,27604,27513,33576.67,Cary,27519
22-08700631,SOLAR PV SYSTEM,2022-05-17,2022-04-29,CERTICATE OF COMPLIANCE (CC),TC,Occupancy,2022-09-01,0,5413,BLUE RAVEN SOLAR,UNLICENSED CONTRACTOR,84097,27519,6252.6,Cary,27519
22-08710780,SOLAR PV SYSTEM,2022-07-06,2022-04-29,CERTICATE OF COMPLIANCE (CC),TC,Occupancy,2023-02-14,0,8000,COVENANT SOLAR TECH LLC,GENERAL CONTRACTOR,27704,27518,9240.86,Cary,27518
22-08720319,SOLAR PV SYSTEM,2022-05-24,2022-05-02,CERTICATE OF COMPLIANCE (CC),TC,Occupancy,2022-06-22,0,44999,8M SOLAR,GENERAL CONTRACTOR,27587,27519,51411.95,Cary,27519
22-08731804,SOLAR PANELS,2022-08-08,2022-05-03,CERTICATE OF COMPLIANCE (CC),TC,Occupancy,2022-09-30,0,8360,"TITAN SOLAR POWER NC, INC",GENERAL CONTRACTOR,85210,27519,9551.41,Cary,27519
22-08740496,SOLAR PV SYSTEM,2022-09-22,2022-05-04,CERTICATE OF COMPLIANCE (CC),TC,Occupancy,2023-03-09,0,0,ALPHA CONTRACTING LLC,GENERAL CONTRACTOR,27529,27519,0.0,Cary,27519
22-08751398,SOLAR PV SYSTEM,,2022-05-04,EXPIRED APPLICATION (XA),TC,Permit Cancelled,2022-12-22,0,29088,PALMETTO SOLAR LLC,GENERAL CONTRACTOR,29405,27519,33233.42,Cary,27519
22-08760372,RESIDENTIAL SOLAR PANELS ON ROOF,2022-05-31,2022-05-05,CERTICATE OF COMPLIANCE (CC),TC,Occupancy,2022-07-11,655,21560,8M SOLAR,GENERAL CONTRACTOR,27587,27518,24632.58,Cary,27518
22-08770488,SOLAR PANELS,2023-01-18,2022-05-06,CERTICATE OF COMPLIANCE (CC),TC,Occupancy,2023-04-10,0,43252,"MARC JONES CONSTRUCTION, LLC",GENERAL CONTRACTOR,70433,27513,49415.98,Cary,27513
22-08781434,SOLAR PV SYSTEM,,2022-05-10,PLANS WITHDRAWN (PW),TC,Permit Cancelled,2023-02-15,0,46805,"READY ROOFING, LLC",GENERAL CONTRACTOR,27520,27513,53475.32,Cary,27513
22-08790025,SOLAR PV SYSTEM,2022-05-31,2022-05-11,CERTICATE OF COMPLIANCE (CC),CC,Occupancy,2022-07-15,0,26800,8M SOLAR,GENERAL CONTRACTOR,27587,27519,30619.35,Cary,27519
22-08800648,SOLAR PV SYSTEM,2022-05-17,2022-05-11,CERTICATE OF COMPLIANCE (CC),TC,Occupancy,2022-06-17,0,6495,BLUE RAVEN SOLAR,UNLICENSED CONTRACTOR,84097,27518,7420.62,Cary,27518
22-08811648,SOLAR PV SYSTEM,,2022-05-11,PLANS WITHDRAWN (PW),TC,Permit Cancelled,2022-05-17,0,10115,"TESLA ENERGY OPERATIONS, INC.",GENERAL CONTRACTOR,94538,27519,11556.52,Cary,27519
22-08821980,SOLAR PV SYSTEM,,2022-05-12,PLANS WITHDRAWN (PW),TC,Permit Cancelled,2022-05-24,0,0,,,,27513,0.0,Cary,27513
22-08831016,SOLAR PV SYSTEM,2022-08-09,2022-05-13,CERTICATE OF COMPLIANCE (CC),TC,Occupancy,2022-08-22,0,41432,NC SOLAR NOW INC,GENERAL CONTRACTOR,27604,27519,47336.6,Cary,27519
22-08841058,SOLAR PV SYSTEM,2022-05-25,2022-05-13,CERTICATE OF COMPLIANCE (CC),TC,Occupancy,2022-06-17,0,18089,NC SOLAR NOW INC,GENERAL CONTRACTOR,27604,27513,20666.92,Cary,27513
22-08850428,SOLAR PV SYSTEM,2022-05-24,2022-05-16,CERTICATE OF COMPLIANCE (CC),TC,Occupancy,2022-07-01,0,23414,8M SOLAR,GENERAL CONTRACTOR,27587,27519,26750.8,Cary,27519
22-08860026,SOLAR PV SYSTEM,2022-05-24,2022-05-17,CERTICATE OF COMPLIANCE (CC),TC,Occupancy,2022-08-02,0,25920,8M SOLAR,GENERAL CONTRACTOR,27587,27511,29613.94,Cary,27511
22-08871727,SOLAR PV SYSTEM,2022-07-26,2022-05-18,CERTICATE OF COMPLIANCE (CC),TC,Occupancy,2022-08-18,0,25800,"TESLA ENERGY OPERATIONS, INC.",GENERAL CONTRACTOR,94538,27519,29476.84,Cary,27519
22-08881240,SOLAR PV SYSTEM,2022-05-27,2022-05-19,CERTICATE OF COMPLIANCE (CC),TC,Occupancy,2022-10-28,0,22000,NC SOLAR NOW INC,GENERAL CONTRACTOR,27604,27519,25135.29,Cary,27519
22-08891971,SOLAR PV SYSTEM,,2022-05-19,EXPIRED APPLICATION (XA),TC,Permit Cancelled,2023-10-30,0,58619,,,,27513,66972.97,Cary,27513
22-08901791,SOLAR PV SYSTEM,2022-07-28,2022-05-20,CERTICATE OF COMPLIANCE (CC),TC,Occupancy,2022-09-19,0,25421,THOMPSON & SON ENERGY SOLUTIO,GENERAL CONTRACTOR,28027,27519,29043.82,Cary,27519
22-08910649,SOLAR PV SYSTEM,,2022-05-23,PLANS WITHDRAWN (PW),TC,Permit Cancelled,2022-07-12,0,4691,BLUE RAVEN SOLAR,UNLICENSED CONTRACTOR,84097,27539,5359.53,Apex,27539
22-08921017,SOLAR PV SYSTEM,2022-05-27,2022-05-23,CERTICATE OF COMPLIANCE (CC),CC,Occupancy,2022-07-07,0,29375,NC SOLAR NOW INC,GENERAL CONTRACTOR,27604,27519,33561.32,Cary,27519
22-08931554,SOLAR PV SYSTEM,2022-05-31,2022-05-24,CERTICATE OF COMPLIANCE (CC),TC,Occupancy,2022-07-01,0,30317,SOUTHERN ENERGY MANAGEMENT,GENERAL CONTRACTOR,27617,27518,34637.57,Cary,27518
22-08940027,SOLAR PV SYSTEM,2022-07-08,2022-05-25,CERTICATE OF COMPLIANCE (CC),TC,Occupancy,2022-07-15,0,30635,8M SOLAR,GENERAL CONTRACTOR,27587,27519,35000.89,Cary,27519
22-08951326,SOLAR PV SYSTEM,2022-05-31,2022-05-25,CERTICATE OF COMPLIANCE (CC),TC,Occupancy,2022-07-21,0,16060,NC SOLAR NOW INC,GENERAL CONTRACTOR,27604,27539,18348.76,Apex,27539
22-08961090,SOLAR PV SYSTEM,2022-06-06,2022-05-26,CERTICATE OF COMPLIANCE (CC),TC,Occupancy,2022-08-04,0,28994,NC SOLAR NOW INC,GENERAL CONTRACTOR,27604,27518,33126.02,Cary,27518
22-08971127,SOLAR PV SYSTEM,2022-06-06,2022-05-26,CERTICATE OF COMPLIANCE (CC),TC,Occupancy,2022-07-15,0,12495,NC SOLAR NOW INC,GENERAL CONTRACTOR,27604,27519,14275.7,Cary,27519
22-08981216,SOLAR PV SYSTEM,2022-07-28,2022-05-26,CERTICATE OF COMPLIANCE (CC),TC,Occupancy,2022-08-02,0,24380,NC SOLAR NOW INC,GENERAL CONTRACTOR,27604,27519,27854.47,Cary,27519
22-08991241,SOLAR PV SYSTEM,2022-05-31,2022-05-26,CERTICATE OF COMPLIANCE (CC),TC,Occupancy,2022-08-02,0,40185,NC SOLAR NOW INC,GENERAL CONTRACTOR,27604,27511,45911.89,Cary,27511
22-09001287,SOLAR PV SYSTEM,2022-06-06,2022-05-26,CERTICATE OF COMPLIANCE (CC),TC,Occupancy,2022-08-02,0,29900,NC SOLAR NOW INC,GENERAL CONTRACTOR,27604,27519,34161.14,Cary,27519
22-09010819,SOLAR PANELS,2022-07-08,2022-05-31,CERTICATE OF COMPLIANCE (CC),TC,Occupancy,2022-07-14,0,20078,EMERALD ENERGY LLC,GENERAL CONTRACTOR,27624,27511,22939.38,Cary,27511
22-09021942,SOLAR PV SYSTEM,2022-06-22,2022-05-31,CERTICATE OF COMPLIANCE (CC),TC,Occupancy,2022-07-14,0,28668,YES! SOLAR SOLUTIONS,GENERAL CONTRACTOR,27513,27518,32753.56,Cary,27518
22-09031972,SOLAR PV SYSTEM,,2022-05-31,PLANS WITHDRAWN (PW),TC,Permit Cancelled,2022-06-09,0,7900,,,,27513,9025.85,Cary,27513
22-09040222,SOLAR PV SYSTEM,2022-06-09,2022-06-01,CERTICATE OF COMPLIANCE (CC),TC,Occupancy,2022-07-15,0,30815,8M SOLAR,GENERAL CONTRACTOR,27587,27519,34729.49,Cary,27519
22-09050868,SOLAR PV SYSTEM,2022-06-29,2022-06-01,CERTICATE OF COMPLIANCE (CC),TC,Occupancy,2023-01-11,0,40600,GAF ENERGY LLC,GENERAL CONTRACTOR,94903,27519,45757.5,Cary,27519
22-09060373,SOLAR PV SYSTEM,2022-07-08,2022-06-02,CERTICATE OF COMPLIANCE (CC),TC,Occupancy,2022-08-04,0,27724,8M SOLAR,GENERAL CONTRACTOR,27587,27519,31245.84,Cary,27519
22-09070651,SOLAR PV SYSTEM,2022-08-11,2022-06-02,CERTICATE OF COMPLIANCE (CC),TC,Occupancy,2022-08-17,0,12716,BLUE RAVEN SOLAR,UNLICENSED CONTRACTOR,84097,27560,14331.34,Morrisville,27560
22-09081770,SOLAR PV SYSTEM,2022-06-10,2022-06-02,PERMIT ISSUED (PI),TC,Permit Issued,2022-06-10,0,18600,"TESLA ENERGY OPERATIONS, INC.",GENERAL CONTRACTOR,94538,27519,20962.8,Cary,27519
22-09091813,SOLAR PANELS,2022-12-01,2022-06-02,CERTICATE OF COMPLIANCE (CC),TC,Occupancy,2023-05-03,528,20000,"TITAN SOLAR POWER NC, INC",GENERAL CONTRACTOR,85210,27607,22540.64,Cary,27513
22-09100890,SOLAR PANELS,2022-06-15,2022-06-03,CERTICATE OF COMPLIANCE (CC),TC,Occupancy,2023-02-22,0,81837,"LGCY INSTALLATION SERVICES, LL",GENERAL CONTRACTOR,84043,27539,92232.92,Apex,27539
22-09110695,SOLAR PV SYSTEM,2023-01-25,2022-06-07,CERTICATE OF COMPLIANCE (CC),TC,Occupancy,2023-04-06,0,19129,YES! SOLAR SOLUTIONS,GENERAL CONTRACTOR,27513,27560,21559.0,Morrisville,27560
22-09120150,SOLAR PV SYSTEM,2022-08-02,2022-06-08,CERTICATE OF COMPLIANCE (CC),TC,Occupancy,2022-08-11,0,21000,8M SOLAR,GENERAL CONTRACTOR,27587,27519,23667.67,Cary,27519
22-09130223,SOLAR PV SYSTEM,2023-03-27,2022-06-08,CERTICATE OF COMPLIANCE (CC),TC,Occupancy,2023-04-17,0,35740,8M SOLAR,GENERAL CONTRACTOR,27587,27519,40280.13,Cary,27519
22-09141555,SOLAR PV SYSTEM,2022-06-13,2022-06-08,CERTICATE OF COMPLIANCE (CC),TC,Occupancy,2024-02-01,0,73692,SOUTHERN ENERGY MANAGEMENT,GENERAL CONTRACTOR,27617,27519,83053.25,Cary,27519
22-09150761,SOLAR PV SYSTEM,2022-06-21,2022-06-09,CERTICATE OF COMPLIANCE (CC),TC,Occupancy,2022-07-25,0,52987,YES! SOLAR SOLUTIONS,GENERAL CONTRACTOR,27513,27519,59718.05,Cary,27519
22-09161649,SOLAR PV SYSTEM,2022-08-08,2022-06-09,CERTICATE OF COMPLIANCE (CC),TC,Occupancy,2022-09-01,0,8600,"TESLA ENERGY OPERATIONS, INC.",GENERAL CONTRACTOR,94538,27519,9692.48,Cary,27519
22-09170492,SOLAR PV SYSTEM,2022-11-07,2022-06-13,CERTICATE OF COMPLIANCE (CC),TC,Occupancy,2023-05-04,0,33632,"MARC JONES CONSTRUCTION, LLC",GENERAL CONTRACTOR,70433,27607,37904.34,Raleigh,27607
22-09181517,SOLAR PV SYSTEM,2022-07-06,2022-06-13,CERTICATE OF COMPLIANCE (CC),TC,Occupancy,2023-11-06,0,34632,SOUTHERN ENERGY MANAGEMENT,GENERAL CONTRACTOR,27617,27539,39031.37,Apex,27539
22-09190107,SOLAR PV SYSTEM,2022-06-28,2022-06-15,CERTICATE OF COMPLIANCE (CC),CC,Occupancy,2022-07-15,0,27200,8M SOLAR,GENERAL CONTRACTOR,27587,27519,30655.27,Cary,27519
22-09201059,SOLAR PV SYSTEM,2022-07-19,2022-06-15,CERTICATE OF COMPLIANCE (CC),TC,Occupancy,2022-07-27,0,13961,NC SOLAR NOW INC,GENERAL CONTRACTOR,27604,27523,15734.49,Apex,27523
22-09211217,SOLAR PV SYSTEM,2022-07-05,2022-06-15,CERTICATE OF COMPLIANCE (CC),TC,Occupancy,2022-07-12,0,14910,NC SOLAR NOW INC,GENERAL CONTRACTOR,27604,27519,16804.05,Cary,27519
22-09221175,SOLAR PV SYSTEM,2022-08-11,2022-06-16,CERTICATE OF COMPLIANCE (CC),TC,Occupancy,2022-08-17,0,19345,NC SOLAR NOW INC,GENERAL CONTRACTOR,27604,27513,21802.44,Cary,27513
22-09230270,SOLAR PV SYSTEM,2022-06-30,2022-06-17,CERTICATE OF COMPLIANCE (CC),CC,Occupancy,2022-07-19,0,29100,8M SOLAR,GENERAL CONTRACTOR,27587,27519,32796.63,Cary,27519
22-09240652,SOLAR PV SYSTEM,2022-07-25,2022-06-17,CERTICATE OF COMPLIANCE (CC),TC,Occupancy,2022-08-22,0,24465,BLUE RAVEN SOLAR,UNLICENSED CONTRACTOR,84097,27519,27572.84,Cary,27519
22-09251176,SOLAR PV SYSTEM,2022-08-17,2022-06-17,CERTICATE OF COMPLIANCE (CC),TC,Occupancy,2022-09-02,0,25584,NC SOLAR NOW INC,GENERAL CONTRACTOR,27604,27606,28833.99,Raleigh,27606
22-09260493,SOLAR PV SYSTEM,2022-10-18,2022-06-20,CERTICATE OF COMPLIANCE (CC),TC,Occupancy,2023-05-04,0,56898,"MARC JONES CONSTRUCTION, LLC",GENERAL CONTRACTOR,70433,27518,64125.87,Cary,27518
22-09271541,SOLAR PV SYSTEM,2022-07-05,2022-06-20,CERTICATE OF COMPLIANCE (CC),TC,Occupancy,2022-07-27,0,72961,SOUTHERN ENERGY MANAGEMENT,GENERAL CONTRACTOR,27617,27511,82229.39,Cary,27511
22-09280028,SOLAR PV SYSTEM,2022-06-28,2022-06-21,CERTICATE OF COMPLIANCE (CC),TC,Occupancy,2022-08-11,0,28500,8M SOLAR,GENERAL CONTRACTOR,27587,27513,32120.41,Cary,27513
22-09290189,SOLAR PV SYSTEM,2022-07-01,2022-06-21,CERTICATE OF COMPLIANCE (CC),TC,Occupancy,2022-09-13,0,27160,8M SOLAR,GENERAL CONTRACTOR,27587,27523,30610.19,Apex,27523
22-09300320,SOLAR PV SYSTEM,2022-07-01,2022-06-21,CERTICATE OF COMPLIANCE (CC),TC,Occupancy,2022-09-13,0,46619,8M SOLAR,GENERAL CONTRACTOR,27587,27540,52541.11,Cary,27518
22-09310768,SOLAR PV SYSTEM,2022-08-11,2022-06-21,CERTICATE OF COMPLIANCE (CC),TC,Occupancy,2022-10-13,0,8000,COVENANT SOLAR TECH LLC,GENERAL CONTRACTOR,27704,27519,9016.26,Cary,27519
22-09321060,SOLAR PV SYSTEM,2022-08-12,2022-06-21,CERTICATE OF COMPLIANCE (CC),TC,Occupancy,2022-08-24,0,17100,NC SOLAR NOW INC,GENERAL CONTRACTOR,27604,33172,19272.25,Apex,27539
22-09331218,SOLAR PV SYSTEM,2022-06-30,2022-06-21,CERTICATE OF COMPLIANCE (CC),TC,Occupancy,2022-08-23,0,14834,NC SOLAR NOW INC,GENERAL CONTRACTOR,27604,27519,16718.39,Cary,27519
22-09341454,SOLAR PV SYSTEM,2022-07-28,2022-06-21,CERTICATE OF COMPLIANCE (CC),TC,Occupancy,2022-08-25,0,31755,RENU ENERGY SOLUTIONS LLC,GENERAL CONTRACTOR,28217,27519,35788.9,Cary,27519
22-09351650,SOLAR PV SYSTEM,2022-07-01,2022-06-21,CERTICATE OF COMPLIANCE (CC),TC,Occupancy,2022-12-28,0,15800,"TESLA ENERGY OPERATIONS, INC.",GENERAL CONTRACTOR,94538,27518,17807.11,Cary,27518
22-09361661,SOLAR PV SYSTEM,2022-07-07,2022-06-21,CERTICATE OF COMPLIANCE (CC),CC,Occupancy,2022-08-18,0,11400,"TESLA ENERGY OPERATIONS, INC.",GENERAL CONTRACTOR,94538,27526,12848.17,Apex,27523
22-09371884,SOLAR PV SYSTEM,,2022-06-22,EXPIRED APPLICATION (XA),TC,Permit Cancelled,2023-10-30,0,13600,TRIANGLE SWIMMING POOL COMPANY,GENERAL CONTRACTOR,27520,27519,15327.64,Cary,27519
22-09381662,SOLAR PV STORAGE,2022-07-12,2022-06-24,PERMIT ISSUED (PI),TC,Permit Issued,2022-07-12,0,7200,"TESLA ENERGY OPERATIONS, INC.",GENERAL CONTRACTOR,94538,27523,8114.63,Apex,27523
22-09391728,SOLAR PV SYSTEM,,2022-06-27,PLANS WITHDRAWN (PW),TC,Permit Cancelled,2022-09-22,0,10000,"TESLA ENERGY OPERATIONS, INC.",GENERAL CONTRACTOR,94538,27519,11270.32,Cary,27519
22-09401757,SOLAR PV SYSTEM,2022-09-15,2022-06-27,CERTICATE OF COMPLIANCE (CC),TC,Occupancy,2022-09-23,0,5700,"TESLA ENERGY OPERATIONS, INC.",GENERAL CONTRACTOR,94538,27511,6424.08,Cary,27511
22-09411688,SOLAR PV SYSTEM,2022-07-12,2022-06-28,CERTICATE OF COMPLIANCE (CC),TC,Occupancy,2022-08-09,0,8600,"TESLA ENERGY OPERATIONS, INC.",GENERAL CONTRACTOR,94538,27519,9692.48,Cary,27519
22-09421128,SOLAR PV SYSTEM,2022-07-20,2022-06-29,CERTICATE OF COMPLIANCE (CC),TC,Occupancy,2022-08-24,0,12500,NC SOLAR NOW INC,GENERAL CONTRACTOR,27604,27519,14087.9,Cary,27519
22-09431689,SOLAR PV SYSTEM,2022-07-21,2022-06-29,CERTICATE OF COMPLIANCE (CC),TC,Occupancy,2022-10-10,0,10000,"TESLA ENERGY OPERATIONS, INC.",GENERAL CONTRACTOR,94538,27519,11270.32,Cary,27519
22-09440869,SOLAR PV SYSTEM,2022-07-28,2022-06-30,CERTICATE OF COMPLIANCE (CC),TC,Occupancy,2023-01-23,0,26460,GAF ENERGY LLC,GENERAL CONTRACTOR,94903,27519,29821.27,Cary,27519
22-09451219,SOLAR PV SYSTEM,2022-07-12,2022-06-30,CERTICATE OF COMPLIANCE (CC),TC,Occupancy,2022-08-04,0,14410,NC SOLAR NOW INC,GENERAL CONTRACTOR,27604,27523,16240.53,Apex,27523
22-09461474,SOLAR PANELS,2022-09-19,2022-07-05,CERTICATE OF COMPLIANCE (CC),TC,Occupancy,2022-12-22,0,32000,SOLAR TYME,GENERAL CONTRACTOR,23237,27519,36069.29,Cary,27519
22-09471556,SOLAR PV SYSTEM,2022-07-15,2022-07-06,CERTICATE OF COMPLIANCE (CC),TC,Occupancy,2022-09-16,0,34892,SOUTHERN ENERGY MANAGEMENT,GENERAL CONTRACTOR,27617,27519,39329.05,Cary,27519
22-09481729,SOLAR PV SYSTEM,2022-07-21,2022-07-08,CERTICATE OF COMPLIANCE (CC),TC,Occupancy,2022-12-16,0,32000,"TESLA ENERGY OPERATIONS, INC.",GENERAL CONTRACTOR,94538,27513,36069.29,Cary,27513
22-09491771,SOLAR PV SYSTEM,2022-07-22,2022-07-08,CERTICATE OF COMPLIANCE (CC),TC,Occupancy,2022-12-09,388,10000,"TESLA ENERGY OPERATIONS, INC.",GENERAL CONTRACTOR,94538,27519,11271.65,Cary,27519
22-09501061,SOLAR PV SYSTEM,2022-07-21,2022-07-11,CERTICATE OF COMPLIANCE (CC),TC,Occupancy,2022-09-06,0,13052,NC SOLAR NOW INC,GENERAL CONTRACTOR,27604,27519,14711.76,Cary,27519
22-09511327,SOLAR PV SYSTEM,2022-07-26,2022-07-11,CERTICATE OF COMPLIANCE (CC),TC,Occupancy,2022-09-06,0,16525,NC SOLAR NOW INC,GENERAL CONTRACTOR,27604,27519,18626.41,Cary,27519
22-09520494,SOLAR PV SYSTEM,2022-10-13,2022-07-12,CERTICATE OF COMPLIANCE (CC),TC,Occupancy,2023-04-06,0,29065,"MARC JONES CONSTRUCTION, LLC",GENERAL CONTRACTOR,70433,27539,32761.06,Apex,27539
22-09530639,SOLAR PV SYSTEM,,2022-07-12,ADMINISTRATIVELY CLOSED (AC),TC,Permit Cancelled,2022-10-31,0,15811,BLUE RAVEN SOLAR,UNLICENSED CONTRACTOR,84097,27513,17821.61,Cary,27513
22-09541018,SOLAR PV SYSTEM,2022-07-20,2022-07-12,CERTICATE OF COMPLIANCE (CC),TC,Occupancy,2022-10-25,0,64650,NC SOLAR NOW INC,GENERAL CONTRACTOR,27604,27519,72871.23,Cary,27519
22-09551220,SOLAR PV SYSTEM,2022-07-20,2022-07-12,CERTICATE OF COMPLIANCE (CC),TC,Occupancy,2022-08-15,0,14147,NC SOLAR NOW INC,GENERAL CONTRACTOR,27604,27519,15946.01,Cary,27519
22-09561478,SOLAR PV SYSTEM,2022-07-20,2022-07-12,CERTICATE OF COMPLIANCE (CC),CC,Occupancy,2022-09-06,0,21831,SOUTHERN ENERGY MANAGEMENT,GENERAL CONTRACTOR,27617,27519,24607.14,Cary,27519
22-09571019,SOLAR PV SYSTEM,2022-08-17,2022-07-13,CERTICATE OF COMPLIANCE (CC),TC,Occupancy,2022-08-23,0,38775,NC SOLAR NOW INC,GENERAL CONTRACTOR,27604,27513,43705.83,Cary,27513
22-09581976,SOLAR PV SYSTEM,,2022-07-14,PLANS WITHDRAWN (PW),TC,Permit Cancelled,2022-09-06,0,6300,,,,27513,7101.14,Cary,27513
22-09591479,SOLAR PV SYSTEM,2022-07-27,2022-07-15,CERTICATE OF COMPLIANCE (CC),TC,Occupancy,2022-08-30,0,22948,SOUTHERN ENERGY MANAGEMENT,GENERAL CONTRACTOR,27617,27511,25866.19,Cary,27511
22-09600429,SOLAR PV SYSTEM,,2022-07-19,PLANS WITHDRAWN (PW),TC,Permit Cancelled,2023-02-15,0,24500,8M SOLAR,GENERAL CONTRACTOR,27587,27513,27615.55,Cary,27513
22-09610710,Solar PV System,2022-08-31,2022-07-20,CERTICATE OF COMPLIANCE (CC),TC,Occupancy,2022-09-02,0,41133,YES! SOLAR SOLUTIONS,GENERAL CONTRACTOR,27513,27513,46363.69,Cary,27513
22-09621772,SOLAR PV SYSTEM,2022-08-07,2022-07-20,CERTICATE OF COMPLIANCE (CC),TC,Occupancy,2023-03-06,0,21500,"TESLA ENERGY OPERATIONS, INC.",GENERAL CONTRACTOR,94538,27519,24234.05,Cary,27519
22-09631930,SOLAR PANEL,2022-10-17,2022-07-20,CERTICATE OF COMPLIANCE (CC),TC,Occupancy,2022-11-02,0,41588,YES! SOLAR SOLUTIONS,GENERAL CONTRACTOR,27513,27518,46876.55,Cary,27518
22-09641328,SOLAR PV SYSTEM,2022-07-27,2022-07-21,CERTICATE OF COMPLIANCE (CC),TC,Occupancy,2022-10-13,0,15899,NC SOLAR NOW INC,GENERAL CONTRACTOR,27604,27519,17920.8,Cary,27519
22-09651943,SOLAR PANELS,2022-08-26,2022-07-21,CERTICATE OF COMPLIANCE (CC),TC,Occupancy,2022-09-01,480,24540,YES! SOLAR SOLUTIONS,GENERAL CONTRACTOR,27513,27519,27660.63,Cary,27519
22-09660108,SOLAR PV SYSTEM,2022-07-27,2022-07-22,CERTICATE OF COMPLIANCE (CC),TC,Occupancy,2022-10-24,0,25250,8M SOLAR,GENERAL CONTRACTOR,27587,27513,28460.92,Cary,27513
22-09670374,SOLAR PV SYSTEM,2022-08-02,2022-07-22,CERTICATE OF COMPLIANCE (CC),TC,Occupancy,2022-10-03,0,30050,8M SOLAR,GENERAL CONTRACTOR,27587,27519,33871.31,Cary,27519
22-09681521,Solar PV System,2022-08-10,2022-07-22,CERTICATE OF COMPLIANCE (CC),TC,Occupancy,2022-09-16,0,41224,SOUTHERN ENERGY MANAGEMENT,GENERAL CONTRACTOR,27617,27519,46466.26,Cary,27519
22-09691875,SOLAR PV SYSTEM,2022-08-24,2022-07-22,CERTICATE OF COMPLIANCE (CC),CC,Occupancy,2022-09-30,0,26737,TOP TIER SOLAR SOLUTIONS 87345,GENERAL CONTRACTOR,29016,27519,30137.02,Cary,27519
22-09701493,Solar PV System,2022-08-09,2022-07-27,CERTICATE OF COMPLIANCE (CC),TC,Occupancy,2022-09-26,0,23816,SOUTHERN ENERGY MANAGEMENT,GENERAL CONTRACTOR,27617,27539,26844.57,Apex,27539
22-09711730,SOLAR PV SYSTEM,2022-12-28,2022-07-29,CERTICATE OF COMPLIANCE (CC),TC,Occupancy,2023-02-09,0,8600,"TESLA ENERGY OPERATIONS, INC.",GENERAL CONTRACTOR,94538,27519,9693.62,Cary,27519
22-09721927,Solar PV System,2022-09-21,2022-07-29,CERTICATE OF COMPLIANCE (CC),TC,Occupancy,2022-09-30,320,35943,YES! SOLAR SOLUTIONS,GENERAL CONTRACTOR,27513,27519,40513.7,Cary,27519
22-09730839,SOLAR PV SYSTEM,2022-10-21,2022-08-01,CERTICATE OF COMPLIANCE (CC),TC,Occupancy,2023-04-13,0,19200,FLUENT SOLAR LLC,UNLICENSED CONTRACTOR,84062,27519,21649.24,Cary,27519
22-09741542,SOLAR PV SYSTEM,2022-08-23,2022-08-01,CERTICATE OF COMPLIANCE (CC),TC,Occupancy,2022-09-29,0,27891,SOUTHERN ENERGY MANAGEMENT,GENERAL CONTRACTOR,27617,27519,31448.91,Cary,27519
22-09750029,SOLAR PV SYSTEM,2022-08-10,2022-08-03,CERTICATE OF COMPLIANCE (CC),CC,Occupancy,2022-09-21,0,22400,8M SOLAR,GENERAL CONTRACTOR,27587,27519,25257.45,Cary,27519
22-09760151,Solar PV System,2022-08-10,2022-08-03,PERMIT ISSUED (PI),TC,Permit Issued,2022-08-10,0,30000,8M SOLAR,GENERAL CONTRACTOR,27616,27519,33826.94,Cary,27519
22-09770224,SOLAR PV SYSTEM,2022-08-19,2022-08-03,CERTICATE OF COMPLIANCE (CC),TC,Occupancy,2022-11-28,0,41300,8M SOLAR,GENERAL CONTRACTOR,27587,27519,46568.43,Cary,27519
22-09780497,Solar PV System,2023-03-28,2022-08-03,CERTICATE OF COMPLIANCE (CC),TC,Occupancy,2023-04-14,0,47272,ALPHA CONTRACTING LLC,GENERAL CONTRACTOR,27529,27513,53302.24,Cary,27513
22-09791221,SOLAR PANELS,2022-08-18,2022-08-04,CERTICATE OF COMPLIANCE (CC),TC,Occupancy,2022-09-15,0,20861,NC SOLAR NOW INC,GENERAL CONTRACTOR,27604,27519,23522.13,Cary,27519
22-09801222,SOALR PANELS,2022-08-18,2022-08-05,CERTICATE OF COMPLIANCE (CC),TC,Occupancy,2022-10-13,0,14147,NC SOLAR NOW INC,GENERAL CONTRACTOR,27604,27519,15951.66,Cary,27519
22-09811288,SOLAR PANELS,2022-08-25,2022-08-05,CERTICATE OF COMPLIANCE (CC),TC,Occupancy,2022-10-13,0,22828,NC SOLAR NOW INC,GENERAL CONTRACTOR,27604,27519,25740.05,Cary,27519
22-09821475,SOLAR PANELS,2022-09-13,2022-08-08,CERTICATE OF COMPLIANCE (CC),TC,Occupancy,2024-02-09,0,85026,SOLARED LLC,GENERAL CONTRACTOR,27613,27606,95872.33,Raleigh,27606
22-09831962,SOLAR PV SYSTEM,,2022-08-11,EXPIRED APPLICATION (XA),TC,Permit Cancelled,2023-10-31,0,40683,,,,27519,45872.72,Cary,27519
22-09841151,SOLAR PV SYSTEM,2022-09-08,2022-08-12,CERTICATE OF COMPLIANCE (CC),TC,Occupancy,2022-09-16,0,18899,NC SOLAR NOW INC,GENERAL CONTRACTOR,27604,27523,21309.85,Apex,27523
22-09850152,SOLAR PV SYSTEM,2022-08-19,2022-08-15,CERTICATE OF COMPLIANCE (CC),CC,Occupancy,2022-11-04,0,23400,8M SOLAR,GENERAL CONTRACTOR,27616,27523,26385.02,Apex,27523
22-09860662,SOLAR PV SYSTEM,2022-09-30,2022-08-15,CERTICATE OF COMPLIANCE (CC),TC,Occupancy,2022-10-05,0,25137,BLUE RAVEN SOLAR,UNLICENSED CONTRACTOR,84097,27519,28343.6,Cary,27519
22-09870190,SOLAR PV SYSTEM,2022-08-19,2022-08-16,CERTICATE OF COMPLIANCE (CC),TC,Occupancy,2022-11-07,0,46400,8M SOLAR,GENERAL CONTRACTOR,27587,27518,52319.01,Cary,27518
22-09881329,SOLAR PV SYSTEM,2022-08-23,2022-08-16,PERMIT ISSUED (PI),TC,Permit Issued,2022-08-23,0,18170,NC SOLAR NOW INC,GENERAL CONTRACTOR,27604,27607,20487.85,Cary,27519
22-09890109,SOLAR PV SYSTEM,2022-10-13,2022-08-17,CERTICATE OF COMPLIANCE (CC),TC,Occupancy,2022-11-28,0,40900,8M SOLAR,GENERAL CONTRACTOR,27587,27519,46117.4,Cary,27519
22-09900375,SOLAR PV SYSTEM,2022-08-29,2022-08-17,CERTICATE OF COMPLIANCE (CC),TC,Occupancy,2022-09-30,0,20500,8M SOLAR,GENERAL CONTRACTOR,27587,27511,23115.08,Cary,27511
22-09911731,SOLAR PV SYSTEM,2023-03-27,2022-08-17,CERTICATE OF COMPLIANCE (CC),TC,Occupancy,2023-03-31,0,11900,"TESLA ENERGY OPERATIONS, INC.",GENERAL CONTRACTOR,94538,27519,13418.02,Cary,27519
22-09920030,SOLAR PANELS,2022-08-30,2022-08-18,CERTICATE OF COMPLIANCE (CC),TC,Occupancy,2022-09-30,0,29248,8M SOLAR,GENERAL CONTRACTOR,27587,27519,32979.02,Cary,27519
22-09930515,SOLAR PV SYSTEM,2022-11-21,2022-08-19,PERMIT ISSUED (PI),TC,Permit Issued,2022-11-21,0,30056,ALPHA CONTRACTING LLC,GENERAL CONTRACTOR,27529,27519,33890.09,Cary,27519
22-09941395,SOLAR PV SYSTEM,2022-09-19,2022-08-22,CERTICATE OF COMPLIANCE (CC),TC,Occupancy,2023-03-13,0,26000,PALMETTO SOLAR LLC,GENERAL CONTRACTOR,29405,27511,29316.69,Cary,27511
22-09950031,Solar PV System & NEMA 14-50 Outlet Installation,2022-09-07,2022-08-23,CERTICATE OF COMPLIANCE (CC),TC,Occupancy,2022-09-27,0,16800,8M SOLAR,GENERAL CONTRACTOR,27587,27513,18943.09,Cary,27513
22-09961020,SOLAR PV SYSTEM,2022-11-29,2022-08-23,CERTICATE OF COMPLIANCE (CC),TC,Occupancy,2022-12-30,0,47150,NC SOLAR NOW INC,GENERAL CONTRACTOR,27604,27519,53164.68,Cary,27519
22-09971152,SOLAR PV SYSTEM,2022-08-30,2022-08-23,CERTICATE OF COMPLIANCE (CC),TC,Occupancy,2022-09-19,0,13315,NC SOLAR NOW INC,GENERAL CONTRACTOR,27604,27519,15013.53,Cary,27519
22-09981919,SOLAR PV SYSTEM,2022-09-19,2022-08-23,CERTICATE OF COMPLIANCE (CC),TC,Occupancy,2022-09-27,0,21753,YES! SOLAR SOLUTIONS,GENERAL CONTRACTOR,27513,27519,24527.92,Cary,27519
22-09991936,Solar PV System,2022-10-04,2022-08-24,CERTICATE OF COMPLIANCE (CC),TC,Occupancy,2022-10-07,660,31741,YES! SOLAR SOLUTIONS,GENERAL CONTRACTOR,27513,27518,35790.03,Cary,27518
22-10001432,SOLAR PANELS,2022-11-07,2022-08-25,CERTICATE OF COMPLIANCE (CC),TC,Occupancy,2023-01-04,0,18615,PURE ENERGY LLC,GENERAL CONTRACTOR,85284,27511,20989.62,Cary,27511
22-10010153,SOLAR PV SYSTEM,2022-09-13,2022-08-26,CERTICATE OF COMPLIANCE (CC),CC,Occupancy,2022-10-14,0,23520,8M SOLAR,GENERAL CONTRACTOR,27587,27523,26520.32,Apex,27523
22-10021091,SOLAR PV SYSTEM,2022-10-11,2022-08-26,CERTICATE OF COMPLIANCE (CC),TC,Occupancy,2022-10-25,0,20471,NC SOLAR NOW INC,GENERAL CONTRACTOR,27604,27519,23082.38,Cary,27519
22-10030510,SOLAR PV SYSTEM,2022-10-18,2022-08-29,CERTICATE OF COMPLIANCE (CC),TC,Occupancy,2022-10-24,0,30991,ALPHA CONTRACTING LLC,GENERAL CONTRACTOR,27529,27519,34944.36,Cary,27519
22-10040640,SOLAR PV SYSTEM,2022-09-26,2022-08-29,CERTICATE OF COMPLIANCE (CC),TC,Occupancy,2022-12-09,0,21337,BLUE RAVEN SOLAR,UNLICENSED CONTRACTOR,84097,27519,24058.85,Cary,27519
22-10051758,SOLAR PV SYSTEM,2022-09-24,2022-08-29,CERTICATE OF COMPLIANCE (CC),TC,Occupancy,2023-03-17,0,11400,"TESLA ENERGY OPERATIONS, INC.",GENERAL CONTRACTOR,94538,27519,12854.24,Cary,27519
22-10061129,Solar PV System,2022-10-19,2022-08-30,CERTICATE OF COMPLIANCE (CC),TC,Occupancy,2024-10-24,418,22547,NC SOLAR NOW INC,GENERAL CONTRACTOR,27604,27523,25423.2,Apex,27523
22-10071223,SOLAR PV SYSTEM,2022-09-21,2022-08-30,CERTICATE OF COMPLIANCE (CC),TC,Occupancy,2022-11-02,0,24960,NC SOLAR NOW INC,GENERAL CONTRACTOR,27604,27523,28144.02,Apex,27523
22-10081365,SOLAR PV SYSTEM,2022-12-14,2022-08-30,CERTICATE OF COMPLIANCE (CC),TC,Occupancy,2023-03-02,0,58000,NEXUS ENERGY SYSTEMS LLC,GENERAL CONTRACTOR,92806,27518,65398.76,Cary,27518
22-10091366,SOLAR PV SYSTEM,2023-02-07,2022-08-30,CERTICATE OF COMPLIANCE (CC),TC,Occupancy,2023-03-02,0,77000,NEXUS ENERGY SYSTEMS LLC,GENERAL CONTRACTOR,92806,27518,86822.49,Cary,27518
22-10101759,SOLAR PV SYSTEM,2022-09-21,2022-08-30,CERTICATE OF COMPLIANCE (CC),TC,Occupancy,2022-11-04,0,11400,"TESLA ENERGY OPERATIONS, INC.",GENERAL CONTRACTOR,94538,27519,12854.24,Cary,27519
22-10111799,SOLAR PANELS,2022-11-10,2022-08-30,CERTICATE OF COMPLIANCE (CC),CC,Occupancy,2022-11-21,0,9600,"TITAN SOLAR POWER NC, INC",GENERAL CONTRACTOR,85210,27519,10824.62,Cary,27519
22-10120655,SOLAR PV SYSTEM,2022-09-30,2022-08-31,CERTICATE OF COMPLIANCE (CC),TC,Occupancy,2022-10-25,0,17599,BLUE RAVEN SOLAR,UNLICENSED CONTRACTOR,84097,27519,19844.01,Cary,27519
22-10131021,SOLAR PV SYSTEM,2022-09-09,2022-09-01,CERTICATE OF COMPLIANCE (CC),TC,Occupancy,2022-09-16,0,20900,NC SOLAR NOW INC,GENERAL CONTRACTOR,27604,27519,23515.53,Cary,27519
22-10141092,Solar PV System,2022-09-21,2022-09-02,CERTICATE OF COMPLIANCE (CC),TC,Occupancy,2022-10-21,304,20300,NC SOLAR NOW INC,GENERAL CONTRACTOR,27604,27519,22840.44,Cary,27519
22-10150032,SOLAR PV SYSTEM,2022-09-23,2022-09-06,CERTICATE OF COMPLIANCE (CC),TC,Occupancy,2022-10-18,0,20350,8M SOLAR,GENERAL CONTRACTOR,27587,27518,22896.7,Cary,27518
22-10161760,SOLAR PV SYSTEM,2022-10-27,2022-09-07,CERTICATE OF COMPLIANCE (CC),TC,Occupancy,2022-12-06,0,11400,"TESLA ENERGY OPERATIONS, INC.",GENERAL CONTRACTOR,94538,27519,12826.65,Cary,27519
22-10171093,Solar PV System,2022-10-21,2022-09-08,CERTICATE OF COMPLIANCE (CC),TC,Occupancy,2022-11-03,380,18396,NC SOLAR NOW INC,GENERAL CONTRACTOR,27604,27511,20698.17,Cary,27511
22-10181435,SOLAR PV SYSTEM,2022-09-22,2022-09-08,CERTICATE OF COMPLIANCE (CC),TC,Occupancy,2023-01-11,0,99783,"READY ROOFING, LLC",GENERAL CONTRACTOR,27520,27511,112270.33,Cary,27511
22-10191330,SOLAR PANELS,2022-10-18,2022-09-12,CERTICATE OF COMPLIANCE (CC),TC,Occupancy,2022-10-20,0,16961,NC SOLAR NOW INC,GENERAL CONTRACTOR,27604,27523,19083.58,Apex,27523
22-10201711,SOLAR PV SYSTEM,2023-05-30,2022-09-12,PERMIT ISSUED (PI),TC,Permit Issued,2023-05-30,0,17300,"TESLA ENERGY OPERATIONS, INC.",GENERAL CONTRACTOR,94538,27519,19465.01,Cary,27519
22-10211289,SOLAR PANELS,2022-10-18,2022-09-13,CERTICATE OF COMPLIANCE (CC),TC,Occupancy,2022-10-24,494,40285,NC SOLAR NOW INC,GENERAL CONTRACTOR,27604,27560,45326.46,Morrisville,27560
22-10221773,SOLAR PV SYSTEM,2022-11-15,2022-09-13,CERTICATE OF COMPLIANCE (CC),CC,Occupancy,2023-02-09,0,16700,"TESLA ENERGY OPERATIONS, INC.",GENERAL CONTRACTOR,94538,27519,18789.92,Cary,27519
22-10231805,SOLAR PANELS,2023-04-14,2022-09-13,CERTICATE OF COMPLIANCE (CC),TC,Occupancy,2023-04-26,0,24000,"TITAN SOLAR POWER NC, INC",GENERAL CONTRACTOR,85210,27519,27003.48,Cary,27519
22-10240500,SOLAR PV SYSTEM,2022-09-21,2022-09-14,CERTICATE OF COMPLIANCE (CC),TC,Occupancy,2022-11-10,0,32273,ALPHA CONTRACTING LLC,GENERAL CONTRACTOR,27529,27519,36311.8,Cary,27519
22-10250653,SOLAR PV SYSTEM,2022-10-05,2022-09-14,CERTICATE OF COMPLIANCE (CC),CC,Occupancy,2022-10-27,0,27696,BLUE RAVEN SOLAR,UNLICENSED CONTRACTOR,84097,27519,31162.01,Cary,27519
22-10260858,SOLAR PV SYSTEM,2022-12-06,2022-09-14,CERTICATE OF COMPLIANCE (CC),TC,Occupancy,2022-12-16,0,47759,FREEDOM SOLAR POWER,UNLICENSED CONTRACTOR,78744,27513,53735.79,Cary,27513
22-10271638,SOLAR PV SYSTEM,2022-10-05,2022-09-14,CERTICATE OF COMPLIANCE (CC),TC,Occupancy,2022-12-16,0,27300,SUSTAINABLE LIGHTING SOLUTIONS,GENERAL CONTRACTOR,29456,27518,30716.46,Cary,27518
22-10281761,SOLAR PV SYSTEM,,2022-09-14,ADMINISTRATIVELY CLOSED (AC),TOM,Permit Cancelled,2022-09-19,0,17100,"TESLA ENERGY OPERATIONS, INC.",GENERAL CONTRACTOR,94538,27513,19239.98,Cary,27513
22-10290498,SOLAR PV SYSTEM,2022-10-26,2022-09-15,CERTICATE OF COMPLIANCE (CC),TC,Occupancy,2022-11-02,0,30586,ALPHA CONTRACTING LLC,GENERAL CONTRACTOR,27529,27539,34413.68,Apex,27539
22-10300664,SOLAR PV SYSTEM,2022-11-01,2022-09-15,CERTICATE OF COMPLIANCE (CC),TC,Occupancy,2022-11-07,0,29064,BLUE RAVEN SOLAR,UNLICENSED CONTRACTOR,84097,27519,32701.21,Cary,27519
22-10311022,SOLAR PV SYSTEM,2022-11-08,2022-09-15,CERTICATE OF COMPLIANCE (CC),TC,Occupancy,2022-11-14,0,33048,NC SOLAR NOW INC,GENERAL CONTRACTOR,27604,27519,37183.79,Cary,27519
22-10320376,SOLAR PV SYSTEM,2022-09-28,2022-09-16,CERTICATE OF COMPLIANCE (CC),CC,Occupancy,2022-11-29,0,21500,8M SOLAR,GENERAL CONTRACTOR,27616,27519,24190.61,Cary,27519
22-10331815,SOLAR PV SYSTEM,2023-02-07,2022-09-19,CERTICATE OF COMPLIANCE (CC),CC,Occupancy,2023-10-12,0,36000,"TITAN SOLAR POWER NC, INC",GENERAL CONTRACTOR,85210,27523,40505.22,Apex,27523
22-10341094,SOLAR PV SYSTEM,2022-11-08,2022-09-20,CERTICATE OF COMPLIANCE (CC),TC,Occupancy,2022-11-15,0,19998,NC SOLAR NOW INC,GENERAL CONTRACTOR,27604,27519,22500.65,Cary,27511
22-10351712,SOLAR PV SYSTEM,2022-09-27,2022-09-20,CERTICATE OF COMPLIANCE (CC),TC,Occupancy,2022-12-21,0,21500,"TESLA ENERGY OPERATIONS, INC.",GENERAL CONTRACTOR,94538,27519,24190.61,Cary,27519
22-10361741,SOLAR PV SYSTEM,2022-09-27,2022-09-20,PLANS WITHDRAWN (PW),TC,Permit Cancelled,2023-03-22,0,14300,"TESLA ENERGY OPERATIONS, INC.",GENERAL CONTRACTOR,94538,27519,16089.57,Cary,27519
22-10370110,SOLAR PV SYSTEM,2022-09-27,2022-09-21,PERMIT ISSUED (PI),CC,Permit Issued,2022-09-27,0,27100,8M SOLAR,GENERAL CONTRACTOR,27616,27560,30491.43,Cary,27519
22-10381095,SOLAR PV SYSTEM,2022-11-09,2022-09-21,CERTICATE OF COMPLIANCE (CC),TC,Occupancy,2022-11-28,0,30740,NC SOLAR NOW INC,GENERAL CONTRACTOR,27604,27518,34586.95,Cary,27518
22-10391062,SOLAR PV SYSTEM,2022-12-01,2022-09-22,CERTICATE OF COMPLIANCE (CC),CC,Occupancy,2022-12-22,0,37859,NC SOLAR NOW INC,GENERAL CONTRACTOR,27604,27523,42596.86,Apex,27523
22-10401331,SOLAR PV SYSTEM,2022-11-10,2022-09-22,CERTICATE OF COMPLIANCE (CC),TC,Occupancy,2022-11-15,0,25948,NC SOLAR NOW INC,GENERAL CONTRACTOR,27604,27513,29195.26,Cary,27513
22-10411713,SOLAR PV SYSTEM,2022-09-28,2022-09-22,CERTICATE OF COMPLIANCE (CC),TC,Occupancy,2022-12-20,0,11400,"TESLA ENERGY OPERATIONS, INC.",GENERAL CONTRACTOR,94538,27513,12826.65,Cary,27513
22-10420430,SOLAR PV SYSTEM,2022-10-13,2022-09-23,CERTICATE OF COMPLIANCE (CC),TC,Occupancy,2022-11-10,0,32418,8M SOLAR,GENERAL CONTRACTOR,27587,27519,36474.95,Cary,27519
22-10430696,SOLAR PV SYSTEM,2022-10-21,2022-09-23,CERTICATE OF COMPLIANCE (CC),TC,Occupancy,2022-11-02,0,29520,YES! SOLAR SOLUTIONS,GENERAL CONTRACTOR,27513,27519,33214.28,Cary,27519
22-10441177,SOLAR PV SYSTEM,2022-11-14,2022-09-23,CERTICATE OF COMPLIANCE (CC),TC,Occupancy,2022-11-21,0,36288,NC SOLAR NOW INC,GENERAL CONTRACTOR,27604,27511,40829.26,Cary,27511
22-10451977,SOLAR PV SYSTEM,,2022-09-23,PLANS WITHDRAWN (PW),TC,Permit Cancelled,2022-10-04,0,35000,,,,27511,39380.07,Cary,27511
22-10460377,SOLAR PV SYSTEM,2022-10-13,2022-09-26,CERTICATE OF COMPLIANCE (CC),TC,Occupancy,2022-11-10,0,17500,8M SOLAR,GENERAL CONTRACTOR,27587,27511,19690.04,Cary,27511
22-10470645,SOLAR PV SYSTEM,2022-11-04,2022-09-26,CERTICATE OF COMPLIANCE (CC),TC,Occupancy,2022-11-08,0,29090,BLUE RAVEN SOLAR,UNLICENSED CONTRACTOR,84097,27523,32730.46,Apex,27523
22-10480656,SOLAR PV SYSTEM,2022-11-09,2022-09-26,CERTICATE OF COMPLIANCE (CC),TC,Occupancy,2022-11-15,0,20607,BLUE RAVEN SOLAR,UNLICENSED CONTRACTOR,84097,27519,23185.86,Cary,27519
22-10491023,SOLAR PV SYSTEM,2022-11-14,2022-09-29,PERMIT ISSUED (PI),CC,Permit Issued,2022-11-14,0,19126,NC SOLAR NOW INC,GENERAL CONTRACTOR,27604,27519,21519.52,Cary,27519
22-10501024,SOLAR PV SYSTEM,2022-10-10,2022-09-29,PERMIT ISSUED (PI),CC,Permit Issued,2022-10-10,0,15552,NC SOLAR NOW INC,GENERAL CONTRACTOR,27604,27519,17498.25,Cary,27519
22-10511368,SOLAR PV SYSTEM,2023-03-31,2022-09-29,CERTICATE OF COMPLIANCE (CC),TC,Occupancy,2023-05-23,0,65000,NEXUS ENERGY SYSTEMS LLC,GENERAL CONTRACTOR,92806,27519,73134.42,Cary,27519
22-10520820,Solar PV System,2022-11-30,2022-10-03,CERTICATE OF COMPLIANCE (CC),TC,Occupancy,2022-12-05,539,26210,EMERALD ENERGY LLC,GENERAL CONTRACTOR,27624,27519,29370.9,Cary,27519
22-10531096,SOLAR PV SYSTEM,2022-12-08,2022-10-03,CERTICATE OF COMPLIANCE (CC),TC,Occupancy,2023-01-03,0,30791,NC SOLAR NOW INC,GENERAL CONTRACTOR,27604,27519,34504.37,Cary,27519
22-10541130,SOLAR PV SYSTEM,2022-11-30,2022-10-03,CERTICATE OF COMPLIANCE (CC),TC,Occupancy,2022-12-06,0,36459,NC SOLAR NOW INC,GENERAL CONTRACTOR,27604,27513,40855.93,Cary,27513
22-10551178,SOLAR PV SYSTEM,2022-11-21,2022-10-03,CERTICATE OF COMPLIANCE (CC),TC,Occupancy,2022-12-05,0,24380,NC SOLAR NOW INC,GENERAL CONTRACTOR,27604,27519,27320.21,Cary,27519
22-10560321,TESLA BATTERY TO EXISTING SOLAR,2022-10-14,2022-10-04,CERTICATE OF COMPLIANCE (CC),TC,Occupancy,2023-01-03,0,27200,8M SOLAR,GENERAL CONTRACTOR,27587,27519,30480.3,Cary,27519
22-10570378,SOLAR PV SYSTEM,2022-10-21,2022-10-04,CERTICATE OF COMPLIANCE (CC),TC,Occupancy,2023-01-11,0,32400,8M SOLAR,GENERAL CONTRACTOR,27587,27519,36307.41,Cary,27519
22-10581097,SOLAR PV SYSTEM,2023-01-06,2022-10-05,CERTICATE OF COMPLIANCE (CC),TC,Occupancy,2023-01-13,0,24000,NC SOLAR NOW INC,GENERAL CONTRACTOR,27604,27519,26894.38,Cary,27519
22-10590322,SOLAR PV SYSTEM,2022-10-19,2022-10-06,CERTICATE OF COMPLIANCE (CC),TC,Occupancy,2023-01-25,0,61900,8M SOLAR,GENERAL CONTRACTOR,27587,27511,69365.09,Cary,27511
22-10601953,SOLAR PV SYSTEM,2023-04-10,2022-10-06,CERTICATE OF COMPLIANCE (CC),TC,Occupancy,2023-05-01,0,16530,YES! SOLAR SOLUTIONS,GENERAL CONTRACTOR,27513,27519,18523.5,Cary,27519
22-10610638,SOLAR PV SYSTEM,2022-12-13,2022-10-07,CERTICATE OF COMPLIANCE (CC),TC,Occupancy,2023-06-02,0,19947,"BRIAN GARLOCK CONSTRUCTION, L.",GENERAL CONTRACTOR,27612,27511,22352.59,Cary,27511
22-10620863,SOLAR PV SYSTEM,2023-01-23,2022-10-07,CERTICATE OF COMPLIANCE (CC),TC,Occupancy,2023-01-30,0,32550,GAF ENERGY LLC,GENERAL CONTRACTOR,94903,27519,36475.5,Cary,27519
22-10631933,SOLAR PV SYSTEM,2022-11-10,2022-10-11,PERMIT ISSUED (PI),CC,Permit Issued,2022-11-10,0,49430,YES! SOLAR SOLUTIONS,GENERAL CONTRACTOR,27513,27523,55391.22,Apex,27523
22-10641361,SOLAR PV SYSTEM,2023-02-10,2022-10-12,CERTICATE OF COMPLIANCE (CC),CC,Occupancy,2023-03-02,0,26000,NEXUS ENERGY SYSTEMS LLC,GENERAL CONTRACTOR,92806,27523,29135.58,Apex,27523
22-10651690,SOLAR PV SYSTEM,2022-11-30,2022-10-12,CERTICATE OF COMPLIANCE (CC),TC,Occupancy,2023-02-03,0,9000,"TESLA ENERGY OPERATIONS, INC.",GENERAL CONTRACTOR,94538,27519,10085.39,Cary,27519
22-10661356,SOLAR PV SYSTEM,,2022-10-13,PLANS WITHDRAWN (PW),TC,Permit Cancelled,2023-01-20,0,27800,NEXUS ENERGY SYSTEMS LLC,GENERAL CONTRACTOR,92806,27519,31152.66,Cary,27519
22-10671369,SOLAR PV SYSTEM,2023-03-21,2022-10-13,CERTICATE OF COMPLIANCE (CC),TC,Occupancy,2023-03-24,0,34700,NEXUS ENERGY SYSTEMS LLC,GENERAL CONTRACTOR,92806,27519,38884.79,Cary,27519
22-10681860,SOLAR PANELS,2023-01-05,2022-10-14,CERTICATE OF COMPLIANCE (CC),CC,Occupancy,2023-04-06,0,40907,TOP TIER SOLAR SOLUTIONS 87345,GENERAL CONTRACTOR,29016,27519,45840.35,Cary,27519
22-10691874,SOLAR PANELS,2022-11-30,2022-10-14,CERTICATE OF COMPLIANCE (CC),TC,Occupancy,2023-02-10,0,19941,TOP TIER SOLAR SOLUTIONS 87345,GENERAL CONTRACTOR,29016,27513,22345.87,Cary,27513
22-10700323,SOLAR PV SYSTEM,2022-10-21,2022-10-18,CERTICATE OF COMPLIANCE (CC),TC,Occupancy,2023-01-05,0,36800,8M SOLAR,GENERAL CONTRACTOR,27587,27539,41238.05,Apex,27539
22-10710379,SOLAR PV SYSTEM,2022-10-28,2022-10-18,CERTICATE OF COMPLIANCE (CC),TC,Occupancy,2022-12-22,0,18500,8M SOLAR,GENERAL CONTRACTOR,27587,27511,20731.08,Cary,27511
22-10720521,SOLAR PV SYSTEM,2022-12-02,2022-10-19,CERTICATE OF COMPLIANCE (CC),TC,Occupancy,2023-01-26,0,37573,ALPHA CONTRACTING LLC,GENERAL CONTRACTOR,27529,27523,42104.27,Cary,27519
22-10731357,SOLAR PV SYSTEM,,2022-10-19,PLANS WITHDRAWN (PW),TC,Permit Cancelled,2022-10-24,0,24900,NEXUS ENERGY SYSTEMS LLC,GENERAL CONTRACTOR,92806,27519,27902.92,Cary,27519
22-10741367,SOLAR PV SYSTEM,2023-01-24,2022-10-19,CERTICATE OF COMPLIANCE (CC),TC,Occupancy,2023-02-23,0,30800,NEXUS ENERGY SYSTEMS LLC,GENERAL CONTRACTOR,92806,27519,34514.45,Cary,27519
22-10751853,SOLAR PV SYSTEM,2023-01-04,2022-10-19,CERTICATE OF COMPLIANCE (CC),TC,Occupancy,2023-02-15,0,41907,TOP TIER SOLAR SOLUTIONS 87345,GENERAL CONTRACTOR,29016,27606,46960.95,Raleigh,27606
22-10761663,Solar PV System,2022-11-01,2022-10-20,CERTICATE OF COMPLIANCE (CC),TC,Occupancy,2023-03-09,0,18600,"TESLA ENERGY OPERATIONS, INC.",GENERAL CONTRACTOR,94538,27539,20843.14,Apex,27539
22-10771928,Solar PV System,2022-10-31,2022-10-20,CERTICATE OF COMPLIANCE (CC),TC,Occupancy,2023-02-17,0,42725,YES! SOLAR SOLUTIONS,GENERAL CONTRACTOR,27513,27513,47877.6,Cary,27513
22-10781963,SOLAR PV SYSTEM,,2022-10-20,EXPIRED APPLICATION (XA),TC,Permit Cancelled,2023-10-31,0,57194,,,,27519,64091.55,Cary,27519
22-10790657,SOLAR PV SYSTEM,2022-11-23,2022-10-21,PERMIT ISSUED (PI),TC,Permit Issued,2022-11-23,0,29642,BLUE RAVEN SOLAR,UNLICENSED CONTRACTOR,84097,27519,33216.8,Cary,27519
22-10801290,SOLAR PV SYSTEM,2022-12-22,2022-10-21,CERTICATE OF COMPLIANCE (CC),TC,Occupancy,2022-12-30,0,27712,NC SOLAR NOW INC,GENERAL CONTRACTOR,27604,27576,31054.04,Cary,27519
22-10811861,SOLAR PV SYSTEM,,2022-10-21,PLANS WITHDRAWN (PW),TC,Permit Cancelled,2023-08-04,0,45353,TOP TIER SOLAR SOLUTIONS 87345,GENERAL CONTRACTOR,29016,27511,50822.53,Cary,27511
22-10821862,SOLAR PANELS,2023-01-23,2022-10-21,CERTICATE OF COMPLIANCE (CC),TC,Occupancy,2023-03-29,0,34496,TOP TIER SOLAR SOLUTIONS 87345,GENERAL CONTRACTOR,29016,27511,38656.19,Cary,27511
22-10831881,SOLAR PANELS,2022-12-19,2022-10-21,CERTICATE OF COMPLIANCE (CC),TC,Occupancy,2023-06-12,150,8893,TOP TIER SOLAR SOLUTIONS 87345,GENERAL CONTRACTOR,29016,27513,9965.49,Cary,27513
22-10841829,SOLAR PANELS,,2022-10-24,PLANS WITHDRAWN (PW),TC,Permit Cancelled,2023-02-23,0,27104,TOP TIER SOLAR SOLUTIONS 87345,GENERAL CONTRACTOR,29016,27513,30372.72,Cary,27513
22-10851854,SOLAR PV SYSTEM,2023-06-07,2022-10-24,CERTICATE OF COMPLIANCE (CC),TC,Occupancy,2023-07-03,0,26334,TOP TIER SOLAR SOLUTIONS 87345,GENERAL CONTRACTOR,29016,27513,29509.86,Cary,27513
22-10861855,SOLAR PANELS,2023-03-08,2022-10-25,CERTICATE OF COMPLIANCE (CC),TC,Occupancy,2023-05-23,0,37037,TOP TIER SOLAR SOLUTIONS 87345,GENERAL CONTRACTOR,29016,27513,41503.63,Cary,27513
22-10870111,SOLAR PV SYSTEM,2022-11-14,2022-10-26,CERTICATE OF COMPLIANCE (CC),TC,Occupancy,2023-01-04,0,28500,8M SOLAR,GENERAL CONTRACTOR,27587,27519,31937.08,Cary,27519
22-10880512,SOLAR PV SYSTEM,2022-11-17,2022-10-26,CERTICATE OF COMPLIANCE (CC),TC,Occupancy,2023-01-13,0,33517,ALPHA CONTRACTING LLC,GENERAL CONTRACTOR,27529,27511,37559.12,Cary,27511
22-10891879,Solar PV System,,2022-10-26,ADMINISTRATIVELY CLOSED (AC),TC,Permit Cancelled,2022-11-30,654,42124,TOP TIER SOLAR SOLUTIONS 87345,GENERAL CONTRACTOR,29016,27511,47204.12,Cary,27511
22-10901179,SOLAR PV SYSTEM,2022-12-28,2022-10-27,CERTICATE OF COMPLIANCE (CC),TC,Occupancy,2023-01-11,0,19040,NC SOLAR NOW INC,GENERAL CONTRACTOR,27604,27519,21336.21,Cary,27519
22-10911877,Solar PV System,2023-01-10,2022-10-27,CERTICATE OF COMPLIANCE (CC),TC,Occupancy,2023-04-25,356,23598,TOP TIER SOLAR SOLUTIONS 87345,GENERAL CONTRACTOR,29016,27511,26443.9,Cary,27511
22-10921880,Solar PV System,,2022-10-27,EXPIRED APPLICATION (XA),TC,Permit Cancelled,2023-10-31,356,23598,TOP TIER SOLAR SOLUTIONS 87345,GENERAL CONTRACTOR,29016,27513,26443.9,Cary,27513
22-10930225,SOLAR PV SYSTEM,2022-11-08,2022-10-28,CERTICATE OF COMPLIANCE (CC),TC,Occupancy,2022-12-30,0,31806,8M SOLAR,GENERAL CONTRACTOR,27587,27519,35641.78,Cary,27519
22-10940511,SOLAR PV SYSTEM,2022-12-07,2022-10-28,CERTICATE OF COMPLIANCE (CC),TC,Occupancy,2022-12-21,0,31303,ALPHA CONTRACTING LLC,GENERAL CONTRACTOR,27529,27519,35078.12,Cary,27519
22-10951242,SOLAR PV SYSTEM,2022-12-21,2022-10-28,CERTICATE OF COMPLIANCE (CC),CC,Occupancy,2022-12-30,0,17308,NC SOLAR NOW INC,GENERAL CONTRACTOR,27604,27519,19395.33,Cary,27519
22-10961863,SOLAR PANELS,2023-01-30,2022-10-28,CERTICATE OF COMPLIANCE (CC),TC,Occupancy,2023-02-21,342,23408,TOP TIER SOLAR SOLUTIONS 87345,GENERAL CONTRACTOR,29016,27511,26230.99,Cary,27511
22-10971876,SOLAR PV SYSTEM,2023-01-20,2022-10-28,CERTICATE OF COMPLIANCE (CC),TC,Occupancy,2023-07-10,0,14421,TOP TIER SOLAR SOLUTIONS 87345,GENERAL CONTRACTOR,29016,27513,16160.16,Cary,27513
22-10981841,SOLAR PANELS,2023-01-11,2022-10-31,CERTICATE OF COMPLIANCE (CC),TC,Occupancy,2023-01-20,0,35397,TOP TIER SOLAR SOLUTIONS 87345,GENERAL CONTRACTOR,29016,27513,39665.85,Cary,27513
22-10991882,SOLAR PV SYSTEM,2023-06-22,2022-10-31,CERTICATE OF COMPLIANCE (CC),TC,Occupancy,2023-11-07,0,11799,TOP TIER SOLAR SOLUTIONS 87345,GENERAL CONTRACTOR,29016,27513,13221.95,Cary,27513
22-11001964,SOLAR PV SYSTEM,,2022-11-01,PLANS WITHDRAWN (PW),TC,Permit Cancelled,2022-11-14,0,78000,,,,27519,87495.11,Cary,27519
22-11010853,SOLAR PV SYSTEM,2023-03-21,2022-11-04,CERTICATE OF COMPLIANCE (CC),TC,Occupancy,2023-03-29,0,20754,FREEDOM SOLAR POWER,UNLICENSED CONTRACTOR,78744,27511,23280.43,Cary,27511
22-11020855,SOLAR PV SYSTEM,2023-01-25,2022-11-04,CERTICATE OF COMPLIANCE (CC),TC,Occupancy,2023-05-02,0,51355,FREEDOM SOLAR POWER,UNLICENSED CONTRACTOR,78744,27513,57606.55,Cary,27513
22-11031830,SOLAR PV SYSTEM,2023-04-18,2022-11-04,CERTICATE OF COMPLIANCE (CC),TC,Occupancy,2023-09-07,0,34086,TOP TIER SOLAR SOLUTIONS 87345,GENERAL CONTRACTOR,28217,27513,38235.36,Cary,27513
22-11040654,SOLAR PV SYSTEM,2022-11-29,2022-11-07,CERTICATE OF COMPLIANCE (CC),TC,Occupancy,2022-12-21,0,27596,BLUE RAVEN SOLAR,UNLICENSED CONTRACTOR,84097,27513,30955.32,Cary,27513
22-11051098,SOLAR PV SYSTEM,2022-12-28,2022-11-07,CERTICATE OF COMPLIANCE (CC),TC,Occupancy,2023-01-12,0,24579,NC SOLAR NOW INC,GENERAL CONTRACTOR,27604,27519,27571.05,Cary,27519
22-11061243,SOLAR PV SYSTEM,2022-12-13,2022-11-07,CERTICATE OF COMPLIANCE (CC),TC,Occupancy,2022-12-20,0,20800,NC SOLAR NOW INC,GENERAL CONTRACTOR,27604,27519,23332.03,Cary,27519
22-11071831,SOLAR PV SYSTEM,,2022-11-07,PLANS WITHDRAWN (PW),TC,Permit Cancelled,2023-08-04,0,42026,TOP TIER SOLAR SOLUTIONS 87345,GENERAL CONTRACTOR,29016,27518,47141.92,Cary,27518
22-11081878,SOLAR PV SYSTEM,2023-01-19,2022-11-07,CERTICATE OF COMPLIANCE (CC),TC,Occupancy,2023-04-03,0,29475,TOP TIER SOLAR SOLUTIONS 87345,GENERAL CONTRACTOR,29016,27513,33063.06,Cary,27513
22-11091883,SOLAR PV SYSTEM,2023-04-14,2022-11-07,CERTICATE OF COMPLIANCE (CC),TC,Occupancy,2023-10-12,0,24081,TOP TIER SOLAR SOLUTIONS 87345,GENERAL CONTRACTOR,29016,27511,27012.43,Cary,27511
22-11100033,SOLAR PV SYSTEM,,2022-11-09,PLANS WITHDRAWN (PW),TC,Permit Cancelled,2023-08-01,0,20500,8M SOLAR,GENERAL CONTRACTOR,27616,27519,22995.51,Cary,27519
22-11110324,SOLAR PV SYSTEM,2022-11-30,2022-11-09,CERTICATE OF COMPLIANCE (CC),CC,Occupancy,2023-01-17,0,25440,8M SOLAR,GENERAL CONTRACTOR,27616,27519,28536.87,Cary,27519
22-11121291,SOLAR PANELS,2023-01-03,2022-11-09,CERTICATE OF COMPLIANCE (CC),TC,Occupancy,2023-01-18,0,39437,NC SOLAR NOW INC,GENERAL CONTRACTOR,27604,27519,44237.75,Cary,27519
22-11130034,SOLAR PV SYSTEM,2022-11-30,2022-11-11,CERTICATE OF COMPLIANCE (CC),TC,Occupancy,2023-01-03,920,22450,8M SOLAR,GENERAL CONTRACTOR,27587,27519,25182.89,Cary,27519
22-11141843,SOLAR PV SYSTEM,,2022-11-15,PLANS WITHDRAWN (PW),TC,Permit Cancelled,2022-11-30,214,14630,TOP TIER SOLAR SOLUTIONS 87345,GENERAL CONTRACTOR,29016,27511,16410.94,Cary,27511
22-11151864,SOLAR PV SYSTEM,2023-02-16,2022-11-15,CERTICATE OF COMPLIANCE (CC),TC,Occupancy,2023-05-24,600,27720,TOP TIER SOLAR SOLUTIONS 87345,GENERAL CONTRACTOR,29016,27519,31094.42,Cary,27519
22-11161557,SOLAR PANELS,2022-12-01,2022-11-16,CERTICATE OF COMPLIANCE (CC),TC,Occupancy,2023-01-09,0,19112,SOUTHERN ENERGY MANAGEMENT,GENERAL CONTRACTOR,27617,27513,21438.54,Cary,27513
22-11171818,SOLAR PV SYSTEM,2022-12-07,2022-11-16,CERTICATE OF COMPLIANCE (CC),TC,Occupancy,2023-04-24,535,44447,TOP TIER SOLAR SOLUTIONS 87345,GENERAL CONTRACTOR,29016,27519,49857.63,Cary,27519
22-11181832,SOLAR PANELS,2022-12-30,2022-11-16,CERTICATE OF COMPLIANCE (CC),CC,Occupancy,2023-06-28,0,17873,TOP TIER SOLAR SOLUTIONS 87345,GENERAL CONTRACTOR,29016,27519,20048.72,Cary,27519
22-11190226,SOLAR PANELS,2022-12-12,2022-11-17,CERTICATE OF COMPLIANCE (CC),TC,Occupancy,2023-01-20,0,36000,8M SOLAR,GENERAL CONTRACTOR,27587,27519,40382.36,Cary,27519
22-11200227,SOLAR PANELS,2023-01-11,2022-11-17,CERTICATE OF COMPLIANCE (CC),TC,Occupancy,2023-02-06,0,26500,8M SOLAR,GENERAL CONTRACTOR,27587,27519,29725.9,Cary,27519
22-11211244,SOLAR PANELS,2023-01-05,2022-11-17,CERTICATE OF COMPLIANCE (CC),TC,Occupancy,2023-01-23,418,22440,NC SOLAR NOW INC,GENERAL CONTRACTOR,27604,27519,25171.67,Cary,27519
22-11221332,SOLAR PANELS,2023-01-05,2022-11-18,CERTICATE OF COMPLIANCE (CC),TC,Occupancy,2023-01-09,0,19800,NC SOLAR NOW INC,GENERAL CONTRACTOR,27604,27539,22210.3,Apex,27539
22-11231363,SOLAR PV SYSTEM,2023-03-03,2022-11-18,CERTICATE OF COMPLIANCE (CC),TC,Occupancy,2023-04-10,0,56000,NEXUS ENERGY SYSTEMS LLC,GENERAL CONTRACTOR,92806,27519,62817.0,Cary,27519
22-11241820,SOLAR PANELS,,2022-11-18,PLANS WITHDRAWN (PW),TC,Permit Cancelled,2022-12-02,0,21945,TOP TIER SOLAR SOLUTIONS 87345,GENERAL CONTRACTOR,29016,27518,24616.41,Cary,27518
22-11251391,SOLAR PANELS,2023-03-10,2022-11-21,CERTICATE OF COMPLIANCE (CC),TC,Occupancy,2023-03-23,0,28288,PALMETTO SOLAR LLC,GENERAL CONTRACTOR,29405,27513,31731.56,Cary,27513
22-11261833,SOLAR PV SYSTEM,,2022-11-21,PLANS WITHDRAWN (PW),TC,Permit Cancelled,2022-12-07,0,46470,TOP TIER SOLAR SOLUTIONS 87345,GENERAL CONTRACTOR,29016,27511,52126.89,Cary,27511
22-11271845,SOLAR PV SYSTEM,2023-02-06,2022-11-21,CERTICATE OF COMPLIANCE (CC),TC,Occupancy,2023-08-25,0,60814,TOP TIER SOLAR SOLUTIONS 87345,GENERAL CONTRACTOR,29016,27511,68217.02,Cary,27511
22-11281865,SOLAR PV SYSTEM,,2022-11-21,PLANS WITHDRAWN (PW),TC,Permit Cancelled,2023-03-10,0,35574,TOP TIER SOLAR SOLUTIONS 87345,GENERAL CONTRACTOR,29016,27519,39904.5,Cary,27519
22-11291842,SOLAR PV SYSTEM,2023-01-23,2022-11-23,CERTICATE OF COMPLIANCE (CC),TC,Occupancy,2023-08-22,514,32340,TOP TIER SOLAR SOLUTIONS 87345,GENERAL CONTRACTOR,29016,27519,36276.82,Cary,27519
22-11301819,SOLAR PANELS,2023-02-13,2022-11-27,CERTICATE OF COMPLIANCE (CC),TC,Occupancy,2023-08-14,0,32340,TOP TIER SOLAR SOLUTIONS 87345,GENERAL CONTRACTOR,29016,27513,36276.82,Cary,27513
22-11311844,SOLAR PANELS,2022-12-30,2022-11-27,CERTICATE OF COMPLIANCE (CC),CC,Occupancy,2023-05-01,0,27186,TOP TIER SOLAR SOLUTIONS 87345,GENERAL CONTRACTOR,29016,27519,30495.41,Cary,27519
22-11321838,SOLAR PV SYSTEM,,2022-11-28,PLANS WITHDRAWN (PW),TC,Permit Cancelled,2023-08-04,0,21945,TOP TIER SOLAR SOLUTIONS 87345,GENERAL CONTRACTOR,29016,27519,24616.41,Cary,27519
22-11331922,SOLAR PANELS,2022-12-15,2022-11-28,CERTICATE OF COMPLIANCE (CC),TC,Occupancy,2023-01-04,0,0,YES! SOLAR SOLUTIONS,GENERAL CONTRACTOR,27513,27511,0.0,Cary,27511
22-11341362,SOLAR PANELS,2023-03-21,2022-11-29,CERTICATE OF COMPLIANCE (CC),TC,Occupancy,2023-03-24,0,40000,NEXUS ENERGY SYSTEMS LLC,GENERAL CONTRACTOR,92806,27519,44869.29,Cary,27519
22-11351846,SOLAR PV SYSTEM,,2022-11-30,PLANS WITHDRAWN (PW),TC,Permit Cancelled,2023-02-21,0,44478,TOP TIER SOLAR SOLUTIONS 87345,GENERAL CONTRACTOR,29016,27518,49892.4,Cary,27518
22-11361856,SOLAR PV SYSTEM,2023-06-07,2022-11-30,CERTICATE OF COMPLIANCE (CC),TC,Occupancy,2023-06-16,0,27436,TOP TIER SOLAR SOLUTIONS 87345,GENERAL CONTRACTOR,29016,27511,30775.84,Cary,27511
22-11370501,SOLAR PV SYSTEM,2023-01-09,2022-12-01,CERTICATE OF COMPLIANCE (CC),TC,Occupancy,2023-02-13,0,38189,ALPHA CONTRACTING LLC,GENERAL CONTRACTOR,27529,27511,42969.75,Cary,27511
22-11381675,SOLAR PV SYSTEM,2023-05-08,2022-12-02,CERTICATE OF COMPLIANCE (CC),TC,Occupancy,2023-05-11,0,8600,"TESLA ENERGY OPERATIONS, INC.",GENERAL CONTRACTOR,94538,27519,9676.6,Cary,27519
22-11390505,SOLAR PV SYSTEM,2023-01-12,2022-12-05,CERTICATE OF COMPLIANCE (CC),TC,Occupancy,2023-03-28,0,45189,ALPHA CONTRACTING LLC,GENERAL CONTRACTOR,27529,27518,50846.06,Cary,27518
22-11400642,SOLAR PV SYSTEM,2023-01-04,2022-12-05,CERTICATE OF COMPLIANCE (CC),TC,Occupancy,2023-01-09,0,19729,BLUE RAVEN SOLAR,UNLICENSED CONTRACTOR,84097,27519,22198.81,Cary,27519
22-11411821,Solar PV System,2023-04-10,2022-12-05,CERTICATE OF COMPLIANCE (CC),TC,Occupancy,2023-04-17,742,78463,TOP TIER SOLAR SOLUTIONS 87345,GENERAL CONTRACTOR,29016,27512,88285.51,Cary,27513
22-11421847,SOLAR PV SYSTEM,,2022-12-05,PLANS WITHDRAWN (PW),TC,Permit Cancelled,2023-02-23,0,17290,TOP TIER SOLAR SOLUTIONS 87345,GENERAL CONTRACTOR,29016,27511,19454.48,Cary,27511
22-11431857,SOLAR PV SYSTEM,,2022-12-05,PLANS WITHDRAWN (PW),TC,Permit Cancelled,2023-02-23,0,27930,TOP TIER SOLAR SOLUTIONS 87345,GENERAL CONTRACTOR,29016,27519,31426.46,Cary,27519
22-11441866,SOLAR PANELS,2023-02-09,2022-12-05,PERMIT ISSUED (PI),TC,Permit Issued,2024-01-22,471,29645,TOP TIER SOLAR SOLUTIONS 87345,GENERAL CONTRACTOR,28217,27511,33356.16,Cary,27511
22-11451245,SOLAR PV SYSTEM,2023-01-03,2022-12-06,CERTICATE OF COMPLIANCE (CC),TC,Occupancy,2023-01-19,0,41600,NC SOLAR NOW INC,GENERAL CONTRACTOR,27604,27519,46807.76,Cary,27519
22-11461867,SOLAR PV SYSTEM,2023-02-07,2022-12-06,CERTICATE OF COMPLIANCE (CC),TC,Occupancy,2023-02-20,0,17328,TOP TIER SOLAR SOLUTIONS 87345,GENERAL CONTRACTOR,29016,27511,19497.23,Cary,27511
22-11470769,SOLAR PV SYSTEM,,2022-12-07,EXPIRED APPLICATION (XA),TC,Permit Cancelled,2024-11-18,0,20000,COVENANT SOLAR TECH LLC,GENERAL CONTRACTOR,27704,27539,22503.73,Apex,27539
22-11480776,SOLAR PV SYSTEM,,2022-12-07,EXPIRED APPLICATION (XA),TC,Permit Cancelled,2024-11-18,0,22000,COVENANT SOLAR TECH LLC,GENERAL CONTRACTOR,27704,27519,24754.1,Cary,27519
22-11490841,SOLAR PANELS,,2022-12-07,PLANS WITHDRAWN (PW),TC,Permit Cancelled,2023-04-19,294,26290,FREEDOM FOREVER NORTH CAROLINA,GENERAL CONTRACTOR,27513,27518,29581.16,Apex,27523
22-11500643,SOLAR PV SYSTEM,2023-01-03,2022-12-08,CERTICATE OF COMPLIANCE (CC),TC,Occupancy,2023-02-07,0,26537,BLUE RAVEN SOLAR,UNLICENSED CONTRACTOR,84097,27519,29859.08,Cary,27519
22-11511397,SOLAR PV SYSTEM,2022-12-14,2022-12-08,PERMIT ISSUED (PI),TC,Permit Issued,2022-12-14,0,18630,PALMETTO SOLAR LLC,GENERAL CONTRACTOR,29405,27518,20962.23,Cary,27518
22-11521822,SOLAR PV SYSTEM,,2022-12-08,PLANS WITHDRAWN (PW),TC,Permit Cancelled,2023-08-04,0,54530,TOP TIER SOLAR SOLUTIONS 87345,GENERAL CONTRACTOR,29016,27511,61356.42,Cary,27511
22-11531333,SOLAR PV SYSTEM,2023-01-17,2022-12-12,PERMIT ISSUED (PI),TC,Permit Issued,2023-01-17,0,27107,NC SOLAR NOW INC,GENERAL CONTRACTOR,27604,27519,30500.43,Cary,27519
22-11540859,SOLAR PV SYSTEM,2023-04-10,2022-12-15,CERTICATE OF COMPLIANCE (CC),TC,Occupancy,2023-04-24,0,34794,FREEDOM SOLAR POWER,UNLICENSED CONTRACTOR,78744,27511,39149.74,Cary,27511
22-11551099,SOLAR PV SYSTEM,2023-01-17,2022-12-15,PERMIT ISSUED (PI),TC,Permit Issued,2023-01-17,0,26400,NC SOLAR NOW INC,GENERAL CONTRACTOR,27604,27519,29704.93,Cary,27519
22-11560431,SOLAR PV SYSTEM,2023-01-06,2022-12-16,CERTICATE OF COMPLIANCE (CC),CC,Occupancy,2023-02-14,0,38300,8M SOLAR,GENERAL CONTRACTOR,27587,27519,43094.65,Cary,27519
22-11571868,SOLAR PV SYSTEM,2023-01-11,2022-12-16,CERTICATE OF COMPLIANCE (CC),TC,Occupancy,2023-11-07,0,35112,TOP TIER SOLAR SOLUTIONS 87345,GENERAL CONTRACTOR,29016,27511,39507.55,Cary,27511
22-11581792,SOLAR PV SYSTEM,2023-03-31,2022-12-21,CERTICATE OF COMPLIANCE (CC),TC,Occupancy,2023-04-17,0,26425,THOMPSON & SON ENERGY SOLUTIO,GENERAL CONTRACTOR,28027,27513,29733.06,Cary,27513
22-11590271,SOLAR PV SYSTEM,2023-01-18,2022-12-22,CERTICATE OF COMPLIANCE (CC),TC,Occupancy,2023-02-06,0,18800,8M SOLAR,GENERAL CONTRACTOR,27587,27519,21153.51,Cary,27519
22-11601180,SOLAR PV SYSTEM,2023-01-19,2022-12-22,CERTICATE OF COMPLIANCE (CC),TC,Occupancy,2023-01-31,0,96433,NC SOLAR NOW INC,GENERAL CONTRACTOR,27604,27513,108505.12,Cary,27513
22-11611848,SOLAR PV SYSTEM,,2022-12-28,PLANS WITHDRAWN (PW),TC,Permit Cancelled,2023-11-01,0,34656,TOP TIER SOLAR SOLUTIONS 87345,GENERAL CONTRACTOR,29016,27518,38994.47,Cary,27518
22-11621923,SOLAR PV SYSTEM,,2022-12-28,EXPIRED APPLICATION (XA),TC,Permit Cancelled,2024-11-18,0,32834,YES! SOLAR SOLUTIONS,GENERAL CONTRACTOR,27513,27519,36944.38,Cary,27519
22-11630779,SOLAR PANELS,2023-03-22,2022-12-29,CERTICATE OF COMPLIANCE (CC),TC,Occupancy,2023-03-30,0,10000,COVENANT SOLAR TECH LLC,GENERAL CONTRACTOR,27704,27519,11251.87,Cary,27519
23-11641334,SOLAR PV SYSTEM,2023-01-25,2023-01-05,CERTICATE OF COMPLIANCE (CC),TC,Occupancy,2023-01-30,0,34090,NC SOLAR NOW INC,GENERAL CONTRACTOR,27604,27519,38053.36,Cary,27519
23-11651823,SOLAR PV SYSTEM,,2023-01-09,PLANS WITHDRAWN (PW),TC,Permit Cancelled,2023-02-15,0,34224,TOP TIER SOLAR SOLUTIONS 87345,GENERAL CONTRACTOR,29016,27519,38202.94,Cary,27519
23-11661732,SOLAR PV SYSTEM,,2023-01-11,PLANS WITHDRAWN (PW),CC,Permit Cancelled,2023-01-20,0,22500,"TESLA ENERGY OPERATIONS, INC.",GENERAL CONTRACTOR,94538,27519,25115.89,Cary,27519
23-11671131,SOLAR PV SYSTEM,2023-02-09,2023-01-12,CERTICATE OF COMPLIANCE (CC),TC,Occupancy,2023-02-14,0,19076,NC SOLAR NOW INC,GENERAL CONTRACTOR,27604,27519,21293.81,Cary,27519
23-11681153,SOLAR PV SYSTEM,2023-02-10,2023-01-12,CERTICATE OF COMPLIANCE (CC),TC,Occupancy,2023-02-15,0,22990,NC SOLAR NOW INC,GENERAL CONTRACTOR,27604,27519,25662.86,Cary,27519
23-11691948,SOLAR PV SYSTEM,2023-02-22,2023-01-12,CERTICATE OF COMPLIANCE (CC),TC,Occupancy,2023-03-17,0,28626,YES! SOLAR SOLUTIONS,GENERAL CONTRACTOR,27513,27519,31954.11,Cary,27519
23-11701651,SOLAR PV SYSTEM,,2023-01-13,APPROVED (AP),TC,Fees/Payment,2023-01-20,0,34000,"TESLA ENERGY OPERATIONS, INC.",GENERAL CONTRACTOR,94538,27519,37952.9,Cary,27519
23-11710432,SOLAR PV SYSTEM,2023-01-23,2023-01-17,CERTICATE OF COMPLIANCE (CC),CC,Occupancy,2023-02-17,0,22450,8M SOLAR,GENERAL CONTRACTOR,27587,10604,25060.07,Apex,27523
23-11721494,SOLAR PV SYSTEM,2023-02-02,2023-01-17,CERTICATE OF COMPLIANCE (CC),TC,Occupancy,2023-03-15,0,51058,SOUTHERN ENERGY MANAGEMENT,GENERAL CONTRACTOR,27617,27513,56994.09,Cary,27513
23-11730035,SOLAR PV SYSTEM,2023-02-01,2023-01-19,CERTICATE OF COMPLIANCE (CC),TC,Occupancy,2023-02-14,0,23400,8M SOLAR,GENERAL CONTRACTOR,27587,27519,26120.52,Cary,27519
23-11740856,SOLAR PV SYSTEM,2023-02-08,2023-01-19,CERTICATE OF COMPLIANCE (CC),TC,Occupancy,2024-02-07,0,83000,FREEDOM SOLAR POWER,UNLICENSED CONTRACTOR,78744,27518,92649.72,Cary,27518
23-11751181,SOLAR PV SYSTEM,2023-02-09,2023-01-19,CERTICATE OF COMPLIANCE (CC),TC,Occupancy,2023-02-13,0,27508,NC SOLAR NOW INC,GENERAL CONTRACTOR,27604,27513,30706.13,Cary,27513
23-11761292,SOLAR PV SYSTEM,2023-02-16,2023-01-19,CERTICATE OF COMPLIANCE (CC),CC,Occupancy,2023-02-21,0,20396,NC SOLAR NOW INC,GENERAL CONTRACTOR,27604,27519,22767.27,Cary,27519
23-11770112,SOLAR PV SYSTEM,2023-02-20,2023-01-20,CERTICATE OF COMPLIANCE (CC),TC,Occupancy,2023-03-17,0,30500,8M SOLAR,GENERAL CONTRACTOR,27587,27519,34045.98,Cary,27519
23-11781824,SOLAR PV SYSTEM,2023-03-08,2023-01-24,CERTICATE OF COMPLIANCE (CC),TC,Occupancy,2023-06-01,0,30355,TOP TIER SOLAR SOLUTIONS 87345,GENERAL CONTRACTOR,29016,27513,33884.12,Cary,27513
23-11791869,SOLAR PV SYSTEM,,2023-01-24,PLANS WITHDRAWN (PW),TC,Permit Cancelled,2023-02-01,0,59678,TOP TIER SOLAR SOLUTIONS 87345,GENERAL CONTRACTOR,29016,27513,66616.26,Cary,27513
23-11801873,SOLAR PV SYSTEM,2023-03-14,2023-01-24,PERMIT ISSUED (PI),TC,Permit Issued,2023-03-14,0,60392,TOP TIER SOLAR SOLUTIONS 87345,GENERAL CONTRACTOR,28217,27606,67413.27,Raleigh,27606
23-11810272,SOLAR PV SYSTEM,2023-02-28,2023-01-30,CERTICATE OF COMPLIANCE (CC),TC,Occupancy,2023-03-15,0,24489,8M SOLAR,GENERAL CONTRACTOR,27587,27519,27336.13,Cary,27519
23-11820273,SOLAR PV SYSTEM,2023-02-07,2023-01-30,CERTICATE OF COMPLIANCE (CC),CC,Occupancy,2023-03-10,0,18000,8M SOLAR,GENERAL CONTRACTOR,27587,27523,20092.71,Apex,27523
23-11831849,SOLAR PV SYSTEM,2023-03-17,2023-01-30,CERTICATE OF COMPLIANCE (CC),TC,Occupancy,2023-08-09,0,16848,TOP TIER SOLAR SOLUTIONS 87345,GENERAL CONTRACTOR,29016,27519,18806.78,Cary,27519
23-11841834,SOLAR PV SYSTEM,2023-06-06,2023-01-31,PERMIT ISSUED (PI),TC,Permit Issued,2023-10-18,0,65501,TOP TIER SOLAR SOLUTIONS 87345,GENERAL CONTRACTOR,28217,27513,73116.25,Cary,27513
23-11851636,SOLAR PV SYSTEM,2023-08-14,2023-02-01,CERTICATE OF COMPLIANCE (CC),TC,Occupancy,2025-05-16,0,23000,"SUN SERVICE SPECIALISTS, LLC",GENERAL CONTRACTOR,28217,27513,25531.5,Cary,27513
23-11860774,SOLAR PV SYSTEM,2023-05-30,2023-02-02,CERTICATE OF COMPLIANCE (CC),TC,Occupancy,2023-06-02,0,0,COVENANT SOLAR TECH LLC,GENERAL CONTRACTOR,27704,27519,0.0,Cary,27519
23-11870274,SOLAR PV SYSTEM,2023-03-07,2023-02-03,CERTICATE OF COMPLIANCE (CC),TC,Occupancy,2023-05-01,0,22500,8M SOLAR,GENERAL CONTRACTOR,27587,27519,24976.47,Cary,27519
23-11880860,SOLAR PV SYSTEM,2023-02-28,2023-02-06,CERTICATE OF COMPLIANCE (CC),CC,Occupancy,2023-07-11,0,49382,FREEDOM SOLAR POWER,UNLICENSED CONTRACTOR,78744,27519,54817.24,Cary,27519
23-11891246,SOLAR PV SYSTEM,2023-02-24,2023-02-08,CERTICATE OF COMPLIANCE (CC),TC,Occupancy,2023-03-01,0,33732,NC SOLAR NOW INC,GENERAL CONTRACTOR,27604,27519,37444.72,Cary,27519
23-11901825,SOLAR PV SYSTEM,2023-03-30,2023-02-08,CERTICATE OF COMPLIANCE (CC),TC,Occupancy,2023-04-06,0,42215,TOP TIER SOLAR SOLUTIONS 87345,GENERAL CONTRACTOR,28217,27519,46861.4,Cary,27519
23-11910848,SOLAR PV SYSTEM,2023-09-07,2023-02-09,CERTICATE OF COMPLIANCE (CC),TC,Occupancy,2023-09-18,0,72400,FREEDOM FOREVER NORTH CAROLINA,GENERAL CONTRACTOR,27513,27518,80368.72,Cary,27518
23-11921781,SOLAR PV SYSTEM,2023-03-21,2023-02-14,CERTICATE OF COMPLIANCE (CC),TC,Occupancy,2023-03-23,0,7600,"TESLA ENERGY OPERATIONS, INC.",GENERAL CONTRACTOR,94538,27519,8436.5,Cary,27519
23-11931870,SOLAR PV SYSTEM,,2023-02-14,PLANS WITHDRAWN (PW),TC,Permit Cancelled,2023-02-22,0,22230,TOP TIER SOLAR SOLUTIONS 87345,GENERAL CONTRACTOR,29016,27513,24676.75,Cary,27513
23-11941652,SOLAR PV SYSTEM,2023-05-16,2023-02-16,CERTICATE OF COMPLIANCE (CC),TC,Occupancy,2023-05-23,0,23400,"TESLA ENERGY OPERATIONS, INC.",GENERAL CONTRACTOR,94538,27519,25975.52,Cary,27519
23-11950069,SOLAR PV SYSTEM,2023-03-07,2023-02-17,CERTICATE OF COMPLIANCE (CC),TC,Occupancy,2023-03-29,0,22000,8M SOLAR,GENERAL CONTRACTOR,27587,27519,24421.43,Cary,27519
23-11961025,SOLAR PV SYSTEM,2023-02-24,2023-02-17,CERTICATE OF COMPLIANCE (CC),CC,Occupancy,2023-03-31,0,35754,NC SOLAR NOW INC,GENERAL CONTRACTOR,27604,27519,39689.27,Cary,27519
23-11971543,SOLAR PV SYSTEM,2023-06-29,2023-02-17,CERTICATE OF COMPLIANCE (CC),TC,Occupancy,2023-08-04,0,24600,SOUTHERN ENERGY MANAGEMENT,GENERAL CONTRACTOR,27617,97216,27307.6,Cary,27511
23-11980506,SOLAR PV SYSTEM,,2023-02-20,PLANS WITHDRAWN (PW),TC,Permit Cancelled,2023-06-27,0,16384,ALPHA CONTRACTING LLC,GENERAL CONTRACTOR,27529,27519,18187.31,Cary,27519
23-11990865,SOLAR PANELS,2023-06-07,2023-02-21,CERTICATE OF COMPLIANCE (CC),TC,Occupancy,2023-07-03,0,35168,GAF ENERGY LLC,GENERAL CONTRACTOR,94903,27519,39038.77,Cary,27519
23-12001154,SOLAR PANELS,2023-03-23,2023-02-22,CERTICATE OF COMPLIANCE (CC),TC,Occupancy,2023-04-04,0,16640,NC SOLAR NOW INC,GENERAL CONTRACTOR,27604,27607,18471.48,Cary,27519
23-12010854,SOLAR PV SYSTEM,2023-03-08,2023-02-23,CERTICATE OF COMPLIANCE (CC),TC,Occupancy,2023-09-19,0,31669,FREEDOM SOLAR POWER,UNLICENSED CONTRACTOR,78744,27519,35154.65,Cary,27519
23-12021480,TESLA BATTERIES CONNECTED TO SOLAR,2023-03-22,2023-02-23,PERMIT ISSUED (PI),TC,Permit Issued,2023-03-22,0,22400,SOUTHERN ENERGY MANAGEMENT,GENERAL CONTRACTOR,27617,27519,24865.46,Cary,27519
23-12031733,SOLAR PV SYSTEM,2023-04-11,2023-02-23,CERTICATE OF COMPLIANCE (CC),TC,Occupancy,2023-04-24,0,15800,"TESLA ENERGY OPERATIONS, INC.",GENERAL CONTRACTOR,94538,27513,17539.03,Cary,27513
23-12041734,SOLAR PV SYSTEM,2023-04-05,2023-02-23,CERTICATE OF COMPLIANCE (CC),TC,Occupancy,2023-04-27,0,18600,"TESLA ENERGY OPERATIONS, INC.",GENERAL CONTRACTOR,94538,27519,20647.21,Cary,27519
23-12051835,SOLAR PV SYSTEM,2023-03-21,2023-02-23,CERTICATE OF COMPLIANCE (CC),TC,Occupancy,2023-10-03,0,62295,TOP TIER SOLAR SOLUTIONS 87345,GENERAL CONTRACTOR,29016,27511,69151.51,Cary,27511
23-12060433,SOLAR PV SYSTEM,2023-03-14,2023-02-24,CERTICATE OF COMPLIANCE (CC),TC,Occupancy,2023-03-29,0,22000,8M SOLAR,GENERAL CONTRACTOR,27587,27519,24421.43,Cary,27519
23-12071293,ADD ADDITIONAL PANELS TO EXISITNG SOLAR,2023-03-14,2023-02-24,CERTICATE OF COMPLIANCE (CC),TC,Occupancy,2023-03-20,0,18760,NC SOLAR NOW INC,GENERAL CONTRACTOR,27604,27518,20824.82,Cary,27518
23-12080434,Solar PV System,2023-03-10,2023-02-28,CERTICATE OF COMPLIANCE (CC),TC,Occupancy,2023-03-23,1300,26400,8M SOLAR,GENERAL CONTRACTOR,27587,27519,29305.72,Cary,27519
23-12090154,SOLAR PANELS,2023-03-21,2023-03-01,CERTICATE OF COMPLIANCE (CC),CC,Occupancy,2023-04-03,0,34000,8M SOLAR,GENERAL CONTRACTOR,27587,27523,37617.67,Apex,27523
23-12100777,Solar PV System,,2023-03-01,PLANS WITHDRAWN (PW),TC,Permit Cancelled,2023-09-07,579,22000,COVENANT SOLAR TECH LLC,GENERAL CONTRACTOR,27704,27519,24340.85,Cary,27519
23-12111558,Solar PV System,2023-05-05,2023-03-01,CERTICATE OF COMPLIANCE (CC),TC,Occupancy,2023-10-05,2235,277500,SOUTHERN ENERGY MANAGEMENT,GENERAL CONTRACTOR,27617,27513,307026.6,Cary,27513
23-12121937,Solar PV System,2023-03-17,2023-03-01,CERTICATE OF COMPLIANCE (CC),TC,Occupancy,2023-04-06,360,22824,YES! SOLAR SOLUTIONS,GENERAL CONTRACTOR,27513,27513,25252.52,Cary,27513
23-12130113,SOLAR PV SYSTEM,2023-03-17,2023-03-03,CERTICATE OF COMPLIANCE (CC),TC,Occupancy,2023-03-28,0,23700,8M SOLAR,GENERAL CONTRACTOR,27587,27519,26221.73,Cary,27519
23-12140658,SOLAR PANELS,2023-05-03,2023-03-03,CERTICATE OF COMPLIANCE (CC),TC,Occupancy,2023-05-16,286,20729,BLUE RAVEN SOLAR,UNLICENSED CONTRACTOR,84097,27519,22934.61,Cary,27519
23-12150380,SOLAR PV SYSTEM,2023-03-20,2023-03-06,CERTICATE OF COMPLIANCE (CC),TC,Occupancy,2023-04-14,0,19500,8M SOLAR,GENERAL CONTRACTOR,27587,27513,21574.84,Cary,27513
23-12160381,SOLAR PV SYSTEM,2023-03-17,2023-03-06,CERTICATE OF COMPLIANCE (CC),TC,Occupancy,2023-04-03,0,22000,8M SOLAR,GENERAL CONTRACTOR,27587,27519,24340.85,Cary,27519
23-12171370,SOLAR PV SYSTEM,2023-05-25,2023-03-06,CERTICATE OF COMPLIANCE (CC),TC,Occupancy,2023-07-13,0,42000,NEXUS ENERGY SYSTEMS LLC,GENERAL CONTRACTOR,92806,27513,46468.89,Cary,27513
23-12181871,SOLAR PV SYSTEM,2023-08-01,2023-03-06,PERMIT ISSUED (PI),TC,Permit Issued,2023-08-01,0,29470,TOP TIER SOLAR SOLUTIONS 87345,GENERAL CONTRACTOR,28217,27560,32605.67,Morrisville,27560
23-12190873,SOLAR PV SYSTEM,2023-03-22,2023-03-07,CERTICATE OF COMPLIANCE (CC),TC,Occupancy,2024-05-13,0,34870,GAF ENERGY LLC,GENERAL CONTRACTOR,94903,33172,38580.24,Cary,27519
23-12201938,SOLAR PV SYSTEM,2023-03-21,2023-03-07,CERTICATE OF COMPLIANCE (CC),TC,Occupancy,2023-04-13,0,13280,YES! SOLAR SOLUTIONS,GENERAL CONTRACTOR,27513,27513,14693.02,Cary,27513
23-12211132,SOLAR PV SYSTEM,2023-03-17,2023-03-08,CERTICATE OF COMPLIANCE (CC),TC,Occupancy,2023-03-31,0,21440,NC SOLAR NOW INC,GENERAL CONTRACTOR,27604,27513,23721.26,Cary,27513
23-12220663,SOLAR PV SYSTEM,2023-03-29,2023-03-09,CERTICATE OF COMPLIANCE (CC),TC,Occupancy,2023-04-20,0,23598,BLUE RAVEN SOLAR,UNLICENSED CONTRACTOR,84097,27513,26108.88,Cary,27513
23-12231335,SOLAR PV SYSTEM,2023-03-30,2023-03-10,CERTICATE OF COMPLIANCE (CC),TC,Occupancy,2023-04-03,0,37440,NC SOLAR NOW INC,GENERAL CONTRACTOR,27604,27519,41423.7,Cary,27519
23-12241247,SOLAR PANELS,2023-06-22,2023-03-13,CERTICATE OF COMPLIANCE (CC),TC,Occupancy,2023-06-28,646,27581,NC SOLAR NOW INC,GENERAL CONTRACTOR,27604,27519,30515.68,Cary,27519
23-12250036,SOLAR PV SYSTEM,2023-03-23,2023-03-14,CERTICATE OF COMPLIANCE (CC),TC,Occupancy,2023-04-19,0,22000,8M SOLAR,GENERAL CONTRACTOR,27587,27519,24340.85,Cary,27519
23-12260513,SOLAR PV SYSTEM,2023-03-24,2023-03-14,CERTICATE OF COMPLIANCE (CC),TC,Occupancy,2023-04-10,0,45742,ALPHA CONTRACTING LLC,GENERAL CONTRACTOR,27529,27519,50609.05,Cary,27519
23-12271559,TESLA BATTERIES FOR SOLAR PANELS,2023-03-27,2023-03-14,CERTICATE OF COMPLIANCE (CC),TC,Occupancy,2023-05-03,0,26800,SOUTHERN ENERGY MANAGEMENT,GENERAL CONTRACTOR,27617,27513,29651.58,Cary,27513
23-12280849,SOLAR PV SYSTEM,2023-05-24,2023-03-16,CERTICATE OF COMPLIANCE (CC),TC,Occupancy,2023-07-10,0,12500,FREEDOM FOREVER NORTH CAROLINA,GENERAL CONTRACTOR,27513,27513,13830.03,Cary,27513
23-12290228,SOLAR PV SYSTEM,2023-03-23,2023-03-17,CERTICATE OF COMPLIANCE (CC),TC,Occupancy,2023-05-08,0,27500,8M SOLAR,GENERAL CONTRACTOR,27587,27513,30426.06,Cary,27513
23-12300229,SOLAR PV SYSTEM,2023-03-23,2023-03-20,CERTICATE OF COMPLIANCE (CC),TC,Occupancy,2023-05-08,0,40200,8M SOLAR,GENERAL CONTRACTOR,27587,27519,44477.37,Cary,27519
23-12310155,SOLAR PV SYSTEM,2023-03-29,2023-03-21,CERTICATE OF COMPLIANCE (CC),TC,Occupancy,2023-04-27,0,26400,8M SOLAR,GENERAL CONTRACTOR,27587,27519,29209.02,Cary,27519
23-12320325,SOLAR PV SYSTEM,2023-03-29,2023-03-21,CERTICATE OF COMPLIANCE (CC),TC,Occupancy,2023-04-27,0,22000,8M SOLAR,GENERAL CONTRACTOR,27587,27519,24340.85,Cary,27519
23-12331840,SOLAR PV SYSTEM,,2023-03-21,PLANS WITHDRAWN (PW),TC,Permit Cancelled,2023-03-28,0,36361,TOP TIER SOLAR SOLUTIONS 87345,GENERAL CONTRACTOR,29016,27513,40229.89,Cary,27513
23-12341826,SOLAR PV SYSTEM,2023-05-01,2023-03-22,CERTICATE OF COMPLIANCE (CC),TC,Occupancy,2023-05-24,0,554220,TOP TIER SOLAR SOLUTIONS 87345,GENERAL CONTRACTOR,29016,27519,613190.2,Cary,27519
23-12351063,SOLAR PV SYSTEM,2023-04-19,2023-03-24,CERTICATE OF COMPLIANCE (CC),TC,Occupancy,2023-04-24,0,14783,NC SOLAR NOW INC,GENERAL CONTRACTOR,27604,27519,16355.94,Cary,27519
23-12360230,SOLAR PV SYSTEM,2023-04-03,2023-03-27,CERTICATE OF COMPLIANCE (CC),TC,Occupancy,2023-05-30,0,35571,8M SOLAR,GENERAL CONTRACTOR,27616,27511,39355.83,Cary,27511
23-12370845,SOLAR PV SYSTEM,2023-06-27,2023-03-27,PERMIT ISSUED (PI),TC,Permit Issued,2023-10-16,0,22895,FREEDOM FOREVER NORTH CAROLINA,GENERAL CONTRACTOR,27513,27519,25331.08,Cary,27519
23-12381939,SOLAR PV SYSTEM,2023-04-17,2023-03-27,CERTICATE OF COMPLIANCE (CC),TC,Occupancy,2023-05-01,0,39200,YES! SOLAR SOLUTIONS,GENERAL CONTRACTOR,27513,27513,43370.96,Cary,27513
23-12391954,SOLAR PV SYSTEM,2023-04-26,2023-03-28,CERTICATE OF COMPLIANCE (CC),TC,Occupancy,2023-05-01,0,20521,YES! SOLAR SOLUTIONS,GENERAL CONTRACTOR,27513,27513,22704.48,Cary,27513
23-12400114,SOLAR PV SYSTEM,2023-04-13,2023-03-30,CERTICATE OF COMPLIANCE (CC),TC,Occupancy,2023-05-03,0,19000,8M SOLAR,GENERAL CONTRACTOR,27587,27513,21021.64,Cary,27513
23-12410516,SOLAR PV SYSTEM,2023-04-28,2023-03-30,CERTICATE OF COMPLIANCE (CC),TC,Occupancy,2023-05-22,0,35946,ALPHA CONTRACTING LLC,GENERAL CONTRACTOR,27529,27513,39770.73,Cary,27513
23-12420678,SOLAR PV SYSTEM,2023-06-22,2023-03-31,CERTICATE OF COMPLIANCE (CC),TC,Occupancy,2023-07-26,0,31585,CAPE FEAR SOLAR SYSTEMS,GENERAL CONTRACTOR,28401,27539,34945.71,Apex,27539
23-12431248,SOLAR PV SYSTEM,2023-04-28,2023-03-31,CERTICATE OF COMPLIANCE (CC),TC,Occupancy,2023-05-09,0,35930,NC SOLAR NOW INC,GENERAL CONTRACTOR,27604,27511,39753.03,Cary,27511
23-12441392,SOLAR PANELS,2023-07-10,2023-04-03,CERTICATE OF COMPLIANCE (CC),CC,Occupancy,2023-07-14,0,24300,PALMETTO SOLAR LLC,GENERAL CONTRACTOR,29405,27519,26750.24,Cary,27519
23-12450382,SOLAR PV SYSTEM,2023-04-13,2023-04-05,CERTICATE OF COMPLIANCE (CC),TC,Occupancy,2023-05-11,0,20000,8M SOLAR,GENERAL CONTRACTOR,27587,27513,22016.66,Cary,27513
23-12460037,SOLAR PANELS,2023-04-20,2023-04-10,CERTICATE OF COMPLIANCE (CC),TC,Occupancy,2023-05-15,0,15750,8M SOLAR,GENERAL CONTRACTOR,27616,27519,17338.12,Cary,27519
23-12471336,SOLAR PANELS,2023-05-22,2023-04-10,CERTICATE OF COMPLIANCE (CC),TC,Occupancy,2023-05-31,0,17369,NC SOLAR NOW INC,GENERAL CONTRACTOR,27604,27519,19120.37,Cary,27519
23-12480747,ROOF MOUNTED SOLAR,2023-05-05,2023-04-11,CERTICATE OF COMPLIANCE (CC),TC,Occupancy,2023-05-18,590,32040,YES! SOLAR SOLUTIONS,GENERAL CONTRACTOR,27513,27511,35270.69,Cary,27511
23-12491567,Solar PV System,2023-05-08,2023-04-11,CERTICATE OF COMPLIANCE (CC),TC,Occupancy,2023-08-16,809,64328,SOUTHERN ENERGY MANAGEMENT,GENERAL CONTRACTOR,27617,27519,70814.38,Cary,27519
23-12500785,SOLAR PV SYSTEM,2023-05-26,2023-04-12,CERTICATE OF COMPLIANCE (CC),TC,Occupancy,2023-05-31,398,20100,EMERALD ENERGY LLC,GENERAL CONTRACTOR,27624,27519,22126.74,Cary,27519
23-12510156,ROOF MOUNTED SOLAR,2023-04-28,2023-04-13,CERTICATE OF COMPLIANCE (CC),TC,Occupancy,2023-05-09,700,14100,8M SOLAR,GENERAL CONTRACTOR,27587,27519,15521.75,Cary,27519
23-12521182,ROOF MOUNTED SOLAR,2023-05-12,2023-04-13,CERTICATE OF COMPLIANCE (CC),TC,Occupancy,2023-05-22,475,20865,NC SOLAR NOW INC,GENERAL CONTRACTOR,27604,27519,22968.88,Cary,27519
23-12530326,ROOF MOUNTED SOLAR,2023-04-28,2023-04-14,CERTICATE OF COMPLIANCE (CC),TC,Occupancy,2023-08-07,700,17800,8M SOLAR,GENERAL CONTRACTOR,27616,27519,19594.83,Cary,27519
23-12540507,ROOF MOUNTED SOLAR,2023-07-19,2023-04-14,CERTICATE OF COMPLIANCE (CC),TC,Occupancy,2023-07-26,490,49623,ALPHA CONTRACTING LLC,GENERAL CONTRACTOR,27529,27612,54626.64,Cary,27519
23-12550646,SOLAR PANELS,2023-04-27,2023-04-14,CERTICATE OF COMPLIANCE (CC),TC,Occupancy,2023-07-18,0,24566,BLUE RAVEN SOLAR,UNLICENSED CONTRACTOR,84097,27518,27043.06,Apex,27523
23-12561337,ROOF MOUNTED SOLAR,2023-05-12,2023-04-14,CERTICATE OF COMPLIANCE (CC),TC,Occupancy,2023-05-26,95,5000,NC SOLAR NOW INC,GENERAL CONTRACTOR,27604,27513,5504.16,Cary,27513
23-12570846,ROOF MOUNTED SOLAR,2023-09-07,2023-04-17,CERTICATE OF COMPLIANCE (CC),TC,Occupancy,2023-09-29,189,36282,FREEDOM FOREVER NORTH CAROLINA,GENERAL CONTRACTOR,27513,27523,39940.42,Apex,27523
23-12580857,ROOF MOUNTED SOLAR,2023-05-02,2023-04-17,CERTICATE OF COMPLIANCE (CC),TC,Occupancy,2023-09-13,0,56143,FREEDOM SOLAR POWER,UNLICENSED CONTRACTOR,78744,27511,61804.07,Cary,27511
23-12591100,ROOF MOUNTED SOLAR,2023-05-05,2023-04-17,PERMIT ISSUED (PI),TC,Permit Issued,2023-05-05,456,18921,NC SOLAR NOW INC,GENERAL CONTRACTOR,27604,27519,20828.86,Cary,27519
23-12600157,ROOF MOUNTED SOLAR,2023-05-03,2023-04-18,CERTICATE OF COMPLIANCE (CC),TC,Occupancy,2023-05-25,555,15979,8M SOLAR,GENERAL CONTRACTOR,27616,27519,17590.21,Cary,27519
23-12610711,ROOF MOUNTED SOLAR,2023-06-06,2023-04-18,CERTICATE OF COMPLIANCE (CC),TC,Occupancy,2023-06-08,500,29848,YES! SOLAR SOLUTIONS,GENERAL CONTRACTOR,27513,27513,32857.66,Cary,27513
23-12620275,SOLAR PV SYSTEM,2023-05-03,2023-04-20,CERTICATE OF COMPLIANCE (CC),TC,Occupancy,2023-05-17,0,17420,8M SOLAR,GENERAL CONTRACTOR,27616,27519,19176.51,Cary,27519
23-12630435,SOLAR PV SYSTEM,2023-05-05,2023-04-20,CERTICATE OF COMPLIANCE (CC),TC,Occupancy,2023-06-07,555,16700,8M SOLAR,GENERAL CONTRACTOR,27616,27519,18383.91,Cary,27519
23-12641714,SOLAR PV SYSTEM,2023-05-30,2023-04-24,CERTICATE OF COMPLIANCE (CC),TC,Occupancy,2023-06-01,0,8600,"TESLA ENERGY OPERATIONS, INC.",GENERAL CONTRACTOR,94538,27513,9467.16,Cary,27513
23-12650773,SOLAR PV SYSTEM,,2023-04-25,ADMINISTRATIVELY CLOSED (AC),TC,Permit Cancelled,2025-02-17,0,14000,COVENANT SOLAR TECH LLC,GENERAL CONTRACTOR,27704,84770,15411.66,Cary,27519
23-12660436,ROOF MOUNTED SOLAR,2023-05-03,2023-04-26,CERTICATE OF COMPLIANCE (CC),TC,Occupancy,2023-05-23,555,15500,8M SOLAR,GENERAL CONTRACTOR,27616,27519,17062.91,Cary,27519
23-12670712,SOLAR PV SYSTEM,2023-06-16,2023-04-26,CERTICATE OF COMPLIANCE (CC),TC,Occupancy,2023-07-06,0,44340,YES! SOLAR SOLUTIONS,GENERAL CONTRACTOR,27513,27607,48810.94,Cary,27513
23-12681481,SOLAR PV SYSTEM,2023-05-03,2023-04-26,CERTICATE OF COMPLIANCE (CC),TC,Occupancy,2023-05-17,192,11700,SOUTHERN ENERGY MANAGEMENT,GENERAL CONTRACTOR,27617,27519,12879.75,Cary,27519
23-12691839,SOLAR PV SYSTEM,2023-08-01,2023-04-26,PERMIT ISSUED (PI),TC,Permit Issued,2023-08-01,0,31277,TOP TIER SOLAR SOLUTIONS 87345,GENERAL CONTRACTOR,28217,27513,34430.75,Cary,27513
23-12700504,SOLAR PV SYSTEM,2023-06-14,2023-04-27,CERTICATE OF COMPLIANCE (CC),TC,Occupancy,2023-06-30,0,37122,ALPHA CONTRACTING LLC,GENERAL CONTRACTOR,27529,27519,40865.12,Cary,27519
23-12711183,SOLAR PV SYSTEM,2023-05-16,2023-04-28,PERMIT ISSUED (PI),TC,Permit Issued,2025-04-29,0,23077,NC SOLAR NOW INC,GENERAL CONTRACTOR,27604,27513,25403.92,Cary,27513
23-12721184,SOLAR PV SYSTEM,2023-05-26,2023-04-28,CERTICATE OF COMPLIANCE (CC),TC,Occupancy,2023-06-02,0,33453,NC SOLAR NOW INC,GENERAL CONTRACTOR,27604,27519,36826.17,Cary,27519
23-12730276,SOLAR PV SYSTEM,2023-05-11,2023-05-03,CERTICATE OF COMPLIANCE (CC),TC,Occupancy,2023-05-30,0,16700,8M SOLAR,GENERAL CONTRACTOR,27616,27519,18337.73,Cary,27519
23-12740437,SOLAR PV SYSTEM,2023-05-11,2023-05-03,CERTICATE OF COMPLIANCE (CC),TC,Occupancy,2023-07-18,0,22886,8M SOLAR,GENERAL CONTRACTOR,27616,27519,25130.37,Cary,27519
23-12751827,SOLAR PV SYSTEM,2023-05-24,2023-05-03,CERTICATE OF COMPLIANCE (CC),TC,Occupancy,2023-11-20,302,26732,TOP TIER SOLAR SOLUTIONS 87345,GENERAL CONTRACTOR,29016,27513,29353.54,Cary,27513
23-12760438,SOLAR PV SYSTEM,2023-05-11,2023-05-04,CERTICATE OF COMPLIANCE (CC),CC,Occupancy,2023-06-12,0,22000,8M SOLAR,GENERAL CONTRACTOR,27616,27519,24157.49,Cary,27519
23-12770115,SOLAR PV SYSTEM,2023-05-16,2023-05-05,CERTICATE OF COMPLIANCE (CC),TC,Occupancy,2023-06-12,0,16900,8M SOLAR,GENERAL CONTRACTOR,27616,27519,18557.34,Cary,27519
23-12780439,SOLAR PV SYSTEM,2023-05-11,2023-05-08,CERTICATE OF COMPLIANCE (CC),TC,Occupancy,2023-06-07,0,19000,8M SOLAR,GENERAL CONTRACTOR,27616,27519,20863.28,Cary,27519
23-12790508,SOLAR PV SYSTEM,2023-05-25,2023-05-08,CERTICATE OF COMPLIANCE (CC),TC,Occupancy,2023-06-01,0,31417,ALPHA CONTRACTING LLC,GENERAL CONTRACTOR,27529,27519,34497.99,Cary,27519
23-12801101,SOLAR PV SYSTEM,2023-06-13,2023-05-09,CERTICATE OF COMPLIANCE (CC),TC,Occupancy,2023-06-15,0,16030,NC SOLAR NOW INC,GENERAL CONTRACTOR,27604,27518,17602.02,Cary,27518
23-12810327,SOLAR PV SYSTEM,2023-05-18,2023-05-11,CERTICATE OF COMPLIANCE (CC),TC,Occupancy,2023-06-21,0,23125,8M SOLAR,GENERAL CONTRACTOR,27616,27519,25392.81,Cary,27519
23-12821920,SOLAR PV SYSTEM,2024-06-12,2023-05-11,PERMIT ISSUED (PI),TC,Permit Issued,2024-06-12,0,20544,YES! SOLAR SOLUTIONS,GENERAL CONTRACTOR,27513,27519,22558.7,Cary,27519
23-12830517,SOLAR PANELS,2023-07-21,2023-05-12,CERTICATE OF COMPLIANCE (CC),TC,Occupancy,2023-07-28,0,65393,ALPHA CONTRACTING LLC,GENERAL CONTRACTOR,27529,27518,71805.93,Cary,27518
23-12841495,SOLAR PV SYSTEM,2023-05-25,2023-05-12,CERTICATE OF COMPLIANCE (CC),TC,Occupancy,2023-06-16,0,33359,SOUTHERN ENERGY MANAGEMENT,GENERAL CONTRACTOR,27617,27513,36630.44,Cary,27513
23-12850383,SOLAR PV SYSTEM,2023-05-24,2023-05-15,CERTICATE OF COMPLIANCE (CC),TC,Occupancy,2023-07-14,0,23125,8M SOLAR,GENERAL CONTRACTOR,27616,27519,25392.81,Cary,27519
23-12861064,SOLAR PV SYSTEM,2023-05-31,2023-05-15,CERTICATE OF COMPLIANCE (CC),TC,Occupancy,2023-06-02,0,26858,NC SOLAR NOW INC,GENERAL CONTRACTOR,27604,27523,29491.9,Apex,27523
23-12871372,SOLAR PV SYSTEM,,2023-05-15,PLANS WITHDRAWN (PW),TC,Permit Cancelled,2024-12-06,0,75000,NEXUS ENERGY SYSTEMS LLC,GENERAL CONTRACTOR,92806,27513,82355.07,Cary,27513
23-12881102,SOLAR PV SYSTEM,2023-06-08,2023-05-16,CERTICATE OF COMPLIANCE (CC),TC,Occupancy,2023-06-12,0,39402,NC SOLAR NOW INC,GENERAL CONTRACTOR,27604,27513,43266.06,Cary,27513
23-12890231,SOLAR PV SYSTEM,2023-05-24,2023-05-17,CERTICATE OF COMPLIANCE (CC),TC,Occupancy,2023-06-15,0,17800,8M SOLAR,GENERAL CONTRACTOR,27616,27519,19545.6,Cary,27519
23-12901371,SOLAR PV SYSTEM,2023-07-27,2023-05-17,CERTICATE OF COMPLIANCE (CC),TC,Occupancy,2023-08-10,0,37000,NEXUS ENERGY SYSTEMS LLC,GENERAL CONTRACTOR,92806,27519,40628.5,Cary,27519
23-12911439,SOLAR PANELS & BATTERY,2023-06-13,2023-05-18,PERMIT ISSUED (PI),TC,Permit Issued,2023-06-13,0,44330,RENU ENERGY SOLUTIONS LLC,GENERAL CONTRACTOR,28217,27513,48677.34,Cary,27518
23-12920328,SOLAR PV SYSTEM,2023-05-27,2023-05-19,CERTICATE OF COMPLIANCE (CC),TC,Occupancy,2023-06-29,0,23900,8M SOLAR,GENERAL CONTRACTOR,27616,27519,26243.82,Cary,27519
23-12930232,SOLAR PV SYSTEM,2023-06-08,2023-05-23,CERTICATE OF COMPLIANCE (CC),TC,Occupancy,2023-07-11,0,24400,8M SOLAR,GENERAL CONTRACTOR,27616,27519,26792.85,Cary,27519
23-12940233,SOLAR PV SYSTEM,2023-06-02,2023-05-23,CERTICATE OF COMPLIANCE (CC),TC,Occupancy,2023-07-07,0,14500,8M SOLAR,GENERAL CONTRACTOR,27616,27519,15921.98,Cary,27519
23-12950234,SOLAR PV SYSTEM,2023-06-05,2023-05-23,CERTICATE OF COMPLIANCE (CC),TC,Occupancy,2023-07-11,0,16800,8M SOLAR,GENERAL CONTRACTOR,27616,27518,18447.54,Cary,27518
23-12960329,SOLAR PV SYSTEM,2023-06-08,2023-05-23,CERTICATE OF COMPLIANCE (CC),TC,Occupancy,2023-07-11,0,19500,8M SOLAR,GENERAL CONTRACTOR,27616,27539,21412.32,Apex,27539
23-12970330,SOLAR PV SYSTEM,2023-06-08,2023-05-25,CERTICATE OF COMPLIANCE (CC),TC,Occupancy,2023-07-20,0,13900,8M SOLAR,GENERAL CONTRACTOR,27616,27519,15263.14,Cary,27519
23-12980650,SOLAR PV SYSTEM,2023-06-26,2023-05-26,CERTICATE OF COMPLIANCE (CC),TC,Occupancy,2023-07-03,0,21764,BLUE RAVEN SOLAR,UNLICENSED CONTRACTOR,84097,27519,23898.34,Cary,27519
23-12991338,SOLAR PV SYSTEM,2023-06-13,2023-05-30,CERTICATE OF COMPLIANCE (CC),CC,Occupancy,2023-06-16,0,24732,NC SOLAR NOW INC,GENERAL CONTRACTOR,27604,27523,27157.41,Apex,27523
23-13001358,SOLAR PV SYSTEM,2023-07-27,2023-05-30,CERTICATE OF COMPLIANCE (CC),TC,Occupancy,2023-08-10,0,50000,NEXUS ENERGY SYSTEMS LLC,GENERAL CONTRACTOR,92806,27513,54903.38,Cary,27513
23-13010748,SOLAR PV SYSTEM,2023-07-06,2023-06-01,CERTICATE OF COMPLIANCE (CC),TC,Occupancy,2023-07-10,0,25080,YES! SOLAR SOLUTIONS,GENERAL CONTRACTOR,27513,27511,27450.9,Cary,27511
23-13021249,SOLAR PV SYSTEM,2023-06-23,2023-06-01,CERTICATE OF COMPLIANCE (CC),TC,Occupancy,2023-06-30,0,16858,NC SOLAR NOW INC,GENERAL CONTRACTOR,27604,27539,18451.64,Apex,27539
23-13030001,Solar PV System,2023-08-24,2023-06-02,CERTICATE OF COMPLIANCE (CC),TC,Occupancy,2023-08-29,0,25596,"365 SOLAR ENERGY, LLC",ELECTRICAL CONTRACTOR,28217,27511,28015.68,Cary,27511
23-13040070,SOLAR PANELS,2023-06-15,2023-06-02,CERTICATE OF COMPLIANCE (CC),TC,Occupancy,2023-07-06,0,16556,8M SOLAR,GENERAL CONTRACTOR,27616,27560,18121.1,Cary,27519
23-13050518,Solar PV System,2023-08-21,2023-06-02,CERTICATE OF COMPLIANCE (CC),TC,Occupancy,2023-08-24,551,41927,ALPHA CONTRACTING LLC,GENERAL CONTRACTOR,27529,27539,45890.5,Apex,27539
23-13060831,SOLAR PANELS,2023-06-29,2023-06-02,CERTICATE OF COMPLIANCE (CC),TC,Occupancy,2023-10-27,0,13501,"EMPWR SOLAR LLP, T/A",GENERAL CONTRACTOR,29464,27519,14777.3,Cary,27519
23-13071637,SOLAR PV SYSTEM,2023-06-26,2023-06-02,PERMIT ISSUED (PI),TC,Permit Issued,2023-10-11,0,24078,SUPERNOVA SOLAR LLC,GENERAL CONTRACTOR,29201,27513,26354.18,Cary,27513
23-13081065,SOLAR PANELS,2023-06-20,2023-06-05,CERTICATE OF COMPLIANCE (CC),TC,Occupancy,2023-07-10,0,22944,NC SOLAR NOW INC,GENERAL CONTRACTOR,27604,27523,25112.97,Apex,27523
23-13091294,SOLAR PV SYSTEM,2023-06-16,2023-06-05,CERTICATE OF COMPLIANCE (CC),TC,Occupancy,2023-07-17,0,15572,NC SOLAR NOW INC,GENERAL CONTRACTOR,27604,27519,17044.07,Cary,27519
23-13100713,SOLAR PV SYSTEM,2023-07-11,2023-06-07,CERTICATE OF COMPLIANCE (CC),CC,Occupancy,2023-07-17,0,35550,YES! SOLAR SOLUTIONS,GENERAL CONTRACTOR,27513,27502,38910.66,Cary,27519
23-13111455,SOLAR PV SYSTEM,2023-07-05,2023-06-07,CERTICATE OF COMPLIANCE (CC),TC,Occupancy,2023-07-12,0,17409,RENU ENERGY SOLUTIONS LLC,GENERAL CONTRACTOR,28217,27513,19054.73,Cary,27513
23-13121359,SOLAR PANELS,2023-09-15,2023-06-08,CERTICATE OF COMPLIANCE (CC),TC,Occupancy,2023-09-25,0,32000,NEXUS ENERGY SYSTEMS LLC,GENERAL CONTRACTOR,92806,94404,35025.07,Cary,27519
23-13130714,SOLAR PV SYSTEM,2023-07-14,2023-06-12,CERTICATE OF COMPLIANCE (CC),TC,Occupancy,2023-07-24,0,25080,YES! SOLAR SOLUTIONS,GENERAL CONTRACTOR,27513,27519,27450.9,Cary,27519
23-13140866,SOLAR PV SYSTEM,2023-10-10,2023-06-12,CERTICATE OF COMPLIANCE (CC),TC,Occupancy,2023-10-12,0,6418,GAF ENERGY LLC,UNLICENSED CONTRACTOR,94903,27519,7024.72,Cary,27519
23-13151353,SOLAR PV SYSTEM,,2023-06-14,APPROVED (AP),TC,Fees/Payment,2023-07-13,0,45000,NEXUS ENERGY SYSTEMS LLC,GENERAL CONTRACTOR,92806,27513,49254.0,Cary,27513
23-13160384,SOLAR PANELS,2023-07-04,2023-06-15,CERTICATE OF COMPLIANCE (CC),TC,Occupancy,2023-07-25,0,18500,8M SOLAR,GENERAL CONTRACTOR,27616,27513,20248.87,Cary,27513
23-13171155,SOLAR PV SYSTEM,2023-07-07,2023-06-15,CERTICATE OF COMPLIANCE (CC),TC,Occupancy,2023-07-12,0,24512,NC SOLAR NOW INC,GENERAL CONTRACTOR,27604,27523,26829.2,Apex,27523
23-13180235,SOLAR PV SYSTEM,2023-06-27,2023-06-16,CERTICATE OF COMPLIANCE (CC),TC,Occupancy,2023-08-31,0,21800,8M SOLAR,GENERAL CONTRACTOR,27616,27519,23860.83,Cary,27519
23-13190876,Solar PV System,2023-08-18,2023-06-16,CERTICATE OF COMPLIANCE (CC),TC,Occupancy,2023-11-28,0,12000,"INNOVATIVE BUILDS, INC.",GENERAL CONTRACTOR,28306,27513,13134.4,Cary,27513
23-13201185,SOLAR PV SYSTEM,2023-06-29,2023-06-16,PERMIT ISSUED (PI),TC,Permit Issued,2023-06-29,0,23400,NC SOLAR NOW INC,GENERAL CONTRACTOR,27604,27560,25612.08,Morrisville,27560
23-13211250,SOLAR PV SYSTEM,2023-07-25,2023-06-16,CERTICATE OF COMPLIANCE (CC),TC,Occupancy,2023-07-27,0,27480,NC SOLAR NOW INC,GENERAL CONTRACTOR,27604,27519,30077.78,Cary,27519
23-13221482,SOLAR PANELS,2023-06-27,2023-06-16,CERTICATE OF COMPLIANCE (CC),TC,Occupancy,2023-08-28,0,22162,SOUTHERN ENERGY MANAGEMENT,GENERAL CONTRACTOR,27617,27519,24257.05,Cary,27519
23-13230495,SOLAR PV SYSTEM,2023-08-18,2023-06-19,CERTICATE OF COMPLIANCE (CC),TC,Occupancy,2023-08-23,0,38623,"MARC JONES CONSTRUCTION, LLC",GENERAL CONTRACTOR,70433,27523,42274.16,Apex,27523
23-13241355,SOLAR PV SYSTEM,2023-08-01,2023-06-19,CERTICATE OF COMPLIANCE (CC),TC,Occupancy,2023-09-19,0,56000,NEXUS ENERGY SYSTEMS LLC,GENERAL CONTRACTOR,92806,27519,61293.87,Cary,27519
23-13251364,SOLAR PV SYSTEM,2023-09-01,2023-06-19,CERTICATE OF COMPLIANCE (CC),TC,Occupancy,2023-09-19,0,23000,NEXUS ENERGY SYSTEMS LLC,GENERAL CONTRACTOR,92806,27519,25174.27,Cary,27519
23-13261496,"Install ""Span Smart Panel"" to an existing PV Syste",2023-07-07,2023-06-19,CERTICATE OF COMPLIANCE (CC),TC,Occupancy,2023-08-04,0,8000,SOUTHERN ENERGY MANAGEMENT,GENERAL CONTRACTOR,27617,27513,8756.27,Cary,27513
23-13270861,SOLAR PV SYSTEM,2023-10-16,2023-06-21,CERTICATE OF COMPLIANCE (CC),TC,Occupancy,2023-12-19,0,7654,GAF ENERGY LLC,GENERAL CONTRACTOR,94903,27519,8377.56,Cary,27519
23-13281186,SOLAR PV SYSTEM,2023-06-29,2023-06-21,CERTICATE OF COMPLIANCE (CC),TC,Occupancy,2023-08-30,0,18575,NC SOLAR NOW INC,GENERAL CONTRACTOR,27604,27513,20330.96,Cary,27513
23-13291965,SOLAR PV SYSTEM,,2023-06-22,PLANS WITHDRAWN (PW),TC,Permit Cancelled,2023-06-23,0,27000,,,,27519,29552.4,Cary,27519
23-13300038,SOLAR PV SYSTEM,2023-07-04,2023-06-23,CERTICATE OF COMPLIANCE (CC),TC,Occupancy,2023-08-07,0,18541,8M SOLAR,GENERAL CONTRACTOR,27616,27519,20293.74,Cary,27519
23-13310697,SOLAR PV SYSTEM,2023-09-18,2023-06-26,CERTICATE OF COMPLIANCE (CC),TC,Occupancy,2023-09-21,0,16906,YES! SOLAR SOLUTIONS,GENERAL CONTRACTOR,27513,27513,18504.18,Cary,27513
23-13321735,SOLAR PV SYSTEM,2023-09-15,2023-06-26,CERTICATE OF COMPLIANCE (CC),TC,Occupancy,2023-09-21,0,8200,"TESLA ENERGY OPERATIONS, INC.",GENERAL CONTRACTOR,94538,27560,8975.17,Morrisville,27560
23-13330749,SOLAR PV SYSTEM,2023-08-08,2023-06-27,CERTICATE OF COMPLIANCE (CC),TC,Occupancy,2023-08-11,0,17680,YES! SOLAR SOLUTIONS,GENERAL CONTRACTOR,27513,27560,19351.35,Morrisville,27560
23-13341360,SOLAR PV SYSTEM,2023-08-23,2023-06-29,CERTICATE OF COMPLIANCE (CC),TC,Occupancy,2023-09-08,0,39000,NEXUS ENERGY SYSTEMS LLC,GENERAL CONTRACTOR,92806,27513,42686.8,Cary,27513
23-13350882,SOLAR PV SYSTEM,2023-08-03,2023-07-03,CERTICATE OF COMPLIANCE (CC),TC,Occupancy,2023-08-24,0,3240,ION DEVELOPER LLC,UNLICENSED CONTRACTOR,84604,27519,3539.54,Cary,27519
23-13360879,SOLAR PV SYSTEM,2023-09-12,2023-07-05,CERTICATE OF COMPLIANCE (CC),TC,Occupancy,2023-12-06,0,13312,ION DEVELOPER LLC,UNLICENSED CONTRACTOR,84604,27519,14542.69,Cary,27519
23-13370071,SOLAR PV SYSTEM,2023-07-14,2023-07-06,CERTICATE OF COMPLIANCE (CC),TC,Occupancy,2023-08-11,0,24900,8M SOLAR,GENERAL CONTRACTOR,27616,27539,27201.99,Apex,27539
23-13380236,SOLAR PV SYSTEM,2023-07-14,2023-07-06,CERTICATE OF COMPLIANCE (CC),TC,Occupancy,2023-09-07,0,26500,8M SOLAR,GENERAL CONTRACTOR,27616,27513,28949.91,Cary,27513
23-13390385,SOLAR PV SYSTEM,2023-07-14,2023-07-06,CERTICATE OF COMPLIANCE (CC),TC,Occupancy,2023-09-08,0,18900,8M SOLAR,GENERAL CONTRACTOR,27616,27560,20647.3,Morrisville,27560
23-13400671,SOLAR PV SYSTEM,2023-08-30,2023-07-07,CERTICATE OF COMPLIANCE (CC),TC,Occupancy,2023-10-04,0,27500,BYLD LLC,GENERAL CONTRACTOR,28208,27511,30042.36,Cary,27511
23-13411295,SOLAR PV SYSTEM,2023-07-19,2023-07-11,CERTICATE OF COMPLIANCE (CC),TC,Occupancy,2023-08-18,0,3536,NC SOLAR NOW INC,GENERAL CONTRACTOR,27604,27513,3862.9,Cary,27513
23-13421354,SOLAR PV SYSTEM,2023-10-05,2023-07-11,CERTICATE OF COMPLIANCE (CC),TC,Occupancy,2023-10-12,0,53000,NEXUS ENERGY SYSTEMS LLC,GENERAL CONTRACTOR,92806,27518,57899.83,Cary,27518
23-13430867,SOLAR PV SYSTEM,2023-11-15,2023-07-12,CERTICATE OF COMPLIANCE (CC),TC,Occupancy,2023-11-20,0,29953,GAF ENERGY LLC,GENERAL CONTRACTOR,94903,27519,32722.14,Cary,27519
23-13441026,SOLAR PV SYSTEM,2023-09-27,2023-07-12,CERTICATE OF COMPLIANCE (CC),TC,Occupancy,2023-10-02,0,27700,NC SOLAR NOW INC,GENERAL CONTRACTOR,27604,27519,30260.85,Cary,27519
23-13451296,SOLAR PV SYSTEM,2023-11-13,2023-07-12,CERTICATE OF COMPLIANCE (CC),TC,Occupancy,2023-11-17,0,11085,NC SOLAR NOW INC,GENERAL CONTRACTOR,27604,27560,12109.8,Morrisville,27560
23-13460039,SOLAR PV SYSTEM,2023-07-19,2023-07-13,CERTICATE OF COMPLIANCE (CC),TC,Occupancy,2023-08-23,0,29900,8M SOLAR,GENERAL CONTRACTOR,27616,27519,32664.24,Cary,27519
23-13471224,SOLAR PV SYSTEM,2023-07-19,2023-07-13,CERTICATE OF COMPLIANCE (CC),TC,Occupancy,2023-08-21,0,24960,NC SOLAR NOW INC,GENERAL CONTRACTOR,27604,27523,27267.54,Apex,27523
23-13481297,SOLAR PV SYSTEM,2023-08-25,2023-07-13,CERTICATE OF COMPLIANCE (CC),TC,Occupancy,2023-08-30,0,29233,NC SOLAR NOW INC,GENERAL CONTRACTOR,27604,27511,31935.58,Cary,27511
23-13490277,SOLAR PV SYSTEM,2023-07-21,2023-07-17,CERTICATE OF COMPLIANCE (CC),TC,Occupancy,2023-08-31,0,16100,8M SOLAR,GENERAL CONTRACTOR,27616,27523,17588.44,Apex,27523
23-13500797,solar panels on residential roof,2023-08-28,2023-07-18,CERTICATE OF COMPLIANCE (CC),TC,Occupancy,2023-08-30,510,22848,EMERALD ENERGY LLC,GENERAL CONTRACTOR,27624,27560,24960.29,Morrisville,27560
23-13511949,SOLAR PV SYSTEM,2023-07-28,2023-07-18,CERTICATE OF COMPLIANCE (CC),TC,Occupancy,2023-08-29,0,18096,YES! SOLAR SOLUTIONS,GENERAL CONTRACTOR,27513,27519,19768.97,Cary,27519
23-13521522,SOLAR PV SYSTEM,2023-08-25,2023-07-19,CERTICATE OF COMPLIANCE (CC),TC,Occupancy,2023-09-05,0,37472,SOUTHERN ENERGY MANAGEMENT,GENERAL CONTRACTOR,27617,27519,40936.27,Cary,27519
23-13531523,SOLAR PV SYSTEM,2023-08-04,2023-07-20,CERTICATE OF COMPLIANCE (CC),TC,Occupancy,2023-08-28,0,24037,SOUTHERN ENERGY MANAGEMENT,GENERAL CONTRACTOR,27617,27519,26259.21,Cary,27519
23-13541955,SOLAR PV SYSTEM,2023-08-21,2023-07-24,CERTICATE OF COMPLIANCE (CC),TC,Occupancy,2023-08-24,0,24528,YES! SOLAR SOLUTIONS,GENERAL CONTRACTOR,27513,27539,26795.6,Apex,27539
23-13551524,"TESLA POWERWALL, BATTERY, AND EV CHARGER TO EXISTI",2023-08-15,2023-07-25,CERTICATE OF COMPLIANCE (CC),TC,Occupancy,2023-08-31,0,16150,SOUTHERN ENERGY MANAGEMENT,GENERAL CONTRACTOR,27617,27511,17643.06,Cary,27511
23-13561298,SOLAR PV SYSTEM,2023-08-17,2023-07-26,CERTICATE OF COMPLIANCE (CC),TC,Occupancy,2023-08-21,0,20000,NC SOLAR NOW INC,GENERAL CONTRACTOR,27604,27519,21848.99,Cary,27519
23-13571836,SOLAR PV SYSTEM,2023-08-18,2023-07-26,CERTICATE OF COMPLIANCE (CC),TC,Occupancy,2023-08-29,0,36223,TOP TIER SOLAR SOLUTIONS 87345,GENERAL CONTRACTOR,29016,27519,39571.8,Cary,27519
23-13580072,SOLAR PV SYSTEM,2023-08-10,2023-07-27,CERTICATE OF COMPLIANCE (CC),TC,Occupancy,2023-11-22,0,44000,8M SOLAR,GENERAL CONTRACTOR,27616,27539,48067.78,Apex,27539
23-13590158,SOLAR PV SYSTEM,2023-08-07,2023-07-27,CERTICATE OF COMPLIANCE (CC),TC,Occupancy,2023-08-25,0,39360,8M SOLAR,GENERAL CONTRACTOR,27616,27513,42998.81,Cary,27513
23-13600665,SOLAR PV SYSTEM,2023-09-21,2023-07-28,CERTICATE OF COMPLIANCE (CC),TC,Occupancy,2023-09-27,0,18206,BLUE RAVEN SOLAR,UNLICENSED CONTRACTOR,84097,27519,19889.14,Cary,27519
23-13611339,SOLAR PV SYSTEM,2023-08-07,2023-07-28,CERTICATE OF COMPLIANCE (CC),TC,Occupancy,2023-08-23,0,21860,NC SOLAR NOW INC,GENERAL CONTRACTOR,27604,27523,23880.95,Apex,27523
23-13620802,SOLAR PANELS,2023-09-07,2023-08-01,CERTICATE OF COMPLIANCE (CC),TC,Occupancy,2023-09-11,0,25387,EMERALD ENERGY LLC,GENERAL CONTRACTOR,27624,27519,27613.42,Cary,27519
23-13631103,SOLAR PV SYSTEM,2023-08-31,2023-08-01,CERTICATE OF COMPLIANCE (CC),TC,Occupancy,2023-09-05,0,15872,NC SOLAR NOW INC,GENERAL CONTRACTOR,27604,27519,17263.97,Cary,27519
23-13640191,SOLAR PV SYSTEM,2023-08-25,2023-08-04,CERTICATE OF COMPLIANCE (CC),TC,Occupancy,2023-10-04,0,19500,8M SOLAR,GENERAL CONTRACTOR,27616,27519,21210.14,Cary,27519
23-13650278,SOLAR PV SYSTEM,2023-09-05,2023-08-04,CERTICATE OF COMPLIANCE (CC),TC,Occupancy,2023-10-11,0,30288,8M SOLAR,GENERAL CONTRACTOR,27616,27560,32944.24,Morrisville,27560
23-13661382,SOLAR PV SYSTEM,2023-12-05,2023-08-08,CERTICATE OF COMPLIANCE (CC),TC,Occupancy,2024-01-25,3000,28100,OWNER (GENERAL),GENERAL CONTRACTOR,27519,27519,30564.35,Cary,27519
23-13671433,INSTALLATION OF SOLAR,2023-09-27,2023-08-09,CERTICATE OF COMPLIANCE (CC),TC,Occupancy,2023-09-29,3517,20880,R7 SOLAR LLC,GENERAL CONTRACTOR,27539,27513,22711.16,Cary,27513
23-13680514,SOLAR PV SYSTEM,2023-11-21,2023-08-10,CERTICATE OF COMPLIANCE (CC),CC,Occupancy,2023-11-29,0,39772,ALPHA CONTRACTING LLC,GENERAL CONTRACTOR,27529,27519,43259.98,Cary,27519
23-13690672,SOLAR PV SYSTEM,2023-10-06,2023-08-10,CERTICATE OF COMPLIANCE (CC),TC,Occupancy,2023-10-23,0,12000,BYLD LLC,GENERAL CONTRACTOR,28208,27519,13052.39,Cary,27519
23-13700237,SOLAR PV SYSTEM,2023-08-23,2023-08-14,CERTICATE OF COMPLIANCE (CC),TC,Occupancy,2023-10-12,0,51930,8M SOLAR,GENERAL CONTRACTOR,27616,27518,56484.23,Cary,27518
23-13711664,SOLAR PV SYSTEM,2024-02-13,2023-08-17,CERTICATE OF COMPLIANCE (CC),TC,Occupancy,2024-09-11,0,22000,"TESLA ENERGY OPERATIONS, INC.",GENERAL CONTRACTOR,94538,27523,23929.39,Cary,27519
23-13720331,SOLAR PV SYSTEM,2023-09-26,2023-08-18,CERTICATE OF COMPLIANCE (CC),TC,Occupancy,2023-11-17,0,23650,8M SOLAR,GENERAL CONTRACTOR,27616,27519,25724.09,Cary,27519
23-13730813,SOLAR PANELS,2023-09-18,2023-08-18,CERTICATE OF COMPLIANCE (CC),TC,Occupancy,2023-09-20,589,25530,EMERALD ENERGY LLC,GENERAL CONTRACTOR,27624,27519,27768.97,Cary,27519
23-13741560,ADD BATTERIES & GATEWAY TO EXISTING SOLAR,2023-08-23,2023-08-18,PERMIT ISSUED (PI),TC,Permit Issued,2023-08-23,0,26000,SOUTHERN ENERGY MANAGEMENT,GENERAL CONTRACTOR,27617,28746,28280.18,Cary,27511
23-13751066,SOLAR PV SYSTEM,2023-09-15,2023-08-21,CERTICATE OF COMPLIANCE (CC),TC,Occupancy,2023-09-20,0,27956,NC SOLAR NOW INC,GENERAL CONTRACTOR,27604,27523,30407.72,Apex,27523
23-13761393,SOLAR PV SYSTEM,2023-09-13,2023-08-21,CERTICATE OF COMPLIANCE (CC),TC,Occupancy,2024-02-26,600,6500,PALMETTO SOLAR LLC,GENERAL CONTRACTOR,29405,27519,7070.05,Cary,27519
23-13771544,SOLAR PV SYSTEM,2023-08-31,2023-08-21,PERMIT ISSUED (PI),CC,Permit Issued,2023-08-31,0,45200,SOUTHERN ENERGY MANAGEMENT,GENERAL CONTRACTOR,27617,27519,49164.01,Cary,27519
23-13780073,SOLAR PV SYSTEM,2023-08-29,2023-08-22,CERTICATE OF COMPLIANCE (CC),TC,Occupancy,2023-10-05,0,19236,8M SOLAR,GENERAL CONTRACTOR,27616,27523,20922.99,Apex,27523
23-13791440,SOLAR PV SYSTEM,2023-09-26,2023-08-23,CERTICATE OF COMPLIANCE (CC),TC,Occupancy,2023-10-10,0,28600,RENU ENERGY SOLUTIONS LLC,GENERAL CONTRACTOR,28217,27519,31108.2,Cary,27519
23-13801427,SOLAR PANELS,2023-10-09,2023-08-25,CERTICATE OF COMPLIANCE (CC),TC,Occupancy,2023-10-31,0,51000,"POWUR, PBC",GENERAL CONTRACTOR,92014,27511,55472.67,Cary,27511
23-13811762,TESLA BATTERY STORAGE,2024-04-10,2023-08-25,CERTICATE OF COMPLIANCE (CC),TC,Occupancy,2024-05-16,0,14400,"TESLA ENERGY OPERATIONS, INC.",GENERAL CONTRACTOR,94538,27518,15662.87,Cary,27518
23-13820698,SOLAR PANELS,,2023-08-28,APPROVED (AP),TC,Fees/Payment,2023-09-12,0,55872,YES! SOLAR SOLUTIONS,GENERAL CONTRACTOR,27513,27511,60771.94,Cary,27511
23-13830850,SOLAR PANELS,2023-10-13,2023-08-29,CERTICATE OF COMPLIANCE (CC),TC,Occupancy,2023-12-01,0,37721,FREEDOM FOREVER NORTH CAROLINA,GENERAL CONTRACTOR,27513,27519,41029.11,Cary,27519
23-13840159,SOLAR PV SYSTEM,2023-09-11,2023-08-30,CERTICATE OF COMPLIANCE (CC),TC,Occupancy,2023-10-11,0,21200,8M SOLAR,GENERAL CONTRACTOR,27616,27518,23059.23,Cary,27518
23-13851133,SOLAR PV SYSTEM,2023-10-02,2023-08-30,CERTICATE OF COMPLIANCE (CC),TC,Occupancy,2023-10-05,0,21620,NC SOLAR NOW INC,GENERAL CONTRACTOR,27604,27523,23516.06,Apex,27523
23-13861378,SOLAR PANELS,,2023-08-30,EXPIRED PERMIT (XP),TC,Permit Cancelled,2025-04-14,0,24100,OWNER (GENERAL),GENERAL CONTRACTOR,27519,27519,26213.56,Cary,27519
23-13870332,SOLAR PV SYSTEM,2023-09-11,2023-09-05,CERTICATE OF COMPLIANCE (CC),TC,Occupancy,2023-10-23,0,32800,8M SOLAR,GENERAL CONTRACTOR,27616,27519,35588.1,Cary,27519
23-13880816,SOLAR PANELS,2023-10-04,2023-09-05,CERTICATE OF COMPLIANCE (CC),TC,Occupancy,2023-10-10,0,28560,EMERALD ENERGY LLC,GENERAL CONTRACTOR,27624,27519,30987.69,Cary,27519
23-13891134,SOLAR PV SYSTEM,2023-09-14,2023-09-06,CERTICATE OF COMPLIANCE (CC),TC,Occupancy,2023-10-04,0,4684,NC SOLAR NOW INC,GENERAL CONTRACTOR,27604,27523,5082.15,Apex,27523
23-13900817,SOLAR PANELS,2023-11-02,2023-09-07,CERTICATE OF COMPLIANCE (CC),TC,Occupancy,2023-12-12,0,22320,EMERALD ENERGY LLC,GENERAL CONTRACTOR,27624,27519,24217.27,Cary,27519
23-13911027,SOLAR PV SYSTEM,2023-10-12,2023-09-07,CERTICATE OF COMPLIANCE (CC),TC,Occupancy,2023-10-23,0,15980,NC SOLAR NOW INC,GENERAL CONTRACTOR,27604,27519,17338.35,Cary,27519
23-13920019,2 TESLA POWERWALLS TO EXISTING SOLAR,2023-09-15,2023-09-11,CERTICATE OF COMPLIANCE (CC),TC,Occupancy,2023-10-31,0,24000,8M SOLAR,ELECTRICAL CONTRACTOR,27616,27513,26040.07,Cary,27513
23-13930743,SOLAR PV SYSTEM,2023-10-31,2023-09-14,CERTICATE OF COMPLIANCE (CC),TC,Occupancy,2023-11-02,0,16523,YES! SOLAR SOLUTIONS,GENERAL CONTRACTOR,27513,27519,17927.51,Cary,27519
23-13941437,SOLAR PV SYSTEM,2024-01-16,2023-09-15,CERTICATE OF COMPLIANCE (CC),TC,Occupancy,2025-11-17,0,9600,"RENEWABLE ENERGY DESIGN GROUP,",GENERAL CONTRACTOR,27023,27518,10416.03,Cary,27518
23-13950519,SOLAR PV SYSTEM,2023-11-14,2023-09-18,CERTICATE OF COMPLIANCE (CC),TC,Occupancy,2023-11-22,0,52315,ALPHA CONTRACTING LLC,GENERAL CONTRACTOR,27529,27606,56761.93,Raleigh,27606
23-13960750,SOLAR PV SYSTEM,2023-10-16,2023-09-18,CERTICATE OF COMPLIANCE (CC),CC,Occupancy,2023-10-23,0,33988,YES! SOLAR SOLUTIONS,GENERAL CONTRACTOR,27513,,36877.08,Cary,27519
23-13971028,SOLAR PV SYSTEM,2023-10-12,2023-09-18,CERTICATE OF COMPLIANCE (CC),TC,Occupancy,2023-10-23,0,23383,NC SOLAR NOW INC,GENERAL CONTRACTOR,27604,27519,25370.63,Cary,27519
23-13981525,SOLAR PV SYSTEM,2023-11-09,2023-09-18,PERMIT ISSUED (PI),TC,Permit Issued,2023-11-09,0,22984,SOUTHERN ENERGY MANAGEMENT,GENERAL CONTRACTOR,27617,27511,24937.71,Cary,27511
23-13990758,SOLAR PV SYSTEM,2023-10-10,2023-09-19,PERMIT ISSUED (PI),TC,Permit Issued,2023-10-10,0,10720,YES! SOLAR SOLUTIONS,GENERAL CONTRACTOR,27513,27513,11631.23,Cary,27513
23-14000847,SOLAR PV SYSTEM,2023-12-06,2023-09-19,CERTICATE OF COMPLIANCE (CC),TC,Occupancy,2023-12-08,0,18766,FREEDOM FOREVER NORTH CAROLINA,GENERAL CONTRACTOR,27513,27519,20361.17,Cary,27519
23-14011526,SOLAR PV SYSTEM,2023-11-13,2023-09-19,CERTICATE OF COMPLIANCE (CC),TC,Occupancy,2023-11-20,0,33956,SOUTHERN ENERGY MANAGEMENT,GENERAL CONTRACTOR,27617,27513,36842.36,Cary,27513
23-14021527,SOLAR PV SYSTEM,2023-09-26,2023-09-19,CERTICATE OF COMPLIANCE (CC),TC,Occupancy,2024-01-02,0,37364,SOUTHERN ENERGY MANAGEMENT,GENERAL CONTRACTOR,27617,27519,40540.05,Cary,27519
23-14030279,SOLAR PV SYSTEM,2023-09-27,2023-09-20,CERTICATE OF COMPLIANCE (CC),TC,Occupancy,2023-11-01,0,27660,8M SOLAR,GENERAL CONTRACTOR,27616,27523,30011.18,Apex,27523
23-14040333,SOLAR PV SYSTEM,2023-09-27,2023-09-20,CERTICATE OF COMPLIANCE (CC),TC,Occupancy,2023-10-23,0,24000,8M SOLAR,GENERAL CONTRACTOR,27616,27519,26040.07,Cary,27519
23-14050731,INSTALLING BATTERIES TO EXISTING SOLAR,2023-10-17,2023-09-20,CERTICATE OF COMPLIANCE (CC),TC,Occupancy,2023-10-24,0,29067,YES! SOLAR SOLUTIONS,GENERAL CONTRACTOR,27513,27519,31537.78,Cary,27519
23-14060116,SOLAR PV SYSTEM,2023-09-27,2023-09-21,CERTICATE OF COMPLIANCE (CC),TC,Occupancy,2023-10-30,0,39500,8M SOLAR,GENERAL CONTRACTOR,27616,27513,42857.62,Cary,27513
23-14070117,SOLAR PV SYSTEM,2023-10-03,2023-09-21,CERTICATE OF COMPLIANCE (CC),TC,Occupancy,2023-10-23,0,32400,8M SOLAR,GENERAL CONTRACTOR,27616,27518,35154.1,Cary,27518
23-14080280,SOLAR PV SYSTEM,2023-09-28,2023-09-21,CERTICATE OF COMPLIANCE (CC),TC,Occupancy,2023-11-14,0,28400,8M SOLAR,GENERAL CONTRACTOR,27616,27519,30814.09,Cary,27519
23-14091187,SOLAR PV SYSTEM,2023-10-23,2023-09-21,CERTICATE OF COMPLIANCE (CC),TC,Occupancy,2023-10-31,0,17640,NC SOLAR NOW INC,GENERAL CONTRACTOR,27604,27513,19139.45,Cary,27513
23-14101665,SOLAR PV SYSTEM,2023-09-27,2023-09-21,CERTICATE OF COMPLIANCE (CC),TC,Occupancy,2024-06-03,0,34600,"TESLA ENERGY OPERATIONS, INC.",GENERAL CONTRACTOR,94538,27519,37541.11,Cary,27519
23-14110842,SOLAR PV SYSTEM,2024-01-04,2023-09-22,CERTICATE OF COMPLIANCE (CC),TC,Occupancy,2024-01-19,0,30869,FREEDOM FOREVER NORTH CAROLINA,GENERAL CONTRACTOR,27513,27513,33492.96,Cary,27513
23-14121957,INSTALL 15 ROOFTOP SOLAR PANELS,,2023-09-22,EXPIRED APPLICATION (XA),TC,Permit Cancelled,2024-09-16,400,20000,,,,27519,21700.06,Cary,27519
23-14131975,20 ROOFTOP SOLAR PANELS,,2023-09-22,EXPIRED APPLICATION (XA),TC,Permit Cancelled,2024-09-17,500,20000,,,,27519,21700.06,Cary,27519
23-14140502,SOLAR PV SYSTEM,2023-11-14,2023-09-27,CERTICATE OF COMPLIANCE (CC),TC,Occupancy,2024-01-24,0,40950,ALPHA CONTRACTING LLC,GENERAL CONTRACTOR,27529,27519,44430.87,Cary,27519
23-14150509,SOLAR PV SYSTEM,2023-11-14,2023-09-27,CERTICATE OF COMPLIANCE (CC),TC,Occupancy,2024-03-22,0,37621,ALPHA CONTRACTING LLC,GENERAL CONTRACTOR,27529,27518,40818.9,Cary,27518
23-14160074,SOLAR PV SYSTEM,2023-10-05,2023-09-28,CERTICATE OF COMPLIANCE (CC),TC,Occupancy,2023-11-29,0,18000,8M SOLAR,GENERAL CONTRACTOR,27616,27609,19530.05,Cary,27519
23-14170386,Two 50A 240V receptacle to existing Solar,2023-10-17,2023-09-28,CERTICATE OF COMPLIANCE (CC),TC,Occupancy,2023-11-01,0,650,8M SOLAR,GENERAL CONTRACTOR,27616,27513,705.25,Cary,27513
23-14181497,SOLAR PV SYSTEM,2023-10-17,2023-10-02,CERTICATE OF COMPLIANCE (CC),TC,Occupancy,2023-12-08,0,21039,SOUTHERN ENERGY MANAGEMENT,GENERAL CONTRACTOR,27617,27519,22836.13,Cary,27519
23-14190759,SOLAR PV SYSTEM,2023-11-13,2023-10-04,CERTICATE OF COMPLIANCE (CC),TC,Occupancy,2023-11-16,0,103024,YES! SOLAR SOLUTIONS,GENERAL CONTRACTOR,27513,27519,111824.22,Cary,27519
23-14201029,SOLAR PV SYSTEM,2023-11-15,2023-10-04,CERTICATE OF COMPLIANCE (CC),TC,Occupancy,2023-11-22,0,19035,NC SOLAR NOW INC,GENERAL CONTRACTOR,27604,27519,20660.95,Cary,27519
23-14211135,SOLAR PV SYSTEM,2024-01-11,2023-10-04,CERTICATE OF COMPLIANCE (CC),TC,Occupancy,2024-01-17,0,24100,NC SOLAR NOW INC,GENERAL CONTRACTOR,27604,27523,26158.6,Apex,27523
23-14221252,SOLAR PANELS,2023-11-13,2023-10-05,CERTICATE OF COMPLIANCE (CC),TC,Occupancy,2023-11-17,0,21560,NC SOLAR NOW INC,GENERAL CONTRACTOR,27604,27519,23401.64,Cary,27519
23-14231376,SOLAR PV SYSTEM,2023-11-08,2023-10-05,CERTICATE OF COMPLIANCE (CC),TC,Occupancy,2024-02-23,0,72342,OVANOVA CONSTRUCTION SERVICES,GENERAL CONTRACTOR,27231,27518,78521.39,Cary,27518
23-14241545,SOLAR PV SYSTEM,2023-11-20,2023-10-05,CERTICATE OF COMPLIANCE (CC),TC,Occupancy,2024-09-25,0,21537,SOUTHERN ENERGY MANAGEMENT,GENERAL CONTRACTOR,27617,27607,23376.67,Raleigh,27607
23-14251640,SOLAR PV SYSTEM,2023-10-12,2023-10-05,CERTICATE OF COMPLIANCE (CC),TC,Occupancy,2023-11-20,0,10000,TAYCO ELECTRIC & SOLAR INC.,GENERAL CONTRACTOR,28079,27560,10854.19,Morrisville,27560
23-14261967,SOLAR PV SYSTEM,,2023-10-06,EXPIRED APPLICATION (XA),TC,Permit Cancelled,2024-09-17,0,21147,,,,27519,22953.36,Cary,27519
23-14270040,SOLAR PV SYSTEM,2023-10-12,2023-10-09,CERTICATE OF COMPLIANCE (CC),TC,Occupancy,2023-11-07,0,24800,8M SOLAR,GENERAL CONTRACTOR,27616,27519,26918.4,Cary,27519
23-14280041,SOLAR PV SYSTEM,2023-10-12,2023-10-09,CERTICATE OF COMPLIANCE (CC),TC,Occupancy,2023-11-17,0,18500,8M SOLAR,GENERAL CONTRACTOR,27616,27519,20080.25,Cary,27519
23-14290118,SOLAR PV SYSTEM,2023-10-13,2023-10-09,CERTICATE OF COMPLIANCE (CC),TC,Occupancy,2023-12-15,0,20000,8M SOLAR,GENERAL CONTRACTOR,27616,27519,21708.38,Cary,27519
23-14300334,SOLAR PV SYSTEM,2023-10-18,2023-10-09,CERTICATE OF COMPLIANCE (CC),TC,Occupancy,2023-12-15,0,29500,8M SOLAR,GENERAL CONTRACTOR,27616,27519,32019.87,Cary,27519
23-14310864,SOLAR PANELS,2023-10-19,2023-10-09,CERTICATE OF COMPLIANCE (CC),TC,Occupancy,2024-03-18,221,22108,GAF ENERGY LLC,GENERAL CONTRACTOR,94903,27519,23996.45,Cary,27519
23-14321251,SOLAR PV SYSTEM,2023-12-04,2023-10-09,CERTICATE OF COMPLIANCE (CC),TC,Occupancy,2023-12-08,0,26880,NC SOLAR NOW INC,GENERAL CONTRACTOR,27604,27560,29176.07,Morrisville,27560
23-14331340,SOLAR PV SYSTEM,2023-11-09,2023-10-09,CERTICATE OF COMPLIANCE (CC),TC,Occupancy,2023-11-15,0,15040,NC SOLAR NOW INC,GENERAL CONTRACTOR,27604,27519,16324.7,Cary,27519
23-14340238,SOLAR PV SYSTEM,2023-12-01,2023-10-10,CERTICATE OF COMPLIANCE (CC),TC,Occupancy,2024-01-04,0,35368,8M SOLAR,GENERAL CONTRACTOR,27616,27513,38389.11,Cary,27513
23-14350335,SOLAR PV SYSTEM,2023-10-18,2023-10-10,CERTICATE OF COMPLIANCE (CC),TC,Occupancy,2023-11-14,0,15150,8M SOLAR,GENERAL CONTRACTOR,27616,27519,16444.1,Cary,27519
23-14360489,REVISED SOLAR PANEL LAYOUT,2023-11-21,2023-10-10,CERTICATE OF COMPLIANCE (CC),TC,Occupancy,2023-11-30,0,58398,"MARC JONES CONSTRUCTION, LLC",GENERAL CONTRACTOR,70433,27518,63386.31,Cary,27518
23-14371225,SOLAR PV SYSTEM,2023-11-13,2023-10-10,CERTICATE OF COMPLIANCE (CC),TC,Occupancy,2023-11-17,0,26763,NC SOLAR NOW INC,GENERAL CONTRACTOR,27604,27523,29049.07,Apex,27523
23-14381375,SOLAR PV SYSTEM,2023-10-25,2023-10-10,PERMIT ISSUED (PI),TC,Permit Issued,2023-11-21,0,43000,OLYMPUS HOME LLC,GENERAL CONTRACTOR,29673,27519,46673.02,Cary,27519
23-14390666,SOLAR PV SYSTEM,2023-10-19,2023-10-12,CERTICATE OF COMPLIANCE (CC),TC,Occupancy,2023-11-16,0,23036,BLUE RAVEN SOLAR,UNLICENSED CONTRACTOR,84097,27519,25003.72,Cary,27519
23-14400751,Solar PV System,2023-11-06,2023-10-12,CERTICATE OF COMPLIANCE (CC),TC,Occupancy,2023-11-09,200,23840,YES! SOLAR SOLUTIONS,GENERAL CONTRACTOR,27513,27511,25876.39,Cary,27511
23-14411156,SOLAR PV SYSTEM,2023-11-15,2023-10-13,CERTICATE OF COMPLIANCE (CC),TC,Occupancy,2023-11-20,0,19521,NC SOLAR NOW INC,GENERAL CONTRACTOR,27604,27523,21188.47,Apex,27523
23-14421546,SOLAR PV SYSTEM,2023-11-28,2023-10-13,CERTICATE OF COMPLIANCE (CC),TC,Occupancy,2023-12-04,0,22830,SOUTHERN ENERGY MANAGEMENT,GENERAL CONTRACTOR,27617,27513,24780.12,Cary,27513
23-14430673,SOLAR PV SYSTEM,,2023-10-16,EXPIRED APPLICATION (XA),TC,Permit Cancelled,2024-09-17,0,29000,BYLD LLC,GENERAL CONTRACTOR,28208,27511,31477.16,Cary,27511
23-14441226,SOLAR PV SYSTEM,2023-11-14,2023-10-16,CERTICATE OF COMPLIANCE (CC),TC,Occupancy,2023-11-29,0,21400,NC SOLAR NOW INC,GENERAL CONTRACTOR,27604,27519,23227.97,Cary,27519
23-14451774,SOLAR PV SYSTEM,2024-03-04,2023-10-17,CERTICATE OF COMPLIANCE (CC),TC,Occupancy,2024-03-15,0,19700,"TESLA ENERGY OPERATIONS, INC.",GENERAL CONTRACTOR,94538,27519,21382.76,Cary,27519
23-14460788,Solar PV System,2023-11-28,2023-10-18,CERTICATE OF COMPLIANCE (CC),TC,Occupancy,2023-11-30,589,24080,EMERALD ENERGY LLC,GENERAL CONTRACTOR,27624,27519,26136.89,Cary,27519
23-14470789,Solar PV System,2023-11-28,2023-10-18,CERTICATE OF COMPLIANCE (CC),TC,Occupancy,2023-11-30,525,21500,EMERALD ENERGY LLC,GENERAL CONTRACTOR,27624,27519,23336.51,Cary,27519
23-14481136,SOLAR PV SYSTEM,2023-10-31,2023-10-18,CERTICATE OF COMPLIANCE (CC),TC,Occupancy,2023-11-03,0,21208,NC SOLAR NOW INC,GENERAL CONTRACTOR,27604,27523,23019.57,Apex,27523
23-14490790,SOLAR PANELS,2023-12-21,2023-10-19,CERTICATE OF COMPLIANCE (CC),TC,Occupancy,2023-12-29,588,25080,EMERALD ENERGY LLC,GENERAL CONTRACTOR,27624,27519,27222.31,Cary,27519
23-14500823,SOLAR PANELS,2023-12-18,2023-10-19,CERTICATE OF COMPLIANCE (CC),TC,Occupancy,2023-12-21,0,24000,EMERALD ENERGY LLC,GENERAL CONTRACTOR,27624,27519,26050.06,Cary,27519
23-14510075,SOLAR PANELS,2023-10-27,2023-10-20,CERTICATE OF COMPLIANCE (CC),TC,Occupancy,2023-12-11,420,18600,8M SOLAR,GENERAL CONTRACTOR,27616,27523,20188.8,Apex,27523
23-14520119,SOLAR PV SYSTEM,2023-10-30,2023-10-23,CERTICATE OF COMPLIANCE (CC),TC,Occupancy,2023-12-19,0,25516,8M SOLAR,GENERAL CONTRACTOR,27616,27519,27695.56,Cary,27519
23-14530281,SOLAR PV SYSTEM,2024-01-25,2023-10-23,CERTICATE OF COMPLIANCE (CC),TC,Occupancy,2024-02-22,0,25750,8M SOLAR,GENERAL CONTRACTOR,27616,27519,27949.54,Cary,27519
23-14540647,SOLAR PV SYSTEM,2023-10-27,2023-10-23,CERTICATE OF COMPLIANCE (CC),TC,Occupancy,2023-11-20,0,18370,BLUE RAVEN SOLAR,UNLICENSED CONTRACTOR,84097,27519,19939.15,Cary,27519
23-14551104,SOLAR PV SYSTEM,2023-11-28,2023-10-23,CERTICATE OF COMPLIANCE (CC),TC,Occupancy,2023-12-01,0,19280,NC SOLAR NOW INC,GENERAL CONTRACTOR,27604,27519,20926.88,Cary,27519
23-14561653,SOLAR PV SYSTEM,2024-06-06,2023-10-23,PERMIT ISSUED (PI),TC,Permit Issued,2024-06-06,0,28400,"TESLA ENERGY OPERATIONS, INC.",GENERAL CONTRACTOR,94538,27519,30825.9,Cary,27519
23-14570798,SOLAR PV SYSTEM,2023-11-28,2023-10-24,CERTICATE OF COMPLIANCE (CC),TC,Occupancy,2023-11-30,0,27300,EMERALD ENERGY LLC,GENERAL CONTRACTOR,27624,27519,29631.94,Cary,27519
23-14580810,SOLAR PANELS,2023-11-28,2023-10-24,CERTICATE OF COMPLIANCE (CC),TC,Occupancy,2023-12-12,352,24080,EMERALD ENERGY LLC,GENERAL CONTRACTOR,27624,27519,26136.89,Cary,27519
23-14590824,SOLAR PV SYSTEM,2023-12-07,2023-10-25,CERTICATE OF COMPLIANCE (CC),TC,Occupancy,2023-12-21,0,22360,EMERALD ENERGY LLC,GENERAL CONTRACTOR,27624,27519,24269.97,Cary,27519
23-14601790,SOLAR PV SYSTEM,,2023-10-25,PLANS WITHDRAWN (PW),TC,Permit Cancelled,2024-12-06,0,25153,THOMPSON & SON ENERGY SOLUTIO,GENERAL CONTRACTOR,28027,27519,27301.55,Cary,27519
23-14610821,SOLAR PV SYSTEM,2023-12-07,2023-10-26,CERTICATE OF COMPLIANCE (CC),TC,Occupancy,2024-01-03,0,27300,EMERALD ENERGY LLC,GENERAL CONTRACTOR,27624,27519,29631.94,Cary,27519
23-14621137,SOLAR PV SYSTEM,2023-11-13,2023-10-26,CERTICATE OF COMPLIANCE (CC),TC,Occupancy,2023-11-17,0,22560,NC SOLAR NOW INC,GENERAL CONTRACTOR,27604,27523,24487.06,Apex,27523
23-14630336,SOLAR PV SYSTEM,2023-11-01,2023-10-30,CERTICATE OF COMPLIANCE (CC),TC,Occupancy,2023-12-11,0,37616,8M SOLAR,GENERAL CONTRACTOR,27616,27519,40829.13,Cary,27519
23-14640337,SOLAR PV SYSTEM,2023-11-13,2023-10-30,CERTICATE OF COMPLIANCE (CC),TC,Occupancy,2023-12-29,0,29944,8M SOLAR,GENERAL CONTRACTOR,27616,27519,32501.79,Cary,27519
23-14650791,SOLAR PANELS,2023-12-20,2023-10-30,PERMIT ISSUED (PI),TC,Permit Issued,2023-12-20,0,50400,EMERALD ENERGY LLC,GENERAL CONTRACTOR,27615,27519,54705.13,Cary,27519
23-14660803,SOLAR PV SYSTEM,2023-12-18,2023-10-31,CERTICATE OF COMPLIANCE (CC),TC,Occupancy,2023-12-21,0,26660,EMERALD ENERGY LLC,GENERAL CONTRACTOR,27624,81521,28937.27,Cary,27519
23-14671691,SOLAR PV SYSTEM,2023-12-04,2023-10-31,CERTICATE OF COMPLIANCE (CC),TC,Occupancy,2024-03-20,0,10600,"TESLA ENERGY OPERATIONS, INC.",GENERAL CONTRACTOR,94538,27519,11505.44,Cary,27519
23-14680192,SOLAR PV SYSTEM,2023-11-06,2023-11-01,CERTICATE OF COMPLIANCE (CC),TC,Occupancy,2023-12-29,0,26730,8M SOLAR,GENERAL CONTRACTOR,27616,27519,29071.84,Cary,27519
23-14691742,SOLAR PV SYSTEM,2023-12-04,2023-11-01,CERTICATE OF COMPLIANCE (CC),TC,Occupancy,2024-04-01,0,10600,"TESLA ENERGY OPERATIONS, INC.",GENERAL CONTRACTOR,94538,27519,11528.68,Cary,27519
23-14700338,SOLAR PV SYSTEM,2023-12-14,2023-11-07,CERTICATE OF COMPLIANCE (CC),TC,Occupancy,2024-01-04,0,23300,8M SOLAR,GENERAL CONTRACTOR,27616,27519,25341.33,Cary,27519
23-14711299,SOLAR PV SYSTEM,2023-12-07,2023-11-08,CERTICATE OF COMPLIANCE (CC),TC,Occupancy,2023-12-13,0,32098,NC SOLAR NOW INC,GENERAL CONTRACTOR,27604,27518,34910.13,Cary,27518
23-14721300,SOLAR PV SYSTEM,2024-01-29,2023-11-08,CERTICATE OF COMPLIANCE (CC),TC,Occupancy,2024-02-02,0,20280,NC SOLAR NOW INC,GENERAL CONTRACTOR,27604,27513,22056.75,Cary,27511
23-14730699,SOLAR PV UPGRADE,2024-01-25,2023-11-09,PERMIT ISSUED (PI),TC,Permit Issued,2024-01-25,0,2350,YES! SOLAR SOLUTIONS,GENERAL CONTRACTOR,27513,27518,2555.89,Cary,27518
23-14740239,SOLAR PV SYSTEM,2023-11-17,2023-11-10,CERTICATE OF COMPLIANCE (CC),TC,Occupancy,2024-01-08,0,33500,8M SOLAR,GENERAL CONTRACTOR,27616,27519,36434.96,Cary,27519
23-14750240,SOLAR PV SYSTEM,2023-11-22,2023-11-14,CERTICATE OF COMPLIANCE (CC),TC,Occupancy,2024-01-11,0,29500,8M SOLAR,GENERAL CONTRACTOR,27616,27519,32084.52,Cary,27519
23-14760732,SOLAR PV SYSTEM,2023-11-30,2023-11-15,CERTICATE OF COMPLIANCE (CC),TC,Occupancy,2024-01-29,0,53671,YES! SOLAR SOLUTIONS,GENERAL CONTRACTOR,27513,27511,58373.16,Cary,27511
23-14771858,SOLAR PV SYSTEM,2024-01-16,2023-11-15,PERMIT ISSUED (PI),TC,Permit Issued,2024-03-25,0,66846,TOP TIER SOLAR SOLUTIONS 87345,GENERAL CONTRACTOR,28217,27513,72702.44,Cary,27513
23-14780700,SOLAR PV SYSTEM,2023-12-14,2023-11-16,CERTICATE OF COMPLIANCE (CC),TC,Occupancy,2023-12-18,0,34555,YES! SOLAR SOLUTIONS,GENERAL CONTRACTOR,27513,27518,37582.39,Cary,27518
23-14791188,SOLAR PV SYSTEM,2023-12-28,2023-11-16,CERTICATE OF COMPLIANCE (CC),TC,Occupancy,2024-01-10,0,27956,NC SOLAR NOW INC,GENERAL CONTRACTOR,27604,27519,30405.25,Cary,27519
23-14800670,SOLAR PANELS,2024-01-10,2023-11-17,CERTICATE OF COMPLIANCE (CC),TC,Occupancy,2024-01-16,580,29000,BYLD LLC,GENERAL CONTRACTOR,28208,27513,31540.71,Cary,27513
23-14810726,SOLAR PV SYSTEM,,2023-11-20,APPROVED (AP),TC,Fees/Payment,2023-11-21,0,17732,YES! SOLAR SOLUTIONS,GENERAL CONTRACTOR,27513,27519,19285.52,Cary,27519
23-14820499,SOLAR PV SYSTEM,,2023-11-21,EXPIRED APPLICATION (XA),TC,Permit Cancelled,2024-09-17,0,44203,ALPHA CONTRACTING LLC,GENERAL CONTRACTOR,27529,27519,48075.66,Cary,27519
23-14831067,SOLAR PV SYSTEM,2023-12-28,2023-11-21,CERTICATE OF COMPLIANCE (CC),TC,Occupancy,2024-01-04,0,25380,NC SOLAR NOW INC,GENERAL CONTRACTOR,27604,27513,27603.56,Cary,27513
23-14840042,SOLAR PV SYSTEM,2023-12-05,2023-11-29,CERTICATE OF COMPLIANCE (CC),TC,Occupancy,2024-02-02,0,39500,8M SOLAR,GENERAL CONTRACTOR,27616,27607,42960.63,Cary,27513
23-14851227,SOLAR PANELS,2023-12-28,2023-12-04,CERTICATE OF COMPLIANCE (CC),TC,Occupancy,2024-01-04,0,20680,NC SOLAR NOW INC,GENERAL CONTRACTOR,27604,27519,22514.16,Cary,27519
23-14861568,SOLAR PV SYSTEM,2025-09-12,2023-12-04,PERMIT ISSUED (PI),TC,Permit Issued,2025-09-12,0,16980,SOUTHERN ENERGY MANAGEMENT,GENERAL CONTRACTOR,27617,27519,18485.99,Cary,27519
23-14870871,SOLAR PV SYSTEM,2023-12-19,2023-12-05,CERTICATE OF COMPLIANCE (CC),TC,Occupancy,2024-02-26,0,0,GAF ENERGY LLC,GENERAL CONTRACTOR,94903,27560,0.0,Morrisville,27560
23-14881743,SOLAR PV SYSTEM,2024-06-13,2023-12-07,CERTICATE OF COMPLIANCE (CC),TC,Occupancy,2024-11-07,0,9600,"TESLA ENERGY OPERATIONS, INC.",GENERAL CONTRACTOR,94538,27519,10451.45,Cary,27519
23-14891929,SOLAR PANELS,2024-01-12,2023-12-12,CERTICATE OF COMPLIANCE (CC),TC,Occupancy,2024-01-17,421,21200,YES! SOLAR SOLUTIONS,GENERAL CONTRACTOR,27513,27609,23080.28,Cary,27519
23-14901030,SOLAR PV SYSTEM,2024-01-19,2023-12-15,PERMIT ISSUED (PI),TC,Permit Issued,2024-01-19,0,18391,NC SOLAR NOW INC,GENERAL CONTRACTOR,27604,27513,20022.14,Cary,27513
23-14911138,SOLAR PV SYSTEM,2024-01-16,2023-12-15,CERTICATE OF COMPLIANCE (CC),TC,Occupancy,2024-01-19,0,27889,NC SOLAR NOW INC,GENERAL CONTRACTOR,27604,27523,30362.54,Apex,27523
23-14921850,SOLAR PV SYSTEM,2024-02-12,2023-12-15,CERTICATE OF COMPLIANCE (CC),TC,Occupancy,2024-03-07,0,0,TOP TIER SOLAR SOLUTIONS 87345,GENERAL CONTRACTOR,28217,27513,0.0,Cary,27513
23-14931498,SOLAR PV SYSTEM & EV CHARGER,2023-12-22,2023-12-18,CERTICATE OF COMPLIANCE (CC),TC,Occupancy,2024-01-16,0,10028,SOUTHERN ENERGY MANAGEMENT,GENERAL CONTRACTOR,27617,27519,10917.41,Cary,27519
23-14941505,SOLAR PV SYSTEM,2023-12-28,2023-12-18,CERTICATE OF COMPLIANCE (CC),TC,Occupancy,2024-01-29,0,36440,SOUTHERN ENERGY MANAGEMENT,GENERAL CONTRACTOR,27617,27523,39671.95,Apex,27523
23-14951643,Installation of 3 separate units of energy storage,2024-10-11,2023-12-19,PERMIT ISSUED (PI),TC,Permit Issued,2024-10-11,0,7200,TESLA ENERGY OPERATIONS INC.,ELECTRICAL CONTRACTOR,94538,27513,7838.58,Cary,27513
23-14961105,SOLAR PV SYSTEM,2024-01-19,2023-12-28,CERTICATE OF COMPLIANCE (CC),TC,Occupancy,2024-01-25,0,20796,NC SOLAR NOW INC,GENERAL CONTRACTOR,27604,27519,22640.44,Cary,27519
24-14970339,SOLAR PV SYSTEM,2024-01-09,2024-01-03,CERTICATE OF COMPLIANCE (CC),TC,Occupancy,2024-02-09,600,21900,8M SOLAR,GENERAL CONTRACTOR,27616,27519,23713.18,Cary,27519
24-14981692,SOLAR PV SYSTEM,,2024-01-03,ADMINISTRATIVELY CLOSED (AC),TC,Permit Cancelled,2024-10-11,0,17300,"TESLA ENERGY OPERATIONS, INC.",GENERAL CONTRACTOR,94538,27523,18732.33,Apex,27523
24-14991483,SOLAR PV SYSTEM,2024-01-19,2024-01-04,CERTICATE OF COMPLIANCE (CC),TC,Occupancy,2024-01-26,0,24020,SOUTHERN ENERGY MANAGEMENT,GENERAL CONTRACTOR,27617,27519,26008.71,Cary,27519
24-15001189,SOLAR PV SYSTEM,2024-01-22,2024-01-05,CERTICATE OF COMPLIANCE (CC),TC,Occupancy,2024-01-25,0,24336,NC SOLAR NOW INC,GENERAL CONTRACTOR,27604,27519,26350.87,Cary,27519
24-15011301,SOLAR PV SYSTEM,2024-03-08,2024-01-12,CERTICATE OF COMPLIANCE (CC),TC,Occupancy,2024-03-15,0,17732,NC SOLAR NOW INC,GENERAL CONTRACTOR,27604,27513,19200.1,Cary,27513
24-15020043,SOLAR PV SYSTEM,2024-01-19,2024-01-16,CERTICATE OF COMPLIANCE (CC),TC,Occupancy,2024-02-19,0,25900,8M SOLAR,GENERAL CONTRACTOR,27616,27513,28044.36,Cary,27513
24-15031872,SOLAR PV SYSTEM,2024-05-17,2024-01-31,CERTICATE OF COMPLIANCE (CC),TC,Occupancy,2024-05-21,0,7989,TOP TIER SOLAR SOLUTIONS 87345,GENERAL CONTRACTOR,28217,27513,8650.44,Cary,27513
24-15040503,SOLAR PV SYSTEM,2024-04-18,2024-02-02,CERTICATE OF COMPLIANCE (CC),TC,Occupancy,2024-04-24,0,30920,ALPHA CONTRACTING LLC,GENERAL CONTRACTOR,27529,27513,33274.03,Cary,27513
24-15051341,SOLAR PANELS,,2024-02-05,APPROVED (AP),TC,Fees/Payment,2024-02-08,425,17000,NC SOLAR NOW INC,GENERAL CONTRACTOR,27604,27519,18294.26,Cary,27519
24-15060727,SOLAR PV SYSTEM,2024-02-21,2024-02-07,CERTICATE OF COMPLIANCE (CC),TC,Occupancy,2024-03-01,0,16900,YES! SOLAR SOLUTIONS,GENERAL CONTRACTOR,27513,27519,18186.65,Cary,27519
24-15070814,SOLAR PV SYSTEM,2024-02-29,2024-02-07,CERTICATE OF COMPLIANCE (CC),TC,Occupancy,2024-03-11,0,12532,EMERALD ENERGY LLC,GENERAL CONTRACTOR,27615,27519,13486.1,Cary,27519
24-15080282,SOLAR PANELS,2024-02-16,2024-02-08,CERTICATE OF COMPLIANCE (CC),TC,Occupancy,2024-04-01,0,36800,8M SOLAR,GENERAL CONTRACTOR,27616,27523,39601.69,Apex,27523
24-15090760,SOLAR PV SYSTEM,2024-03-07,2024-02-09,PERMIT ISSUED (PI),TC,Permit Issued,2024-03-07,0,18992,YES! SOLAR SOLUTIONS,GENERAL CONTRACTOR,27513,27511,20437.91,Cary,27511
24-15100387,SOLAR PV SYSTEM,2024-02-15,2024-02-12,CERTICATE OF COMPLIANCE (CC),TC,Occupancy,2024-04-08,0,30000,8M SOLAR,GENERAL CONTRACTOR,27616,27519,32283.99,Cary,27519
24-15111859,SOLAR PV SYSTEM,2024-07-03,2024-02-12,CERTICATE OF COMPLIANCE (CC),TC,Occupancy,2024-08-15,0,18069,TOP TIER SOLAR SOLUTIONS 87345,GENERAL CONTRACTOR,28217,27511,19444.64,Cary,27511
24-15120851,SOLAR PV SYSTEM,2024-04-03,2024-02-15,CERTICATE OF COMPLIANCE (CC),TC,Occupancy,2024-04-08,0,44329,FREEDOM FOREVER NORTH CAROLINA,GENERAL CONTRACTOR,27513,27519,47703.89,Cary,27519
24-15131106,SOLAR PV SYSTEM,2024-04-15,2024-02-16,CERTICATE OF COMPLIANCE (CC),TC,Occupancy,2024-04-18,0,18072,NC SOLAR NOW INC,GENERAL CONTRACTOR,27604,27519,19447.87,Cary,27519
24-15141528,TESLA BATTERIES CONNECTED TO SOLAR,2024-02-26,2024-02-19,CERTICATE OF COMPLIANCE (CC),TC,Occupancy,2024-04-22,0,12800,SOUTHERN ENERGY MANAGEMENT,GENERAL CONTRACTOR,27617,27513,13774.5,Cary,27513
24-15150937,SOLAR PV SYSTEM,2024-04-15,2024-02-21,CERTICATE OF COMPLIANCE (CC),TC,Occupancy,2024-04-26,235,15500,NC SOLAR NOW INC,ELECTRICAL CONTRACTOR,27604,27519,16680.06,Cary,27519
24-15160992,SOLAR PV SYSTEM,2024-04-30,2024-02-21,PERMIT ISSUED (PI),TC,Permit Issued,2024-04-30,0,15500,NC SOLAR NOW INC,ELECTRICAL CONTRACTOR,27604,27519,16680.06,Cary,27519
24-15170044,SOLAR PV SYSTEM,2024-03-07,2024-02-22,CERTICATE OF COMPLIANCE (CC),TC,Occupancy,2024-04-23,0,30650,8M SOLAR,GENERAL CONTRACTOR,27616,27519,32983.47,Cary,27519
24-15180193,SOLAR PV SYSTEM,2024-02-28,2024-02-22,CERTICATE OF COMPLIANCE (CC),TC,Occupancy,2024-03-22,0,36800,8M SOLAR,GENERAL CONTRACTOR,27616,27523,39601.69,Apex,27523
24-15190241,SOLAR PV SYSTEM,2024-02-27,2024-02-22,CERTICATE OF COMPLIANCE (CC),TC,Occupancy,2024-04-19,0,36500,8M SOLAR,GENERAL CONTRACTOR,27616,27513,39278.85,Cary,27513
24-15201639,SOLAR PV SYSTEM,,2024-02-26,EXPIRED APPLICATION (XA),TC,Permit Cancelled,2025-04-01,0,48000,SWISUN ENERGY INC,UNLICENSED CONTRACTOR,27529,27519,51654.38,Cary,27519
24-15210120,SOLAR PV SYSTEM,2024-03-06,2024-02-27,CERTICATE OF COMPLIANCE (CC),TC,Occupancy,2024-04-17,0,33900,8M SOLAR,GENERAL CONTRACTOR,27616,27519,36480.9,Cary,27519
24-15220388,SOLAR PV SYSTEM,2024-03-21,2024-02-28,CERTICATE OF COMPLIANCE (CC),TC,Occupancy,2024-05-13,0,48300,8M SOLAR,GENERAL CONTRACTOR,27616,27519,51977.22,Cary,27519
24-15231342,SOLAR PV SYSTEM,2024-04-02,2024-02-28,CERTICATE OF COMPLIANCE (CC),TC,Occupancy,2024-04-05,0,20352,NC SOLAR NOW INC,GENERAL CONTRACTOR,27604,27523,21901.46,Apex,27523
24-15240733,SOLAR PANELS,2024-03-21,2024-03-04,CERTICATE OF COMPLIANCE (CC),TC,Occupancy,2024-03-25,0,10513,YES! SOLAR SOLUTIONS,GENERAL CONTRACTOR,27513,27511,11240.72,Cary,27511
24-15250160,SOLAR PV SYSTEM,2024-03-13,2024-03-05,CERTICATE OF COMPLIANCE (CC),TC,Occupancy,2024-04-09,0,15900,8M SOLAR,GENERAL CONTRACTOR,27616,27513,17000.62,Cary,27513
24-15260715,SOLAR PV SYSTEM,2024-04-02,2024-03-05,CERTICATE OF COMPLIANCE (CC),TC,Occupancy,2024-04-17,0,18800,YES! SOLAR SOLUTIONS,GENERAL CONTRACTOR,27513,27513,20101.36,Cary,27513
24-15271561,SOLAR PV SYSTEM,2024-03-21,2024-03-07,CERTICATE OF COMPLIANCE (CC),TC,Occupancy,2024-06-20,0,36867,SOUTHERN ENERGY MANAGEMENT,GENERAL CONTRACTOR,27617,27519,39418.98,Cary,27519
24-15280734,SOLAR PV SYSTEM,2024-04-05,2024-03-08,CERTICATE OF COMPLIANCE (CC),TC,Occupancy,2024-04-12,0,31590,YES! SOLAR SOLUTIONS,GENERAL CONTRACTOR,27513,27519,33776.7,Cary,27519
24-15290242,SOLAR PV SYSTEM,2024-03-21,2024-03-13,CERTICATE OF COMPLIANCE (CC),TC,Occupancy,2024-07-16,0,27993,8M SOLAR,GENERAL CONTRACTOR,27616,27519,29930.71,Cary,27519
24-15300243,SOLAR PV SYSTEM,2024-04-01,2024-03-15,CERTICATE OF COMPLIANCE (CC),TC,Occupancy,2024-04-29,0,31500,8M SOLAR,GENERAL CONTRACTOR,27616,27519,33680.47,Cary,27519
24-15311190,SOLAR PV SYSTEM,,2024-03-26,ADMINISTRATIVELY CLOSED (AC),TC,Permit Cancelled,2024-12-20,0,34625,NC SOLAR NOW INC,GENERAL CONTRACTOR,27604,27513,37021.78,Cary,27513
24-15321253,SOLAR PV SYSTEM,2024-05-30,2024-03-26,CERTICATE OF COMPLIANCE (CC),TC,Occupancy,2024-06-11,0,34294,NC SOLAR NOW INC,GENERAL CONTRACTOR,27604,27519,36667.87,Cary,27519
24-15330389,SOLAR PANELS,2024-04-05,2024-03-27,CERTICATE OF COMPLIANCE (CC),TC,Occupancy,2024-05-28,950,33500,8M SOLAR,GENERAL CONTRACTOR,27616,27511,35818.91,Cary,27511
24-15340121,SOLAR PANELS,2024-04-19,2024-04-04,CERTICATE OF COMPLIANCE (CC),TC,Occupancy,2024-05-17,0,15650,8M SOLAR,GENERAL CONTRACTOR,27616,27518,16668.42,Cary,27518
24-15350390,SOLAR PANELS,2024-04-29,2024-04-04,CERTICATE OF COMPLIANCE (CC),CC,Occupancy,2024-07-05,0,34500,8M SOLAR,GENERAL CONTRACTOR,27616,27519,36745.07,Cary,27519
24-15361562,SOLAR PV SYSTEM,2024-04-15,2024-04-09,CERTICATE OF COMPLIANCE (CC),TC,Occupancy,2024-06-03,0,30605,SOUTHERN ENERGY MANAGEMENT,GENERAL CONTRACTOR,27617,27519,32596.61,Cary,27519
24-15371254,SOLAR PV SYSTEM,2024-04-26,2024-04-15,CERTICATE OF COMPLIANCE (CC),TC,Occupancy,2024-08-21,0,31330,NC SOLAR NOW INC,GENERAL CONTRACTOR,27604,27513,33368.79,Cary,27513
24-15381343,SOLAR PV SYSTEM,2024-05-24,2024-04-15,PERMIT ISSUED (PI),TC,Permit Issued,2024-05-24,0,37012,NC SOLAR NOW INC,GENERAL CONTRACTOR,27604,27523,39420.54,Apex,27523
24-15390762,SOLAR PV SYSTEM,2024-05-21,2024-04-16,CERTICATE OF COMPLIANCE (CC),TC,Occupancy,2024-05-23,0,44192,YES! SOLAR SOLUTIONS,GENERAL CONTRACTOR,27513,27606,47067.78,Raleigh,27606
24-15401958,SOLAR PANELS,,2024-04-17,PLANS WITHDRAWN (PW),TC,Permit Cancelled,2024-05-06,0,11013,,,,27513,11729.67,Cary,27513
24-15411302,SOLAR PV SYSTEM,2024-07-16,2024-04-18,CERTICATE OF COMPLIANCE (CC),TC,Occupancy,2024-08-27,0,38345,NC SOLAR NOW INC,GENERAL CONTRACTOR,27604,27519,40840.28,Cary,27519
24-15420684,SOLAR PV SYSTEM,2024-06-18,2024-04-19,CERTICATE OF COMPLIANCE (CC),TC,Occupancy,2024-10-24,0,43666,CAPE FEAR SOLAR SYSTEMS,GENERAL CONTRACTOR,28401,27518,46507.55,Cary,27518
24-15430122,Addition of battery banks to existing Solar,2024-05-01,2024-04-22,CERTICATE OF COMPLIANCE (CC),TC,Occupancy,2024-07-16,0,25800,8M SOLAR,GENERAL CONTRACTOR,27616,27519,27478.92,Cary,27519
24-15440340,SOLAR PV SYSTEM,2024-05-01,2024-04-22,CERTICATE OF COMPLIANCE (CC),TC,Occupancy,2024-07-16,0,25500,8M SOLAR,GENERAL CONTRACTOR,27616,27511,27159.4,Cary,27511
24-15450391,SOLAR PV SYSTEM,2024-05-01,2024-04-23,CERTICATE OF COMPLIANCE (CC),TC,Occupancy,2024-07-11,0,35715,8M SOLAR,GENERAL CONTRACTOR,27616,27519,38039.14,Cary,27519
24-15460520,SOLAR PV SYSTEM,2024-06-03,2024-04-23,CERTICATE OF COMPLIANCE (CC),TC,Occupancy,2024-08-19,0,43847,ALPHA CONTRACTING LLC,GENERAL CONTRACTOR,27529,27539,46700.32,Apex,27539
24-15471031,SOLAR PV SYSTEM,2024-06-20,2024-04-23,PERMIT ISSUED (PI),TC,Permit Issued,2024-06-20,0,18690,NC SOLAR NOW INC,GENERAL CONTRACTOR,27604,27519,19906.24,Cary,27519
24-15481676,SOLAR PV SYSTEM,2024-08-07,2024-04-25,CERTICATE OF COMPLIANCE (CC),TC,Occupancy,2024-09-19,0,16800,"TESLA ENERGY OPERATIONS, INC.",GENERAL CONTRACTOR,94538,27519,17893.25,Cary,27519
24-15490341,SOLAR PV SYSTEM,2024-05-06,2024-04-26,PERMIT ISSUED (PI),TC,Permit Issued,2024-05-06,0,32500,8M SOLAR,GENERAL CONTRACTOR,27616,27519,34614.92,Cary,27519
24-15500744,SOLAR PV SYSTEM,2024-06-07,2024-04-30,PERMIT ISSUED (PI),TC,Permit Issued,2024-06-07,0,33669,YES! SOLAR SOLUTIONS,GENERAL CONTRACTOR,27513,27513,35860.0,Cary,27513
24-15510194,SOLAR PV SYSTEM,2024-05-06,2024-05-01,CERTICATE OF COMPLIANCE (CC),TC,Occupancy,2024-07-11,0,32150,8M SOLAR,GENERAL CONTRACTOR,27616,27519,34185.34,Cary,27519
24-15520244,SOLAR PANELS & BATTERY BACKUP,2024-06-03,2024-05-01,CERTICATE OF COMPLIANCE (CC),TC,Occupancy,2024-09-06,1250,57900,8M SOLAR,GENERAL CONTRACTOR,27616,27518,61565.52,Cary,27518
24-15531068,SOLAR PV SYSTEM,2024-10-01,2024-05-03,CERTICATE OF COMPLIANCE (CC),TC,Occupancy,2024-10-04,0,31691,NC SOLAR NOW INC,GENERAL CONTRACTOR,27604,27513,33697.29,Cary,27513
24-15541344,SOLAR PV SYSTEM,2024-08-01,2024-05-03,CERTICATE OF COMPLIANCE (CC),TC,Occupancy,2024-08-06,0,30335,NC SOLAR NOW INC,GENERAL CONTRACTOR,27604,27523,32255.44,Apex,27523
24-15551499,SOLAR PV SYSTEM,2024-05-16,2024-05-03,CERTICATE OF COMPLIANCE (CC),TC,Occupancy,2025-03-06,0,40592,SOUTHERN ENERGY MANAGEMENT,GENERAL CONTRACTOR,27617,27511,43161.79,Cary,27513
24-15560392,SOLAR PV SYSTEM,2024-05-13,2024-05-06,CERTICATE OF COMPLIANCE (CC),TC,Occupancy,2024-09-16,0,30400,8M SOLAR,GENERAL CONTRACTOR,27616,27513,32324.56,Cary,27513
24-15570752,SOLAR PV SYSTEM,2024-05-28,2024-05-08,CERTICATE OF COMPLIANCE (CC),TC,Occupancy,2024-06-12,0,34948,YES! SOLAR SOLUTIONS,GENERAL CONTRACTOR,27513,27513,37160.48,Cary,27513
24-15581107,SOLAR PV SYSTEM,2024-09-26,2024-05-13,CERTICATE OF COMPLIANCE (CC),TC,Occupancy,2024-09-26,0,36292,NC SOLAR NOW INC,GENERAL CONTRACTOR,27604,27519,38589.56,Cary,27519
24-15591069,SOLAR PV SYSTEM,2024-07-16,2024-05-16,PERMIT ISSUED (PI),TC,Permit Issued,2024-07-16,0,28117,NC SOLAR NOW INC,GENERAL CONTRACTOR,27604,27519,29897.02,Cary,27519
24-15600076,SOLAR PV SYSTEM,2024-05-23,2024-05-17,CERTICATE OF COMPLIANCE (CC),TC,Occupancy,2024-07-30,0,31900,8M SOLAR,GENERAL CONTRACTOR,27616,27513,33919.52,Cary,27513
24-15610245,SOLAR PV SYSTEM,2024-05-23,2024-05-17,PERMIT ISSUED (PI),TC,Permit Issued,2024-05-23,0,25450,8M SOLAR,GENERAL CONTRACTOR,27616,27511,27061.18,Cary,27511
24-15620753,SOLAR PANELS,2024-06-14,2024-05-20,CERTICATE OF COMPLIANCE (CC),TC,Occupancy,2024-07-30,0,33024,YES! SOLAR SOLUTIONS,GENERAL CONTRACTOR,27513,27513,35114.67,Cary,27513
24-15631228,SOLAR PANELS,2024-08-02,2024-05-20,CERTICATE OF COMPLIANCE (CC),TC,Occupancy,2024-08-19,500,32029,NC SOLAR NOW INC,GENERAL CONTRACTOR,27604,27519,34056.68,Cary,27519
24-15640393,SOLAR PV SYSTEM,2024-07-12,2024-05-21,CERTICATE OF COMPLIANCE (CC),TC,Occupancy,2024-10-30,0,30111,8M SOLAR,GENERAL CONTRACTOR,27616,27519,32017.26,Cary,27519
24-15651255,SOLAR PANELS,2024-06-06,2024-05-21,CERTICATE OF COMPLIANCE (CC),TC,Occupancy,2024-10-07,0,28318,NC SOLAR NOW INC,GENERAL CONTRACTOR,27604,27518,30110.75,Cary,27518
24-15661782,SOLAR PV SYSTEM,2024-06-06,2024-05-22,CERTICATE OF COMPLIANCE (CC),TC,Occupancy,2024-09-20,0,15000,"TESLA ENERGY OPERATIONS, INC.",GENERAL CONTRACTOR,94538,27591,15949.62,Cary,27519
24-15670077,SOLAR PV SYSTEM,2024-06-11,2024-05-24,CERTICATE OF COMPLIANCE (CC),TC,Occupancy,2024-08-21,0,29400,8M SOLAR,GENERAL CONTRACTOR,27616,27523,31261.25,Apex,27523
24-15681191,SOLAR PV SYSTEM,2024-06-06,2024-05-28,CERTICATE OF COMPLIANCE (CC),TC,Occupancy,2024-09-17,0,37012,NC SOLAR NOW INC,GENERAL CONTRACTOR,27604,27539,39355.15,Apex,27539
24-15690938,Add Power Wall to Existing Solar,2024-10-30,2024-05-29,PERMIT ISSUED (PI),TC,Permit Issued,2024-10-30,0,18500,NC SOLAR NOW INC,ELECTRICAL CONTRACTOR,27604,27523,19671.19,Apex,27523
24-15700542,SOLAR PANELS,2024-07-16,2024-05-30,CERTICATE OF COMPLIANCE (CC),TC,Occupancy,2024-07-17,0,18000,BLACK CAT SOLAR INC,GENERAL CONTRACTOR,28115,27513,19139.54,Cary,27513
24-15710078,SOLAR PV SYSTEM,2024-06-04,2024-05-31,CERTICATE OF COMPLIANCE (CC),CC,Occupancy,2024-07-19,0,57900,8M SOLAR,GENERAL CONTRACTOR,27616,27519,61565.52,Cary,27519
24-15721303,SOLAR PV SYSTEM,2024-08-29,2024-05-31,PERMIT ISSUED (PI),TC,Permit Issued,2024-08-29,0,28117,NC SOLAR NOW INC,GENERAL CONTRACTOR,27604,27513,29897.02,Cary,27513
24-15731304,SOLAR PV SYSTEM,2024-06-12,2024-05-31,CERTICATE OF COMPLIANCE (CC),TC,Occupancy,2024-07-17,0,34475,NC SOLAR NOW INC,GENERAL CONTRACTOR,27604,27511,36657.53,Cary,27511
24-15741256,SOLAR PV SYSTEM,2024-06-12,2024-06-03,CERTICATE OF COMPLIANCE (CC),TC,Occupancy,2024-09-12,0,33533,NC SOLAR NOW INC,GENERAL CONTRACTOR,27604,27519,35643.87,Cary,27519
24-15750283,SOLAR PV SYSTEM,2024-06-24,2024-06-05,CERTICATE OF COMPLIANCE (CC),TC,Occupancy,2024-09-30,0,25900,8M SOLAR,GENERAL CONTRACTOR,27616,27519,27530.38,Cary,27519
24-15760440,SOLAR PV SYSTEM,2024-06-21,2024-06-05,CERTICATE OF COMPLIANCE (CC),TC,Occupancy,2024-09-30,0,25900,8M SOLAR,GENERAL CONTRACTOR,27616,27519,27530.38,Cary,27519
24-15770195,SOLAR PV SYSTEM,2024-06-14,2024-06-06,CERTICATE OF COMPLIANCE (CC),TC,Occupancy,2024-08-29,0,28000,8M SOLAR,GENERAL CONTRACTOR,27616,27513,29762.57,Cary,27513
24-15780394,SOLAR PV SYSTEM,2024-06-13,2024-06-06,CERTICATE OF COMPLIANCE (CC),TC,Occupancy,2024-07-30,0,51400,8M SOLAR,GENERAL CONTRACTOR,27616,27519,54635.58,Cary,27519
24-15791229,SOLAR PV SYSTEM,2024-06-12,2024-06-07,CERTICATE OF COMPLIANCE (CC),TC,Occupancy,2024-10-15,0,32929,NC SOLAR NOW INC,GENERAL CONTRACTOR,27604,27519,35001.85,Cary,27519
24-15800342,SOLAR PV SYSTEM,2024-06-24,2024-06-10,CERTICATE OF COMPLIANCE (CC),TC,Occupancy,2024-09-25,0,31802,8M SOLAR,GENERAL CONTRACTOR,27616,27511,33803.9,Cary,27511
24-15810395,SOLAR PV SYSTEM,2024-06-27,2024-06-10,CERTICATE OF COMPLIANCE (CC),TC,Occupancy,2024-09-18,0,27500,8M SOLAR,GENERAL CONTRACTOR,27616,27519,29231.1,Cary,27519
24-15821032,SOLAR PV SYSTEM,2024-08-29,2024-06-11,CERTICATE OF COMPLIANCE (CC),TC,Occupancy,2024-09-05,0,32630,NC SOLAR NOW INC,GENERAL CONTRACTOR,27604,27519,34684.03,Cary,27519
24-15830701,SOLAR PANELS,2024-08-19,2024-06-12,PERMIT ISSUED (PI),TC,Permit Issued,2024-08-19,0,28444,YES! SOLAR SOLUTIONS,GENERAL CONTRACTOR,27513,27519,30234.52,Cary,27519
24-15841157,SOLAR PV SYSTEM,2024-07-11,2024-06-17,CERTICATE OF COMPLIANCE (CC),TC,Occupancy,2024-09-19,0,15456,NC SOLAR NOW INC,GENERAL CONTRACTOR,27604,27519,16428.94,Cary,27519
24-15851257,SOLAR PV SYSTEM,2024-08-06,2024-06-17,PERMIT ISSUED (PI),TC,Permit Issued,2024-08-06,0,24440,NC SOLAR NOW INC,GENERAL CONTRACTOR,27604,27560,25978.47,Morrisville,27560
24-15861547,SOLAR PV SYSTEM,2024-06-25,2024-06-17,PERMIT ISSUED (PI),TC,Permit Issued,2024-06-25,0,31728,SOUTHERN ENERGY MANAGEMENT,GENERAL CONTRACTOR,27617,27519,33725.25,Cary,27519
24-15870161,SOLAR PV SYSTEM,2024-06-28,2024-06-20,CERTICATE OF COMPLIANCE (CC),TC,Occupancy,2024-10-08,0,27350,8M SOLAR,GENERAL CONTRACTOR,27616,27519,29071.65,Cary,27519
24-15881033,SOLAR PANELS & TESLA POWER WALL,2024-07-16,2024-06-21,CERTICATE OF COMPLIANCE (CC),TC,Occupancy,2024-10-25,0,24695,NC SOLAR NOW INC,GENERAL CONTRACTOR,27604,27511,26249.53,Cary,27511
24-15890343,SOLAR PV SYSTEM,2024-08-13,2024-06-24,CERTICATE OF COMPLIANCE (CC),TC,Occupancy,2024-10-30,0,24900,8M SOLAR,GENERAL CONTRACTOR,27616,27519,26467.43,Cary,27519
24-15900852,SOLAR PV SYSTEM,2024-11-20,2024-06-24,CERTICATE OF COMPLIANCE (CC),TC,Occupancy,2025-05-28,0,15906,FREEDOM SOLAR POWER,GENERAL CONTRACTOR,78744,27519,16907.27,Cary,27519
24-15911034,SOLAR PV SYSTEM,2024-08-16,2024-06-24,CERTICATE OF COMPLIANCE (CC),CC,Occupancy,2024-08-28,0,26510,NC SOLAR NOW INC,GENERAL CONTRACTOR,27604,27519,28178.78,Cary,27519
24-15921139,SOLAR PV SYSTEM,2024-07-31,2024-06-24,CERTICATE OF COMPLIANCE (CC),TC,Occupancy,2024-09-27,0,28169,NC SOLAR NOW INC,GENERAL CONTRACTOR,27604,27519,29942.21,Cary,27519
24-15931230,SOLAR PV SYSTEM,2024-09-12,2024-06-24,CERTICATE OF COMPLIANCE (CC),TC,Occupancy,2024-09-17,0,28648,NC SOLAR NOW INC,GENERAL CONTRACTOR,27604,27523,30451.36,Apex,27523
24-15940196,SOLAR PV SYSTEM,2024-07-05,2024-06-26,CERTICATE OF COMPLIANCE (CC),TC,Occupancy,2024-10-08,0,25900,8M SOLAR,GENERAL CONTRACTOR,27616,27519,27530.38,Cary,27519
24-15950441,SOLAR PV SYSTEM,2024-07-02,2024-06-26,CERTICATE OF COMPLIANCE (CC),TC,Occupancy,2024-10-21,0,25900,8M SOLAR,GENERAL CONTRACTOR,27616,27519,27530.38,Cary,27519
24-15961529,SOLAR PV SYSTEM,2024-07-19,2024-06-26,CERTICATE OF COMPLIANCE (CC),TC,Occupancy,2024-08-21,0,16200,SOUTHERN ENERGY MANAGEMENT,GENERAL CONTRACTOR,27617,27519,17219.77,Cary,27519
24-15970754,SOLAR PANELS & TESLA POWERWALL,2024-07-19,2024-06-27,CERTICATE OF COMPLIANCE (CC),TC,Occupancy,2024-08-21,0,31922,YES! SOLAR SOLUTIONS,GENERAL CONTRACTOR,27513,27519,33931.46,Cary,27519
24-15980755,FINISH XP 20-915 AND ADDITION TO SYSTEM,2024-08-02,2024-06-28,CERTICATE OF COMPLIANCE (CC),TC,Occupancy,2024-08-30,0,19461,YES! SOLAR SOLUTIONS,GENERAL CONTRACTOR,27513,27518,20686.05,Cary,27518
24-15990123,Solar PV System,2024-08-23,2024-07-05,CERTICATE OF COMPLIANCE (CC),TC,Occupancy,2024-11-05,950,34120,8M SOLAR,GENERAL CONTRACTOR,27616,27519,36225.73,Cary,27519
24-16000045,Solar PV System,2024-07-30,2024-07-09,CERTICATE OF COMPLIANCE (CC),TC,Occupancy,2024-10-01,800,19500,8M SOLAR,GENERAL CONTRACTOR,27616,27519,20703.45,Cary,27519
24-16010246,Solar PV System,2024-08-23,2024-07-09,PERMIT ISSUED (PI),TC,Permit Issued,2024-08-23,950,35600,8M SOLAR,GENERAL CONTRACTOR,27616,27519,37797.07,Cary,27519
24-16020396,Solar PV System,2024-08-23,2024-07-09,CERTICATE OF COMPLIANCE (CC),TC,Occupancy,2024-11-20,850,31500,8M SOLAR,GENERAL CONTRACTOR,27616,27519,33444.04,Cary,27519
24-16031070,SOLAR PV SYSTEM,2024-08-29,2024-07-10,PERMIT ISSUED (PI),TC,Permit Issued,2024-08-29,0,12348,NC SOLAR NOW INC,GENERAL CONTRACTOR,27604,27519,13110.06,Cary,27519
24-16041231,SOLAR PV SYSTEM,2024-09-03,2024-07-11,PERMIT ISSUED (PI),TC,Permit Issued,2024-09-03,0,36762,NC SOLAR NOW INC,GENERAL CONTRACTOR,27604,27519,39030.79,Cary,27519
24-16051035,SOLAR PV SYSTEM,2024-08-28,2024-07-22,PERMIT ISSUED (PI),TC,Permit Issued,2024-08-28,0,32705,NC SOLAR NOW INC,GENERAL CONTRACTOR,27604,27519,34723.41,Cary,27519
24-16061563,SOLAR PV SYSTEM,2024-08-29,2024-07-22,CERTICATE OF COMPLIANCE (CC),TC,Occupancy,2024-10-07,0,29586,SOUTHERN ENERGY MANAGEMENT,GENERAL CONTRACTOR,27617,27519,31411.92,Cary,27519
24-16070344,SOLAR PV SYSTEM,2024-08-23,2024-07-23,PERMIT ISSUED (PI),TC,Permit Issued,2024-08-23,0,28600,8M SOLAR,GENERAL CONTRACTOR,27616,27519,30365.06,Cary,27519
24-16080843,SOLAR PV SYSTEM,2024-08-23,2024-07-23,CERTICATE OF COMPLIANCE (CC),TC,Occupancy,2024-10-16,0,31009,FREEDOM FOREVER NORTH CAROLINA,GENERAL CONTRACTOR,27513,27519,32922.74,Cary,27519
24-16090124,SOLAR PV SYSTEM,2024-08-23,2024-07-24,PERMIT ISSUED (PI),TC,Permit Issued,2024-08-23,0,39800,8M SOLAR,GENERAL CONTRACTOR,27616,27518,42256.28,Cary,27518
24-16100247,SOLAR PV SYSTEM,2024-08-23,2024-07-24,CERTICATE OF COMPLIANCE (CC),TC,Occupancy,2024-12-23,0,26900,8M SOLAR,GENERAL CONTRACTOR,27616,27513,28560.15,Cary,27513
24-16110284,SOLAR PV SYSTEM,2024-08-23,2024-07-24,PERMIT ISSUED (PI),TC,Permit Issued,2024-08-23,0,30170,8M SOLAR,GENERAL CONTRACTOR,27616,27539,32031.96,Apex,27539
24-16121192,SOLAR PV SYSTEM,2024-08-28,2024-07-24,CERTICATE OF COMPLIANCE (CC),TC,Occupancy,2024-10-15,0,38394,NC SOLAR NOW INC,GENERAL CONTRACTOR,27604,27519,40763.51,Cary,27519
24-16131305,SOLAR PV SYSTEM,2024-08-28,2024-07-24,CERTICATE OF COMPLIANCE (CC),TC,Occupancy,2024-09-19,0,32029,NC SOLAR NOW INC,GENERAL CONTRACTOR,27604,27513,34005.69,Cary,27513
24-16141851,SOLAR PV SYSTEM,2024-07-30,2024-07-24,CERTICATE OF COMPLIANCE (CC),TC,Occupancy,2024-12-05,0,55000,TOP TIER SOLAR SOLUTIONS 87345,GENERAL CONTRACTOR,28217,27513,58394.35,Cary,27513
24-16151506,SOLAR PV SYSTEM,2024-08-26,2024-07-25,CERTICATE OF COMPLIANCE (CC),TC,Occupancy,2024-11-21,0,34516,SOUTHERN ENERGY MANAGEMENT,GENERAL CONTRACTOR,27617,27519,36646.17,Cary,27519
24-16161258,SOLAR PV SYSTEM,2024-08-28,2024-07-26,CERTICATE OF COMPLIANCE (CC),TC,Occupancy,2024-09-17,0,34057,NC SOLAR NOW INC,GENERAL CONTRACTOR,27604,27519,36158.85,Cary,27519
24-16170735,SOLAR PV SYSTEM,2024-11-12,2024-07-29,CERTICATE OF COMPLIANCE (CC),TC,Occupancy,2024-12-04,0,34147,YES! SOLAR SOLUTIONS,GENERAL CONTRACTOR,27513,27513,36254.4,Cary,27513
24-16181534,INSTALL BATTERY TO EXISTING SOLAR (19-2414),2024-08-29,2024-07-29,PERMIT ISSUED (PI),TC,Permit Issued,2024-08-29,0,15700,SOUTHERN ENERGY MANAGEMENT,GENERAL CONTRACTOR,27617,27513,16668.93,Cary,27513
24-16190079,SOLAR PV SYSTEM,2024-08-05,2024-07-30,CERTICATE OF COMPLIANCE (CC),TC,Occupancy,2024-09-18,0,6400,8M SOLAR,GENERAL CONTRACTOR,27616,27519,6794.98,Cary,27519
24-16200442,SOLAR PV SYSTEM,2024-08-23,2024-07-31,PERMIT ISSUED (PI),TC,Permit Issued,2024-08-23,0,26900,8M SOLAR,GENERAL CONTRACTOR,27616,27519,28560.15,Cary,27519
24-16211535,SOLAR PV SYSTEM,2024-10-04,2024-08-01,CERTICATE OF COMPLIANCE (CC),TC,Occupancy,2024-10-17,0,45000,SOUTHERN ENERGY MANAGEMENT,GENERAL CONTRACTOR,27617,28226,47738.34,Cary,27519
24-16221530,SOLAR PANELS,2024-08-19,2024-08-06,PERMIT ISSUED (PI),TC,Permit Issued,2024-12-27,630,41000,SOUTHERN ENERGY MANAGEMENT,GENERAL CONTRACTOR,27617,27607,43494.94,Cary,27513
24-16230641,REMOVE & REINSTALL SOLAR SYSTEM,2024-08-19,2024-08-08,CERTICATE OF COMPLIANCE (CC),TC,Occupancy,2025-03-21,0,3900,BLUE RAVEN SOLAR,UNLICENSED CONTRACTOR,84097,27519,4137.32,Cary,27519
24-16240736,SOLAR PV SYSTEM,2024-09-11,2024-08-08,CERTICATE OF COMPLIANCE (CC),TC,Occupancy,2024-09-26,0,34308,YES! SOLAR SOLUTIONS,GENERAL CONTRACTOR,27513,27511,36395.71,Cary,27511
24-16251259,ADDITION TO EXISTING SOLAR (20-4447),2024-11-14,2024-08-15,CERTICATE OF COMPLIANCE (CC),TC,Occupancy,2024-11-18,0,7524,NC SOLAR NOW INC,GENERAL CONTRACTOR,27604,27519,7981.85,Cary,27519
24-16260660,REMOVE & REINSTALL SOLAR PV SYSTEM,2024-09-06,2024-08-19,PERMIT ISSUED (PI),CC,Permit Issued,2024-09-06,0,26159,BLUE RAVEN SOLAR,UNLICENSED CONTRACTOR,84097,27519,27750.83,Cary,27519
24-16270248,SOLAR PV SYSTEM,2024-08-28,2024-08-21,CERTICATE OF COMPLIANCE (CC),TC,Occupancy,2024-12-30,0,41500,8M SOLAR,GENERAL CONTRACTOR,27616,27519,44025.36,Cary,27519
24-16280723,SOLAR PV SYSTEM,2024-11-18,2024-08-22,CERTICATE OF COMPLIANCE (CC),TC,Occupancy,2025-01-14,0,55527,YES! SOLAR SOLUTIONS,GENERAL CONTRACTOR,27513,27518,58905.93,Cary,27518
24-16291193,SOLAR PV SYSTEM,2024-08-29,2024-08-22,CERTICATE OF COMPLIANCE (CC),TC,Occupancy,2024-10-18,0,29600,NC SOLAR NOW INC,GENERAL CONTRACTOR,27604,27560,31401.22,Morrisville,27560
24-16301036,SOLAR PV SYSTEM,2024-08-29,2024-08-23,CERTICATE OF COMPLIANCE (CC),TC,Occupancy,2024-12-04,0,25267,NC SOLAR NOW INC,GENERAL CONTRACTOR,27604,27519,26804.55,Cary,27519
24-16311071,SOLAR PV SYSTEM,2024-08-29,2024-08-23,CERTICATE OF COMPLIANCE (CC),TC,Occupancy,2024-12-16,0,12348,NC SOLAR NOW INC,GENERAL CONTRACTOR,27604,27519,13099.4,Cary,27519
24-16321306,SOLAR PV SYSTEM,2024-08-29,2024-08-23,PERMIT ISSUED (PI),TC,Permit Issued,2024-08-29,0,30680,NC SOLAR NOW INC,GENERAL CONTRACTOR,27604,27560,32546.94,Morrisville,27560
24-16331345,SOLAR PV SYSTEM,2024-09-12,2024-08-23,CERTICATE OF COMPLIANCE (CC),TC,Occupancy,2024-12-06,0,40308,NC SOLAR NOW INC,GENERAL CONTRACTOR,27604,27518,42760.83,Apex,27523
24-16340046,SOLAR PV SYSTEM,2024-09-17,2024-08-29,CERTICATE OF COMPLIANCE (CC),TC,Occupancy,2025-02-03,0,35500,8M SOLAR,GENERAL CONTRACTOR,27616,27518,37660.25,Cary,27518
24-16350047,SOLAR PANELS,2024-09-12,2024-08-29,CERTICATE OF COMPLIANCE (CC),TC,Occupancy,2025-02-17,850,32100,8M SOLAR,GENERAL CONTRACTOR,27616,27519,34053.35,Cary,27519
24-16360048,SOLAR PANELS,2024-09-16,2024-08-29,CERTICATE OF COMPLIANCE (CC),TC,Occupancy,2025-02-17,700,31200,8M SOLAR,GENERAL CONTRACTOR,27616,27519,33098.59,Cary,27519
24-16370345,SOLAR PV SYSTEM,2024-09-06,2024-08-29,CERTICATE OF COMPLIANCE (CC),TC,Occupancy,2025-01-22,0,31900,8M SOLAR,GENERAL CONTRACTOR,27616,27539,33841.18,Apex,27539
24-16380049,SOLAR PV SYSTEM,2024-09-13,2024-09-03,CERTICATE OF COMPLIANCE (CC),TC,Occupancy,2025-01-30,0,24850,8M SOLAR,GENERAL CONTRACTOR,27616,27519,26319.95,Cary,27519
24-16391072,Install Powerwall 3 to Existing PV System,2024-11-07,2024-09-03,CERTICATE OF COMPLIANCE (CC),TC,Occupancy,2024-12-04,5,14500,NC SOLAR NOW INC,GENERAL CONTRACTOR,27604,27539,15357.72,Apex,27539
24-16401789,SOLAR PV SYSTEM,2024-10-09,2024-09-03,CERTICATE OF COMPLIANCE (CC),TC,Occupancy,2025-03-24,0,29610,THOMPSON & SON ENERGY SOLUTIO,GENERAL CONTRACTOR,28027,27513,31361.52,Cary,27513
24-16410844,SOLAR PV SYSTEM,,2024-09-04,PLANS WITHDRAWN (PW),TC,Permit Cancelled,2025-02-26,0,25410,FREEDOM FOREVER NORTH CAROLINA,GENERAL CONTRACTOR,27513,27513,26913.08,Cary,27513
24-16421260,SOLAR PANELS,2024-11-07,2024-09-04,PERMIT ISSUED (PI),TC,Permit Issued,2024-11-07,0,31550,NC SOLAR NOW INC,GENERAL CONTRACTOR,27604,27513,33416.28,Cary,27513
24-16431950,Installation of Tesla Powerwall 3 energy storage s,2024-11-07,2024-09-04,PERMIT ISSUED (PI),TC,Permit Issued,2024-11-07,100,13107,YES! SOLAR SOLUTIONS,GENERAL CONTRACTOR,27513,27513,13882.32,Cary,27513
24-16440840,SOLAR PV SYSTEM,2024-09-13,2024-09-05,PERMIT ISSUED (PI),TC,Permit Issued,2024-12-03,0,39000,FREEDOM FOREVER NORTH CAROLINA,GENERAL CONTRACTOR,27513,27518,41306.97,Cary,27518
24-16450686,SOLAR PV SYSTEM,2024-09-12,2024-09-06,CERTICATE OF COMPLIANCE (CC),TC,Occupancy,2025-03-21,0,44717,CAPE FEAR SOLAR SYSTEMS,GENERAL CONTRACTOR,28401,27519,47362.14,Cary,27519
24-16461484,SOLAR PV SYSTEM,2024-09-16,2024-09-09,CERTICATE OF COMPLIANCE (CC),TC,Occupancy,2024-10-11,0,33000,SOUTHERN ENERGY MANAGEMENT,GENERAL CONTRACTOR,27617,27519,34952.05,Cary,27519
24-16471531,SOLAR PV SYSTEM,2024-09-17,2024-09-09,CERTICATE OF COMPLIANCE (CC),TC,Occupancy,2024-10-24,0,40220,SOUTHERN ENERGY MANAGEMENT,GENERAL CONTRACTOR,27617,27519,42599.13,Cary,27519
24-16481073,SOLAR PV SYSTEM,2024-10-15,2024-09-10,CERTICATE OF COMPLIANCE (CC),TC,Occupancy,2024-10-18,0,29136,NC SOLAR NOW INC,GENERAL CONTRACTOR,27604,27513,30859.48,Cary,27519
24-16491140,SOLAR PV SYSTEM,2024-11-14,2024-09-10,CERTICATE OF COMPLIANCE (CC),TC,Occupancy,2024-12-05,0,45322,NC SOLAR NOW INC,GENERAL CONTRACTOR,27604,27513,48002.93,Cary,27513
24-16501307,SOLAR PANELS,2024-12-17,2024-09-10,CERTICATE OF COMPLIANCE (CC),TC,Occupancy,2024-12-19,0,33931,NC SOLAR NOW INC,GENERAL CONTRACTOR,27604,27519,35938.12,Cary,27519
24-16511232,SOLAR PV SYSTEM,2024-09-24,2024-09-12,CERTICATE OF COMPLIANCE (CC),TC,Occupancy,2024-10-08,0,31202,NC SOLAR NOW INC,GENERAL CONTRACTOR,27604,27523,33047.69,Apex,27523
24-16520080,SOLAR PV SYSTEM,2024-09-19,2024-09-13,CERTICATE OF COMPLIANCE (CC),TC,Occupancy,2025-02-12,0,36100,8M SOLAR,GENERAL CONTRACTOR,27616,27523,38235.42,Apex,27523
24-16530737,SOLAR PV SYSTEM,2024-10-25,2024-09-16,PERMIT ISSUED (PI),TC,Permit Issued,2024-10-25,0,28898,YES! SOLAR SOLUTIONS,GENERAL CONTRACTOR,27513,27511,30607.4,Cary,27511
24-16541485,SOLAR PV SYSTEM,2024-09-26,2024-09-16,CERTICATE OF COMPLIANCE (CC),TC,Occupancy,2024-12-23,0,33890,SOUTHERN ENERGY MANAGEMENT,GENERAL CONTRACTOR,27617,27513,35894.7,Cary,27513
24-16550738,SOLAR PV SYSTEM,2024-11-06,2024-09-17,CERTICATE OF COMPLIANCE (CC),TC,Occupancy,2024-12-27,0,36113,YES! SOLAR SOLUTIONS,GENERAL CONTRACTOR,27513,27518,38249.19,Cary,27518
24-16561261,SOLAR PV SYSTEM,2024-11-14,2024-09-18,CERTICATE OF COMPLIANCE (CC),TC,Occupancy,2024-12-04,0,37696,NC SOLAR NOW INC,GENERAL CONTRACTOR,27604,27513,39925.83,Cary,27513
24-16570197,SOLAR PV SYSTEM,2024-09-30,2024-09-19,CERTICATE OF COMPLIANCE (CC),TC,Occupancy,2025-02-07,0,28400,8M SOLAR,GENERAL CONTRACTOR,27616,27511,30079.95,Cary,27511
24-16581037,SOLAR PV SYSTEM,2024-10-02,2024-09-26,CERTICATE OF COMPLIANCE (CC),TC,Occupancy,2025-02-19,0,34162,NC SOLAR NOW INC,GENERAL CONTRACTOR,27604,27519,36182.78,Cary,27519
24-16590702,SOLAR PV SYSTEM,2024-12-04,2024-09-30,PERMIT ISSUED (PI),TC,Permit Issued,2024-12-04,0,29488,YES! SOLAR SOLUTIONS,GENERAL CONTRACTOR,27513,27513,31232.3,Cary,27513
24-16601532,SOLAR PV SYSTEM,2024-10-03,2024-09-30,CERTICATE OF COMPLIANCE (CC),TC,Occupancy,2024-12-20,0,33000,SOUTHERN ENERGY MANAGEMENT,GENERAL CONTRACTOR,27617,27511,34952.05,Cary,27511
24-16610884,SOLAR PV SYSTEM,2024-11-25,2024-10-01,CERTICATE OF COMPLIANCE (CC),TC,Occupancy,2024-12-27,0,29315,KAUPIND SHAH,UNLICENSED CONTRACTOR,27519,27519,31013.37,Cary,27519
24-16621262,SOLAR PV SYSTEM,2024-12-31,2024-10-01,CERTICATE OF COMPLIANCE (CC),TC,Occupancy,2025-01-07,0,25775,NC SOLAR NOW INC,GENERAL CONTRACTOR,27604,27519,27268.28,Cary,27519
24-16630397,SOLAR PV SYSTEM,2024-10-21,2024-10-03,CERTICATE OF COMPLIANCE (CC),TC,Occupancy,2024-12-30,0,26900,8M SOLAR,GENERAL CONTRACTOR,27616,27519,28458.45,Cary,27519
24-16640536,SOLAR PANELS,2024-11-26,2024-10-07,PERMIT ISSUED (PI),TC,Permit Issued,2024-11-26,0,25000,BEAM SOLAR CO LLC,GENERAL CONTRACTOR,27284,27519,26448.38,Cary,27519
24-16651548,SOLAR PANELS & BATTERY,2024-10-10,2024-10-07,PERMIT ISSUED (PI),TC,Permit Issued,2024-10-10,0,34700,SOUTHERN ENERGY MANAGEMENT,GENERAL CONTRACTOR,27617,27513,36710.35,Cary,27513
24-16660162,SOLAR PV SYSTEM,2024-10-15,2024-10-08,PERMIT ISSUED (PI),TC,Permit Issued,2024-10-15,0,32500,8M SOLAR,GENERAL CONTRACTOR,27616,27523,34382.89,Apex,27523
24-16671263,SOLAR PV SYSTEM,2025-01-03,2024-10-09,CERTICATE OF COMPLIANCE (CC),TC,Occupancy,2025-03-21,0,33017,NC SOLAR NOW INC,GENERAL CONTRACTOR,27604,27519,34929.84,Cary,27519
24-16681308,SOLAR PV SYSTEM,2025-01-09,2024-10-09,PERMIT ISSUED (PI),TC,Permit Issued,2025-01-09,0,37025,NC SOLAR NOW INC,GENERAL CONTRACTOR,27604,27513,39170.04,Cary,27513
24-16690198,SOLAR PV SYSTEM,2024-10-23,2024-10-11,CERTICATE OF COMPLIANCE (CC),TC,Occupancy,2025-02-26,800,26400,8M SOLAR,GENERAL CONTRACTOR,27616,27519,27929.48,Cary,27519
24-16701744,SOLAR PV SYSTEM,2024-11-22,2024-10-11,CERTICATE OF COMPLIANCE (CC),TC,Occupancy,2024-12-31,0,26200,"TESLA ENERGY OPERATIONS, INC.",GENERAL CONTRACTOR,94538,20170,27717.9,Cary,27519
24-16710346,SOLAR PANELS,2024-10-31,2024-10-15,CERTICATE OF COMPLIANCE (CC),TC,Occupancy,2025-02-12,850,31600,8M SOLAR,GENERAL CONTRACTOR,27616,27519,33430.75,Cary,27519
24-16721108,SOLAR PANELS & TESLA POWER WALL,2025-02-06,2024-10-18,CERTICATE OF COMPLIANCE (CC),TC,Occupancy,2025-03-05,420,31092,NC SOLAR NOW INC,GENERAL CONTRACTOR,27604,27519,32893.32,Cary,27519
24-16730661,Remove & Reinstall Solar PV System,2024-12-12,2024-10-21,CERTICATE OF COMPLIANCE (CC),TC,Occupancy,2025-02-24,458,7740,BLUE RAVEN SOLAR,UNLICENSED CONTRACTOR,84097,27539,8188.42,Apex,27539
24-16740285,SOLAR PANELS & TESLA POWER WALL,2024-11-05,2024-10-22,CERTICATE OF COMPLIANCE (CC),TC,Occupancy,2025-02-17,600,28900,8M SOLAR,GENERAL CONTRACTOR,27616,27523,30574.32,Apex,27523
24-16751951,SOLAR PANELS,2025-01-14,2024-10-22,CERTICATE OF COMPLIANCE (CC),TC,Occupancy,2025-02-25,830,46480,YES! SOLAR SOLUTIONS,GENERAL CONTRACTOR,27513,27518,49172.82,Cary,27518
24-16760018,Adding (1) 50A outlet for EV Charger.,2024-11-05,2024-10-24,CERTICATE OF COMPLIANCE (CC),TC,Occupancy,2024-12-04,0,900,8M SOLAR,ELECTRICAL CONTRACTOR,27616,27519,952.14,Cary,27519
24-16770163,Solar PV System,2024-11-05,2024-10-24,CERTICATE OF COMPLIANCE (CC),TC,Occupancy,2025-03-11,950,34700,8M SOLAR,GENERAL CONTRACTOR,27616,27523,36710.35,Apex,27523
24-16780398,SOLAR PV SYSTEM,2024-10-31,2024-10-25,CERTICATE OF COMPLIANCE (CC),TC,Occupancy,2025-03-14,0,35900,8M SOLAR,GENERAL CONTRACTOR,27616,27518,37979.87,Cary,27518
24-16791264,SOLAR PANELS,2025-01-14,2024-10-30,CERTICATE OF COMPLIANCE (CC),TC,Occupancy,2025-03-17,0,33638,NC SOLAR NOW INC,GENERAL CONTRACTOR,27604,27519,35586.82,Cary,27519
24-16800716,SOLAR PV SYSTEM,2024-11-15,2024-11-06,PERMIT ISSUED (PI),TC,Permit Issued,2024-11-15,0,38820,YES! SOLAR SOLUTIONS,GENERAL CONTRACTOR,27513,27511,41091.3,Cary,27511
24-16810020,Add Batteries to Existing Solar,2024-11-19,2024-11-07,CERTICATE OF COMPLIANCE (CC),TC,Occupancy,2025-04-03,0,26400,8M SOLAR,ELECTRICAL CONTRACTOR,27616,27539,27944.62,Apex,27539
24-16820693,INSTALL BATTERY POWERWALL TO EXISTING SOLAR,2025-02-07,2024-11-07,CERTICATE OF COMPLIANCE (CC),TC,Occupancy,2025-04-23,0,8420,YES! SOLAR SOLUTIONS,ELECTRICAL CONTRACTOR,27513,27511,8912.64,Cary,27511
24-16830125,SOLAR PV SYSTEM,2024-11-15,2024-11-08,CERTICATE OF COMPLIANCE (CC),TC,Occupancy,2025-04-08,0,27100,8M SOLAR,GENERAL CONTRACTOR,27616,27513,28685.58,Cary,27513
24-16841444,SOLAR PV SYSTEM,2024-12-06,2024-11-14,CERTICATE OF COMPLIANCE (CC),TC,Occupancy,2025-01-06,0,20843,RENU ENERGY SOLUTIONS LLC,GENERAL CONTRACTOR,28217,27511,22062.49,Cary,27511
24-16851852,SOLAR PV SYSTEM,2025-04-21,2024-11-15,CERTICATE OF COMPLIANCE (CC),TC,Occupancy,2026-01-30,0,5000,TOP TIER SOLAR SOLUTIONS 87345,GENERAL CONTRACTOR,28217,27513,5292.54,Cary,27513
24-16861763,Solar PV System,2025-01-07,2024-11-18,CERTICATE OF COMPLIANCE (CC),TC,Occupancy,2025-02-18,0,20400,"TESLA ENERGY OPERATIONS, INC.",GENERAL CONTRACTOR,94538,27519,21593.57,Cary,27519
24-16870249,SOLAR PANELS,2024-11-26,2024-11-20,CERTICATE OF COMPLIANCE (CC),TC,Occupancy,2025-03-31,0,41900,8M SOLAR,GENERAL CONTRACTOR,27616,27513,44351.5,Cary,27513
24-16880347,SOLAR PANELS,2024-12-16,2024-11-21,CERTICATE OF COMPLIANCE (CC),TC,Occupancy,2025-04-10,0,37088,8M SOLAR,GENERAL CONTRACTOR,27616,27519,39257.96,Cary,27519
24-16890792,SOLAR PANELS,2024-12-16,2024-11-21,CERTICATE OF COMPLIANCE (CC),TC,Occupancy,2025-01-02,0,36522,EMERALD ENERGY LLC,GENERAL CONTRACTOR,27615,27519,38658.84,Cary,27519
24-16900399,SOLAR PANELS,2024-12-20,2024-11-26,CERTICATE OF COMPLIANCE (CC),TC,Occupancy,2025-04-09,950,36700,8M SOLAR,GENERAL CONTRACTOR,27616,27519,38847.26,Cary,27519
24-16910250,SOLAR PV SYSTEM,2024-12-20,2024-11-27,CERTICATE OF COMPLIANCE (CC),TC,Occupancy,2025-05-05,800,31900,8M SOLAR,GENERAL CONTRACTOR,27616,27518,33766.42,Cary,27518
24-16921038,SOLAR PV SYSTEM,2025-03-20,2024-11-27,CERTICATE OF COMPLIANCE (CC),TC,Occupancy,2025-04-22,409,30524,NC SOLAR NOW INC,GENERAL CONTRACTOR,27604,27519,32309.91,Cary,27519
24-16930703,Solar PV System,2025-02-18,2024-12-02,CERTICATE OF COMPLIANCE (CC),TC,Occupancy,2025-04-16,700,39413,YES! SOLAR SOLUTIONS,GENERAL CONTRACTOR,27513,27511,41704.19,Cary,27511
24-16940126,SOLAR PV SYSTEM,,2024-12-03,APPROVED (AP),TC,Fees/Payment,2024-12-09,0,31500,8M SOLAR,GENERAL CONTRACTOR,27616,27519,33331.18,Cary,27519
24-16950286,SOLAR PV SYSTEM,2024-12-17,2024-12-03,CERTICATE OF COMPLIANCE (CC),TC,Occupancy,2025-04-09,0,30500,8M SOLAR,GENERAL CONTRACTOR,27616,27519,32273.05,Cary,27519
24-16960348,SOLAR PANELS,2024-12-17,2024-12-03,CERTICATE OF COMPLIANCE (CC),TC,Occupancy,2025-04-10,950,37320,8M SOLAR,GENERAL CONTRACTOR,27616,27519,39489.52,Cary,27519
24-16970349,SOLAR PV SYSTEM,2024-12-17,2024-12-03,CERTICATE OF COMPLIANCE (CC),TC,Occupancy,2025-04-09,0,32100,8M SOLAR,GENERAL CONTRACTOR,27616,27519,33966.06,Cary,27519
24-16980400,Solar PV System,2024-12-17,2024-12-03,CERTICATE OF COMPLIANCE (CC),TC,Occupancy,2025-04-17,800,26900,8M SOLAR,GENERAL CONTRACTOR,27616,27519,28463.77,Cary,27519
24-16990443,SOLAR PV SYSTEM,2025-01-08,2024-12-03,CERTICATE OF COMPLIANCE (CC),TC,Occupancy,2025-03-18,0,34900,8M SOLAR,GENERAL CONTRACTOR,27616,27539,36928.83,Apex,27539
24-17000127,SOLAR PV SYSTEM,2024-12-17,2024-12-05,CERTICATE OF COMPLIANCE (CC),TC,Occupancy,2025-04-10,0,39650,8M SOLAR,GENERAL CONTRACTOR,27616,27519,41954.97,Cary,27519
24-17010537,SOLAR PV SYSTEM,2025-02-07,2024-12-05,CERTICATE OF COMPLIANCE (CC),TC,Occupancy,2025-03-14,0,25000,BEAM SOLAR CO LLC,GENERAL CONTRACTOR,27284,27513,26453.32,Cary,27513
24-17020050,SOLAR PV SYSTEM,2025-01-10,2024-12-06,CERTICATE OF COMPLIANCE (CC),TC,Occupancy,2025-04-29,0,28800,8M SOLAR,GENERAL CONTRACTOR,27616,27519,30474.22,Cary,27519
24-17030444,SOLAR PV SYSTEM,2025-01-10,2024-12-06,CERTICATE OF COMPLIANCE (CC),TC,Occupancy,2025-04-29,0,35900,8M SOLAR,GENERAL CONTRACTOR,27616,27519,37986.97,Cary,27519
24-17041194,SOLAR PANELS,2025-01-28,2024-12-09,CERTICATE OF COMPLIANCE (CC),TC,Occupancy,2025-02-06,459,28174,NC SOLAR NOW INC,GENERAL CONTRACTOR,27604,27519,29811.83,Cary,27519
24-17051736,SOLAR PV SYSTEM,2025-02-19,2024-12-09,CERTICATE OF COMPLIANCE (CC),TC,Occupancy,2025-03-10,0,24600,"TESLA ENERGY OPERATIONS, INC.",GENERAL CONTRACTOR,94538,27519,26030.07,Cary,27513
24-17061737,SOLAR PV SYSTEM,2025-01-09,2024-12-09,CERTICATE OF COMPLIANCE (CC),TC,Occupancy,2025-01-13,0,13600,"TESLA ENERGY OPERATIONS, INC.",GENERAL CONTRACTOR,94538,27519,14390.61,Cary,27519
24-17071764,SOLAR PV SYSTEM,2024-12-27,2024-12-09,CERTICATE OF COMPLIANCE (CC),TC,Occupancy,2025-05-08,0,24700,"TESLA ENERGY OPERATIONS, INC.",GENERAL CONTRACTOR,94538,27513,26135.88,Cary,27513
24-17081346,SOLAR PANELS,2025-02-18,2024-12-10,CERTICATE OF COMPLIANCE (CC),TC,Occupancy,2025-02-26,292,22800,NC SOLAR NOW INC,GENERAL CONTRACTOR,27604,27519,24125.43,Cary,27519
24-17091141,SOLAR PANELS,2025-01-30,2024-12-12,CERTICATE OF COMPLIANCE (CC),TC,Occupancy,2025-03-06,751,73395,NC SOLAR NOW INC,GENERAL CONTRACTOR,27604,27518,77661.66,Cary,27518
24-17100675,SOLAR PV SYSTEM,2025-01-07,2024-12-16,CERTICATE OF COMPLIANCE (CC),TC,Occupancy,2025-03-06,0,43993,CAPE FEAR SOLAR SYSTEMS,GENERAL CONTRACTOR,28401,27539,46550.44,Apex,27539
24-17110676,SOLAR PV SYSTEM,2025-01-07,2024-12-16,PERMIT ISSUED (PI),TC,Permit Issued,2025-01-07,0,36866,CAPE FEAR SOLAR SYSTEMS,GENERAL CONTRACTOR,28401,27519,39009.12,Cary,27519
25-17120081,SOLAR PV SYSTEM,2025-01-07,2025-01-02,CERTICATE OF COMPLIANCE (CC),TC,Occupancy,2025-04-29,0,43800,8M SOLAR,GENERAL CONTRACTOR,27616,27513,46044.8,Cary,27513
25-17130401,SOLAR PV SYSTEM,2025-01-10,2025-01-02,CERTICATE OF COMPLIANCE (CC),TC,Occupancy,2025-04-22,0,45600,8M SOLAR,GENERAL CONTRACTOR,27616,27513,47937.05,Cary,27513
25-17140793,SOLAR PV SYSTEM,2025-01-31,2025-01-02,CERTICATE OF COMPLIANCE (CC),TC,Occupancy,2025-02-17,0,40496,EMERALD ENERGY LLC,GENERAL CONTRACTOR,27615,27519,42571.47,Cary,27519
25-17150804,SOLAR PV SYSTEM,2025-01-07,2025-01-02,CERTICATE OF COMPLIANCE (CC),TC,Occupancy,2025-02-24,0,35324,EMERALD ENERGY LLC,GENERAL CONTRACTOR,27615,27519,37134.4,Cary,27519
25-17161074,SOLAR PV SYSTEM,2025-03-20,2025-01-08,CERTICATE OF COMPLIANCE (CC),TC,Occupancy,2025-04-03,0,28985,NC SOLAR NOW INC,GENERAL CONTRACTOR,27604,27519,30470.51,Cary,27519
25-17171309,SOLAR PV SYSTEM,2025-02-27,2025-01-09,CERTICATE OF COMPLIANCE (CC),TC,Occupancy,2025-03-05,0,36175,NC SOLAR NOW INC,GENERAL CONTRACTOR,27604,27519,38029.01,Cary,27519
25-17181195,SOLAR PV SYSTEM,2025-01-24,2025-01-13,CERTICATE OF COMPLIANCE (CC),TC,Occupancy,2025-04-08,0,36175,NC SOLAR NOW INC,GENERAL CONTRACTOR,27604,27513,38029.01,Cary,27513
25-17190128,SOLAR PV SYSTEM,2025-01-23,2025-01-20,CERTICATE OF COMPLIANCE (CC),TC,Occupancy,2025-05-06,0,29400,8M SOLAR,GENERAL CONTRACTOR,27616,27513,30906.78,Cary,27513
25-17201952,SOLAR PV SYSTEM,2025-03-04,2025-01-21,CERTICATE OF COMPLIANCE (CC),TC,Occupancy,2025-03-21,0,31588,YES! SOLAR SOLUTIONS,GENERAL CONTRACTOR,27513,27511,33206.92,Cary,27511
25-17211765,Addition of storage battery system for solar panel,2025-02-10,2025-01-22,CERTICATE OF COMPLIANCE (CC),TC,Occupancy,2025-03-07,0,37000,"TESLA ENERGY OPERATIONS, INC.",GENERAL CONTRACTOR,94538,27511,38896.29,Cary,27511
25-17221445,SOLAR PV SYSTEM,2025-02-11,2025-01-27,CERTICATE OF COMPLIANCE (CC),TC,Occupancy,2025-03-10,0,47369,RENU ENERGY SOLUTIONS LLC,GENERAL CONTRACTOR,28217,27519,49796.72,Cary,27519
25-17231109,SOLAR PV SYSTEM,2025-03-19,2025-01-28,CERTICATE OF COMPLIANCE (CC),TC,Occupancy,2025-03-21,0,8225,NC SOLAR NOW INC,GENERAL CONTRACTOR,27604,27519,8646.54,Cary,27519
25-17241310,SOLAR PV SYSTEM,2025-02-14,2025-01-28,CERTICATE OF COMPLIANCE (CC),TC,Occupancy,2025-05-05,0,29500,NC SOLAR NOW INC,GENERAL CONTRACTOR,27604,27519,31011.91,Cary,27519
25-17251745,SOLAR PANELS,,2025-01-28,APPROVED (AP),TC,Fees/Payment,2025-02-03,0,34000,"TESLA ENERGY OPERATIONS, INC.",GENERAL CONTRACTOR,94538,27519,35742.54,Cary,27519
25-17261196,SOLAR PV SYSTEM,2025-03-06,2025-01-29,CERTICATE OF COMPLIANCE (CC),TC,Occupancy,2025-04-04,0,67938,NC SOLAR NOW INC,GENERAL CONTRACTOR,27604,27511,71419.9,Cary,27511
25-17271476,Add 1 Tesla Powerwall 3 Battery to Existing PVRS,2025-02-10,2025-02-03,CERTICATE OF COMPLIANCE (CC),TC,Occupancy,2025-05-29,0,16500,SOUTHERN ENERGY MANAGEMENT,ELECTRICAL CONTRACTOR,27617,27519,17268.94,Cary,27519
25-17281347,SOLAR PANELS,2025-04-24,2025-02-04,CERTICATE OF COMPLIANCE (CC),TC,Occupancy,2025-04-30,425,32710,NC SOLAR NOW INC,GENERAL CONTRACTOR,27604,27519,34234.37,Cary,27519
25-17290287,SOLAR PV SYSTEM,2025-02-21,2025-02-05,CERTICATE OF COMPLIANCE (CC),TC,Occupancy,2025-05-20,0,28150,8M SOLAR,GENERAL CONTRACTOR,27616,27523,29461.86,Apex,27523
25-17301265,SOLAR PV SYSTEM,2025-05-14,2025-02-06,CERTICATE OF COMPLIANCE (CC),TC,Occupancy,2025-05-20,0,46248,NC SOLAR NOW INC,GENERAL CONTRACTOR,27604,27519,48403.27,Cary,27519
25-17311311,SOLAR PV SYSTEM,2025-02-14,2025-02-06,CERTICATE OF COMPLIANCE (CC),TC,Occupancy,2025-04-15,0,29358,NC SOLAR NOW INC,GENERAL CONTRACTOR,27604,27519,30726.15,Cary,27519
25-17321312,SOLAR PANELS & TESLA POWER WALL,2025-03-20,2025-02-07,CERTICATE OF COMPLIANCE (CC),TC,Occupancy,2025-04-08,0,33127,NC SOLAR NOW INC,GENERAL CONTRACTOR,27604,27513,34670.8,Cary,27513
25-17330838,SOLAR GROUND MOUNT PANELS,2025-07-30,2025-02-10,PERMIT ISSUED (PI),TC,Permit Issued,2025-07-30,0,0,EPC SOLAR,UNLICENSED CONTRACTOR,34677,27519,0.0,Cary,27519
25-17341110,SOLAR PANELS & TESLA POWER WALL,2025-04-17,2025-02-10,CERTICATE OF COMPLIANCE (CC),TC,Occupancy,2025-06-25,470,32912,NC SOLAR NOW INC,GENERAL CONTRACTOR,27604,27519,34445.78,Cary,27519
25-17351266,SOLAR PANELS,2025-02-27,2025-02-11,CERTICATE OF COMPLIANCE (CC),TC,Occupancy,2025-03-21,417,26840,NC SOLAR NOW INC,GENERAL CONTRACTOR,27604,27519,28090.81,Cary,27519
25-17361446,SOLAR PANELS & TESLA POWER WALL,2025-04-01,2025-02-14,PERMIT ISSUED (PI),TC,Permit Issued,2025-04-01,0,43648,RENU ENERGY SOLUTIONS LLC,GENERAL CONTRACTOR,28217,27519,45682.1,Cary,27519
25-17370669,SOLAR PV SYSTEM,2025-04-02,2025-02-17,CERTICATE OF COMPLIANCE (CC),TC,Occupancy,2025-06-09,0,37500,BYLD LLC,GENERAL CONTRACTOR,28208,27511,39247.59,Cary,27511
25-17381158,SOLAR PANELS,2025-04-30,2025-02-17,CERTICATE OF COMPLIANCE (CC),TC,Occupancy,2025-06-30,403,29814,NC SOLAR NOW INC,GENERAL CONTRACTOR,27604,84770,31203.41,Cary,27519
25-17391457,SOLAR PANELS,2025-03-10,2025-02-18,CERTICATE OF COMPLIANCE (CC),TC,Occupancy,2025-04-17,240,25152,RENU ENERGY SOLUTIONS LLC,GENERAL CONTRACTOR,28217,27511,26324.14,Cary,27511
25-17401313,SOLAR PV SYSTEM,2025-02-28,2025-02-24,CERTICATE OF COMPLIANCE (CC),TC,Occupancy,2025-06-05,0,40422,NC SOLAR NOW INC,GENERAL CONTRACTOR,27604,27519,42305.76,Cary,27519
25-17410402,SOLAR PV SYSTEM,2025-03-06,2025-02-28,CERTICATE OF COMPLIANCE (CC),TC,Occupancy,2025-05-12,0,30800,8M SOLAR,GENERAL CONTRACTOR,27616,27519,32235.36,Cary,27519
25-17420403,SOLAR PV SYSTEM,2025-03-13,2025-02-28,CERTICATE OF COMPLIANCE (CC),TC,Occupancy,2025-05-16,0,29100,8M SOLAR,GENERAL CONTRACTOR,27616,27519,30456.13,Cary,27519
25-17430756,SOLAR PV SYSTEM,2025-03-25,2025-03-03,CERTICATE OF COMPLIANCE (CC),TC,Occupancy,2025-04-03,0,33096,YES! SOLAR SOLUTIONS,GENERAL CONTRACTOR,27513,27511,34560.69,Cary,27511
25-17441642,SOLAR PANELS,2025-04-02,2025-03-04,CERTICATE OF COMPLIANCE (CC),TC,Occupancy,2025-04-22,758,36000,TESLA ENERGY OPERATIONS INC.,ELECTRICAL CONTRACTOR,94538,27519,37593.21,Cary,27519
25-17451931,SOLAR PANELS,2025-04-16,2025-03-04,PERMIT ISSUED (PI),TC,Permit Issued,2025-04-16,1029,77007,YES! SOLAR SOLUTIONS,GENERAL CONTRACTOR,27513,27523,80415.02,Apex,27523
25-17460739,SOLAR PV SYSTEM,2025-04-07,2025-03-06,CERTICATE OF COMPLIANCE (CC),TC,Occupancy,2025-04-15,0,37353,YES! SOLAR SOLUTIONS,GENERAL CONTRACTOR,27513,27519,39006.09,Cary,27519
25-17471267,SOLAR PV SYSTEM,2025-05-08,2025-03-12,PERMIT ISSUED (PI),TC,Permit Issued,2025-05-08,0,42461,NC SOLAR NOW INC,GENERAL CONTRACTOR,27604,27519,44340.15,Cary,27519
25-17481268,SOLAR PV SYSTEM,2025-03-20,2025-03-17,CERTICATE OF COMPLIANCE (CC),TC,Occupancy,2025-06-25,0,34200,NC SOLAR NOW INC,GENERAL CONTRACTOR,27604,27519,35713.55,Cary,27519
25-17491111,SOLAR PANELS & TESLA POWER WALL,2025-05-27,2025-03-21,CERTICATE OF COMPLIANCE (CC),TC,Occupancy,2025-06-05,0,26500,NC SOLAR NOW INC,GENERAL CONTRACTOR,27604,27519,27672.78,Cary,27519
25-17501269,SOLAR PANELS & TESLA POWER WALL,2025-06-30,2025-03-21,CERTICATE OF COMPLIANCE (CC),TC,Occupancy,2025-07-03,0,27366,NC SOLAR NOW INC,GENERAL CONTRACTOR,27604,27519,28577.11,Cary,27519
25-17511458,SOLAR PV SYSTEM,2025-04-01,2025-03-24,CERTICATE OF COMPLIANCE (CC),TC,Occupancy,2025-05-09,0,26434,RENU ENERGY SOLUTIONS LLC,GENERAL CONTRACTOR,28217,27519,27603.86,Cary,27519
25-17521197,SOLAR PV SYSTEM,2025-07-16,2025-04-03,CERTICATE OF COMPLIANCE (CC),TC,Occupancy,2025-08-07,0,43007,NC SOLAR NOW INC,GENERAL CONTRACTOR,27604,27513,44770.88,Cary,27513
25-17530740,SOLAR PV SYSTEM,2025-05-28,2025-04-04,CERTICATE OF COMPLIANCE (CC),CC,Occupancy,2025-05-30,0,39533,YES! SOLAR SOLUTIONS,GENERAL CONTRACTOR,27513,27519,41154.4,Cary,27519
25-17540704,SOLAR PV SYSTEM,2025-04-30,2025-04-11,PERMIT ISSUED (PI),TC,Permit Issued,2025-04-30,0,3902,YES! SOLAR SOLUTIONS,GENERAL CONTRACTOR,27513,27519,4062.04,Cary,27519
25-17551198,SOLAR PV SYSTEM,2025-06-23,2025-04-11,PERMIT ISSUED (PI),TC,Permit Issued,2025-06-23,0,30709,NC SOLAR NOW INC,GENERAL CONTRACTOR,27604,27518,31968.49,Cary,27518
25-17561549,SOLAR PV SYSTEM,2025-04-29,2025-04-11,CERTICATE OF COMPLIANCE (CC),TC,Occupancy,2025-06-06,0,33180,SOUTHERN ENERGY MANAGEMENT,GENERAL CONTRACTOR,27617,27519,34540.84,Cary,27519
25-17571383,SOLAR PANELS,2025-06-09,2025-04-14,PERMIT ISSUED (PI),TC,Permit Issued,2025-06-09,0,300000,OWNER (GENERAL),GENERAL CONTRACTOR,27519,27519,312304.12,Cary,27519
25-17580404,SOLAR PV SYSTEM,2025-04-17,2025-04-15,CERTICATE OF COMPLIANCE (CC),TC,Occupancy,2025-06-26,0,33200,8M SOLAR,GENERAL CONTRACTOR,27616,27539,34561.66,Apex,27539
25-17590288,SOLAR PV SYSTEM,2025-04-25,2025-04-22,CERTICATE OF COMPLIANCE (CC),TC,Occupancy,2025-06-02,0,34800,8M SOLAR,GENERAL CONTRACTOR,27616,27519,36227.28,Cary,27519
25-17600445,SOLAR PV SYSTEM,2025-04-25,2025-04-22,CERTICATE OF COMPLIANCE (CC),CC,Occupancy,2025-05-30,0,28900,8M SOLAR,GENERAL CONTRACTOR,27616,27523,30085.3,Apex,27523
25-17610129,SOLAR PANELS,2025-06-04,2025-04-28,CERTICATE OF COMPLIANCE (CC),TC,Occupancy,2025-07-08,1100,41500,8M SOLAR,GENERAL CONTRACTOR,27616,27609,43202.07,Cary,27519
25-17621199,SOLAR PV SYSTEM,2025-08-26,2025-04-28,CERTICATE OF COMPLIANCE (CC),TC,Occupancy,2025-08-26,0,10139,NC SOLAR NOW INC,GENERAL CONTRACTOR,27604,27519,10554.84,Cary,27519
25-17630289,SOLAR PV SYSTEM,2025-05-06,2025-04-30,CERTICATE OF COMPLIANCE (CC),TC,Occupancy,2025-07-03,0,36184,8M SOLAR,GENERAL CONTRACTOR,27616,27519,37668.04,Cary,27519
25-17640690,installation of battery backup to existing solar,2025-07-21,2025-05-01,CERTICATE OF COMPLIANCE (CC),TC,Occupancy,2025-07-23,0,15075,YES! SOLAR SOLUTIONS,ELECTRICAL CONTRACTOR,27513,27513,15660.57,Cary,27513
25-17650717,SOLAR PV SYSTEM,2025-06-13,2025-05-01,PERMIT ISSUED (PI),TC,Permit Issued,2025-06-13,0,27008,YES! SOLAR SOLUTIONS,GENERAL CONTRACTOR,27513,27606,28057.1,Raleigh,27606
25-17660708,SOLAR PV SYSTEM,2025-06-26,2025-05-02,CERTICATE OF COMPLIANCE (CC),TC,Occupancy,2025-07-03,0,39191,YES! SOLAR SOLUTIONS,GENERAL CONTRACTOR,27513,27523,40713.34,Apex,27523
25-17671314,SOLAR PV SYSTEM,2025-06-27,2025-05-05,PERMIT ISSUED (PI),CC,Permit Issued,2025-06-27,0,31575,NC SOLAR NOW INC,GENERAL CONTRACTOR,27604,27519,32801.5,Cary,27519
25-17680051,SOLAR PV SYSTEM,2025-06-16,2025-05-08,CERTICATE OF COMPLIANCE (CC),TC,Occupancy,2025-08-12,500,40761,8M SOLAR,GENERAL CONTRACTOR,27616,27519,42344.32,Cary,27519
25-17690535,SOLAR PANELS,2025-05-15,2025-05-09,CERTICATE OF COMPLIANCE (CC),TC,Occupancy,2025-08-19,378,23000,BEAM SOLAR CO LLC,GENERAL CONTRACTOR,27284,27539,23893.41,Apex,27539
25-17700870,SOLAR PV SYSTEM,2025-05-22,2025-05-09,CERTICATE OF COMPLIANCE (CC),TC,Occupancy,2025-09-15,0,10123,GAF ENERGY LLC,GENERAL CONTRACTOR,95138,27519,10516.22,Cary,27519
25-17710350,SOLAR PANELS,2025-05-20,2025-05-12,CERTICATE OF COMPLIANCE (CC),TC,Occupancy,2025-07-08,1155,51600,8M SOLAR,GENERAL CONTRACTOR,27616,27560,53604.35,Cary,27519
25-17720251,SOLAR PANELS,2025-06-04,2025-05-13,CERTICATE OF COMPLIANCE (CC),TC,Occupancy,2025-07-25,900,29900,8M SOLAR,GENERAL CONTRACTOR,27616,27513,31061.44,Cary,27513
25-17730290,SOLAR PANELS,2025-06-03,2025-05-13,CERTICATE OF COMPLIANCE (CC),TC,Occupancy,2025-08-04,1255,57800,8M SOLAR,GENERAL CONTRACTOR,27616,27519,60045.19,Cary,27519
25-17741564,SOLAR PANELS,2025-05-20,2025-05-15,CERTICATE OF COMPLIANCE (CC),TC,Occupancy,2025-07-14,546,45989,SOUTHERN ENERGY MANAGEMENT,GENERAL CONTRACTOR,27617,27518,47775.4,Cary,27518
25-17750351,SOLAR PV SYSTEM,2025-06-03,2025-05-16,PERMIT ISSUED (PI),TC,Permit Issued,2025-06-03,800,26350,8M SOLAR,GENERAL CONTRACTOR,27616,27519,27373.54,Cary,27519
25-17760052,SOLAR PV SYSTEM,2025-05-23,2025-05-19,CERTICATE OF COMPLIANCE (CC),CC,Occupancy,2025-07-03,800,27000,8M SOLAR,GENERAL CONTRACTOR,27616,27519,28048.79,Cary,27519
25-17770252,SOLAR PV SYSTEM,2025-05-23,2025-05-20,PERMIT ISSUED (PI),TC,Permit Issued,2025-05-23,0,35900,8M SOLAR,GENERAL CONTRACTOR,27616,27519,37294.5,Cary,27519
25-17780352,SOLAR PV SYSTEM,2025-06-03,2025-05-20,CERTICATE OF COMPLIANCE (CC),TC,Occupancy,2025-07-14,0,30900,8M SOLAR,GENERAL CONTRACTOR,27616,27513,32100.28,Cary,27513
25-17791159,SOLAR PV SYSTEM,2025-07-23,2025-05-20,CERTICATE OF COMPLIANCE (CC),CC,Occupancy,2025-08-15,0,26622,NC SOLAR NOW INC,GENERAL CONTRACTOR,27604,27523,27656.11,Apex,27523
25-17800540,SOLAR PV SYSTEM,2025-06-03,2025-05-21,CERTICATE OF COMPLIANCE (CC),TC,Occupancy,2025-08-11,0,29473,BIG ROCK ELECTRICAL & ENERGY,UNLICENSED CONTRACTOR,28681,27513,30617.85,Cary,27513
25-17811270,SOLAR PV SYSTEM,2025-06-11,2025-05-23,CERTICATE OF COMPLIANCE (CC),TC,Occupancy,2025-06-18,0,8800,NC SOLAR NOW INC,GENERAL CONTRACTOR,27604,27519,9141.83,Cary,27519
25-17820405,SOLAR PV SYSTEM,2025-06-03,2025-05-27,CERTICATE OF COMPLIANCE (CC),TC,Occupancy,2025-07-25,0,27900,8M SOLAR,GENERAL CONTRACTOR,27616,27513,28983.75,Cary,27513
25-17830872,SOLAR PANELS,2025-06-10,2025-05-29,CERTICATE OF COMPLIANCE (CC),TC,Occupancy,2025-09-15,0,15458,GAF ENERGY LLC,GENERAL CONTRACTOR,95138,27606,16058.45,Raleigh,27606
25-17841974,Installation of roof mount solar panels,,2025-05-30,PLANS WITHDRAWN (PW),TC,Permit Cancelled,2025-05-30,315,38000,,,,27519,39476.07,Cary,27519
25-17851746,SOLAR PANELS & BATTERY,2025-07-16,2025-06-03,CERTICATE OF COMPLIANCE (CC),TC,Occupancy,2025-08-06,433,33000,"TESLA ENERGY OPERATIONS, INC.",GENERAL CONTRACTOR,94538,27523,34165.37,Apex,27523
25-17861550,SOLAR PV SYSTEM,2025-06-16,2025-06-05,CERTICATE OF COMPLIANCE (CC),CC,Occupancy,2025-09-09,0,28835,SOUTHERN ENERGY MANAGEMENT,GENERAL CONTRACTOR,27617,27519,29853.29,Cary,27519
25-17870406,SOLAR PV SYSTEM,2025-06-11,2025-06-06,CERTICATE OF COMPLIANCE (CC),TC,Occupancy,2025-08-04,0,30500,8M SOLAR,GENERAL CONTRACTOR,27616,27519,31577.08,Cary,27519
25-17881271,SOLAR PV SYSTEM,2025-07-08,2025-06-06,CERTICATE OF COMPLIANCE (CC),TC,Occupancy,2025-07-25,0,35839,NC SOLAR NOW INC,GENERAL CONTRACTOR,27604,27519,37104.63,Cary,27519
25-17891272,SOLAR PV SYSTEM,2025-07-21,2025-06-09,CERTICATE OF COMPLIANCE (CC),TC,Occupancy,2025-08-11,0,33710,NC SOLAR NOW INC,GENERAL CONTRACTOR,27604,27519,34900.44,Cary,27519
25-17900705,SOLAR PV SYSTEM,2025-07-21,2025-06-12,CERTICATE OF COMPLIANCE (CC),TC,Occupancy,2025-08-06,0,58834,YES! SOLAR SOLUTIONS,GENERAL CONTRACTOR,27513,27513,60911.68,Cary,27513
25-17910718,SOLAR PV SYSTEM,2025-08-04,2025-06-12,CERTICATE OF COMPLIANCE (CC),TC,Occupancy,2025-08-28,0,29268,YES! SOLAR SOLUTIONS,GENERAL CONTRACTOR,27513,27519,30301.58,Cary,27519
25-17920741,SOLAR PV SYSTEM,2025-08-01,2025-06-12,CERTICATE OF COMPLIANCE (CC),TC,Occupancy,2025-08-08,0,46338,YES! SOLAR SOLUTIONS,GENERAL CONTRACTOR,27513,27511,47974.39,Cary,27511
25-17931891,SOLAR PV SYSTEM,2025-07-25,2025-06-12,CERTICATE OF COMPLIANCE (CC),TC,Occupancy,2025-08-08,0,39168,WIRING SOLUTIONS PLUS LLC,GENERAL CONTRACTOR,27616,27519,40551.19,Cary,27519
25-17940082,SOLAR PV SYSTEM,2025-06-25,2025-06-20,CERTICATE OF COMPLIANCE (CC),TC,Occupancy,2025-08-27,0,28400,8M SOLAR,GENERAL CONTRACTOR,27616,27519,29402.92,Cary,27519
25-17950083,SOLAR PV SYSTEM,2025-06-25,2025-06-20,CERTICATE OF COMPLIANCE (CC),TC,Occupancy,2025-08-08,0,40950,8M SOLAR,GENERAL CONTRACTOR,27616,27518,42396.12,Cary,27518
25-17960084,SOLAR PV SYSTEM,2025-06-24,2025-06-20,CERTICATE OF COMPLIANCE (CC),TC,Occupancy,2025-07-30,0,37500,8M SOLAR,GENERAL CONTRACTOR,27616,27523,38824.28,Apex,27523
25-17970353,SOLAR PV SYSTEM,2025-06-24,2025-06-20,CERTICATE OF COMPLIANCE (CC),TC,Occupancy,2025-08-13,0,30400,8M SOLAR,GENERAL CONTRACTOR,27616,27519,31473.55,Cary,27519
25-17980407,SOLAR PV SYSTEM,2025-06-25,2025-06-20,CERTICATE OF COMPLIANCE (CC),TC,Occupancy,2025-08-08,0,31900,8M SOLAR,GENERAL CONTRACTOR,27616,27519,33026.52,Cary,27519
25-17991200,SOLAR PV SYSTEM,2025-07-31,2025-06-23,CERTICATE OF COMPLIANCE (CC),TC,Occupancy,2025-08-28,0,38141,NC SOLAR NOW INC,GENERAL CONTRACTOR,27604,27519,39487.92,Cary,27519
25-18001500,SOLAR PV SYSTEM,2025-08-18,2025-06-26,PERMIT ISSUED (PI),TC,Permit Issued,2025-08-18,0,30800,SOUTHERN ENERGY MANAGEMENT,GENERAL CONTRACTOR,27617,27519,31887.68,Cary,27519
25-18010053,SOLAR PV SYSTEM,2025-07-15,2025-06-30,CERTICATE OF COMPLIANCE (CC),TC,Occupancy,2025-09-05,0,25000,8M SOLAR,GENERAL CONTRACTOR,27616,27513,25882.86,Cary,27513
25-18020253,SOLAR PV SYSTEM,2025-07-21,2025-06-30,CERTICATE OF COMPLIANCE (CC),TC,Occupancy,2025-09-02,0,27000,8M SOLAR,GENERAL CONTRACTOR,27616,27513,27953.48,Cary,27513
25-18030408,SOLAR PV SYSTEM,2025-07-03,2025-06-30,CERTICATE OF COMPLIANCE (CC),TC,Occupancy,2025-09-05,0,29100,8M SOLAR,GENERAL CONTRACTOR,27616,27511,30127.64,Cary,27511
25-18040409,SOLAR PV SYSTEM,2025-07-03,2025-06-30,CERTICATE OF COMPLIANCE (CC),TC,Occupancy,2025-08-12,0,31900,8M SOLAR,GENERAL CONTRACTOR,27616,27519,33026.52,Cary,27519
25-18051160,SOLAR PANELS,2025-08-15,2025-07-03,CERTICATE OF COMPLIANCE (CC),TC,Occupancy,2025-08-18,0,40842,NC SOLAR NOW INC,GENERAL CONTRACTOR,27604,27519,42220.56,Cary,27519
25-18061273,SOLAR PANELS,2025-07-23,2025-07-03,CERTICATE OF COMPLIANCE (CC),TC,Occupancy,2025-08-15,0,40842,NC SOLAR NOW INC,GENERAL CONTRACTOR,27604,27519,42220.56,Cary,27519
25-18070682,SOLAR PV SYSTEM,2025-10-01,2025-07-08,CERTICATE OF COMPLIANCE (CC),TC,Occupancy,2025-11-13,0,52828,CAPE FEAR SOLAR SYSTEMS,GENERAL CONTRACTOR,28401,27511,54611.13,Cary,27511
25-18080054,SOLAR PV SYSTEM,2025-08-07,2025-07-11,CERTICATE OF COMPLIANCE (CC),TC,Occupancy,2025-09-10,0,31900,8M SOLAR,GENERAL CONTRACTOR,27616,27519,32976.74,Cary,27519
25-18090254,SOLAR PV SYSTEM,2025-07-28,2025-07-11,PERMIT ISSUED (PI),TC,Permit Issued,2025-07-28,0,36400,8M SOLAR,GENERAL CONTRACTOR,27616,27513,37628.63,Cary,27513
25-18100410,SOLAR PV SYSTEM,2025-08-04,2025-07-16,CERTICATE OF COMPLIANCE (CC),TC,Occupancy,2025-09-16,0,30800,8M SOLAR,GENERAL CONTRACTOR,27616,27519,31839.61,Cary,27519
25-18110354,SOLAR PANELS,2025-07-29,2025-07-22,CERTICATE OF COMPLIANCE (CC),TC,Occupancy,2025-09-05,900,30900,8M SOLAR,GENERAL CONTRACTOR,27616,27519,31942.98,Cary,27519
25-18120691,Upgrade Solar PV Inverter to existing PV System,2025-08-15,2025-07-28,PERMIT ISSUED (PI),TC,Permit Issued,2025-08-15,0,6818,YES! SOLAR SOLUTIONS,ELECTRICAL CONTRACTOR,27513,27513,7048.13,Cary,27513
25-18131039,SOLAR PV SYSTEM,2025-09-05,2025-07-28,CERTICATE OF COMPLIANCE (CC),TC,Occupancy,2025-09-15,0,29436,NC SOLAR NOW INC,GENERAL CONTRACTOR,27604,27513,30429.57,Cary,27513
25-18141233,Solar PV System,2025-09-04,2025-07-30,CERTICATE OF COMPLIANCE (CC),TC,Occupancy,2025-09-12,0,50916,NC SOLAR NOW INC,GENERAL CONTRACTOR,27604,27519,52634.59,Cary,27519
25-18151274,Solar PV System,2025-08-21,2025-07-30,CERTICATE OF COMPLIANCE (CC),TC,Occupancy,2025-09-15,0,42086,NC SOLAR NOW INC,GENERAL CONTRACTOR,27604,27519,43506.55,Cary,27519
25-18160130,Solar PV System,2025-08-05,2025-07-31,CERTICATE OF COMPLIANCE (CC),TC,Occupancy,2025-09-10,0,31900,8M SOLAR,GENERAL CONTRACTOR,27616,27519,32976.74,Cary,27519
25-18170255,Solar PV System,2025-08-20,2025-07-31,CERTICATE OF COMPLIANCE (CC),TC,Occupancy,2025-10-01,0,30500,8M SOLAR,GENERAL CONTRACTOR,27616,27560,31529.48,Morrisville,27560
25-18180291,Solar PV System,2025-08-19,2025-07-31,CERTICATE OF COMPLIANCE (CC),TC,Occupancy,2025-09-24,0,24200,8M SOLAR,GENERAL CONTRACTOR,27616,27519,25016.83,Cary,27519
25-18190786,SOLAR PV SYSTEM,,2025-08-01,APPROVED (AP),TC,Fees/Payment,2025-08-11,0,70672,EMERALD ENERGY LLC,GENERAL CONTRACTOR,27615,27513,72848.16,Cary,27513
25-18201315,Solar PV System,2025-08-25,2025-08-01,CERTICATE OF COMPLIANCE (CC),TC,Occupancy,2025-09-16,0,50111,NC SOLAR NOW INC,GENERAL CONTRACTOR,27604,27518,51654.04,Cary,27518
25-18210164,Solar PV System,2025-08-07,2025-08-05,CERTICATE OF COMPLIANCE (CC),TC,Occupancy,2025-09-09,0,29900,8M SOLAR,GENERAL CONTRACTOR,27616,27523,30820.69,Apex,27523
25-18220799,Add Battery & Transfer Switch for Existing Solar,2025-09-02,2025-08-05,PERMIT ISSUED (PI),TC,Permit Issued,2025-09-02,0,20158,EMERALD ENERGY LLC,ELECTRICAL CONTRACTOR,27615,27519,20778.71,Cary,27519
25-18231201,Solar PV System,2025-09-16,2025-08-06,PERMIT ISSUED (PI),TC,Permit Issued,2025-09-16,726,36835,NC SOLAR NOW INC,GENERAL CONTRACTOR,27604,27519,37969.24,Cary,27519
25-18240862,Solar PV System,,2025-08-07,APPROVED (AP),TC,Fees/Payment,2025-08-12,0,29366,GAF ENERGY LLC,GENERAL CONTRACTOR,95138,27511,30270.25,Cary,27511
25-18251536,Solar PV System,2025-09-22,2025-08-07,CERTICATE OF COMPLIANCE (CC),CC,Occupancy,2025-10-21,0,48540,SOUTHERN ENERGY MANAGEMENT,GENERAL CONTRACTOR,27617,27519,50034.66,Cary,27519
25-18260719,SOLAR PANELS,2025-08-19,2025-08-08,CERTICATE OF COMPLIANCE (CC),TC,Occupancy,2025-10-24,504,52202,YES! SOLAR SOLUTIONS,GENERAL CONTRACTOR,27513,27511,53809.43,Cary,27511
25-18271202,Solar PV System,2025-08-15,2025-08-11,CERTICATE OF COMPLIANCE (CC),TC,Occupancy,2025-10-20,0,29059,NC SOLAR NOW INC,GENERAL CONTRACTOR,27604,27513,29953.8,Cary,27513
25-18281348,Solar PV System,2025-09-16,2025-08-11,CERTICATE OF COMPLIANCE (CC),TC,Occupancy,2025-10-06,0,31478,NC SOLAR NOW INC,GENERAL CONTRACTOR,27604,27519,32447.28,Cary,27519
25-18291501,Solar PV System,2025-08-19,2025-08-11,CERTICATE OF COMPLIANCE (CC),TC,Occupancy,2025-10-02,0,36251,SOUTHERN ENERGY MANAGEMENT,GENERAL CONTRACTOR,27617,27519,37367.26,Cary,27519
25-18300411,Solar PV System,2025-08-15,2025-08-12,CERTICATE OF COMPLIANCE (CC),TC,Occupancy,2025-09-24,0,31900,8M SOLAR,GENERAL CONTRACTOR,27616,27519,32882.28,Cary,27519
25-18310805,Solar PV System,2025-09-12,2025-08-12,CERTICATE OF COMPLIANCE (CC),TC,Occupancy,2025-09-30,0,39420,EMERALD ENERGY LLC,GENERAL CONTRACTOR,27615,27519,40633.84,Cary,27519
25-18321040,Solar PV System,2025-08-25,2025-08-13,CERTICATE OF COMPLIANCE (CC),TC,Occupancy,2025-09-11,0,27420,NC SOLAR NOW INC,GENERAL CONTRACTOR,27604,27519,28264.33,Cary,27519
25-18330728,Solar PV System,2025-08-28,2025-08-15,CERTICATE OF COMPLIANCE (CC),TC,Occupancy,2025-09-16,0,35865,YES! SOLAR SOLUTIONS,GENERAL CONTRACTOR,27513,27523,36969.37,Apex,27523
25-18341349,Solar PV System,2025-09-19,2025-08-18,CERTICATE OF COMPLIANCE (CC),TC,Occupancy,2025-09-29,0,30200,NC SOLAR NOW INC,GENERAL CONTRACTOR,27604,27513,31129.93,Cary,27513
25-18350131,SOLAR PANELS,2025-09-04,2025-08-20,CERTICATE OF COMPLIANCE (CC),TC,Occupancy,2025-10-06,650,26400,8M SOLAR,GENERAL CONTRACTOR,27616,27519,27212.92,Cary,27519
25-18360132,SOLAR PANELS,2025-09-04,2025-08-20,CERTICATE OF COMPLIANCE (CC),TC,Occupancy,2025-10-08,800,26600,8M SOLAR,GENERAL CONTRACTOR,27616,27519,27419.08,Cary,27519
25-18371112,SOLAR PANELS,2025-10-09,2025-08-20,CERTICATE OF COMPLIANCE (CC),TC,Occupancy,2025-10-24,0,37056,NC SOLAR NOW INC,GENERAL CONTRACTOR,27604,27519,38197.04,Cary,27519
25-18380055,SOLAR PANELS,2025-09-12,2025-08-21,CERTICATE OF COMPLIANCE (CC),TC,Occupancy,2025-10-16,0,27400,8M SOLAR,GENERAL CONTRACTOR,27616,27519,28243.71,Cary,27519
25-18390085,SOLAR PANELS,2025-09-04,2025-08-21,CERTICATE OF COMPLIANCE (CC),TC,Occupancy,2025-11-21,0,33700,8M SOLAR,GENERAL CONTRACTOR,27616,27523,34737.7,Apex,27523
25-18400133,SOLAR PANELS,2025-09-04,2025-08-21,CERTICATE OF COMPLIANCE (CC),TC,Occupancy,2025-09-24,0,26400,8M SOLAR,GENERAL CONTRACTOR,27616,27519,27212.92,Cary,27519
25-18410256,SOLAR PANELS,2025-09-04,2025-08-21,CERTICATE OF COMPLIANCE (CC),TC,Occupancy,2025-10-09,700,28400,8M SOLAR,GENERAL CONTRACTOR,27616,27513,29274.5,Cary,27513
25-18421113,SOLAR PANELS,2025-09-09,2025-08-22,CERTICATE OF COMPLIANCE (CC),TC,Occupancy,2025-10-13,0,57549,NC SOLAR NOW INC,GENERAL CONTRACTOR,27604,27511,59321.07,Cary,27511
25-18431203,SOLAR PANELS & TESLA POWERWALL 3,2025-09-04,2025-08-22,CERTICATE OF COMPLIANCE (CC),TC,Occupancy,2025-10-07,0,29924,NC SOLAR NOW INC,GENERAL CONTRACTOR,27604,27519,30845.43,Cary,27519
25-18441966,SOLAR PANELS,,2025-08-22,PLANS WITHDRAWN (PW),TC,Permit Cancelled,2025-09-19,0,12500,,,,27519,12884.91,Cary,27519
25-18451890,ADD TWO BATTERIES TO SOLAR SYSTEM,2025-09-24,2025-08-25,CERTICATE OF COMPLIANCE (CC),TC,Occupancy,2025-09-29,0,28562,WIRING SOLUTIONS PLUS LLC,GENERAL CONTRACTOR,27616,27513,29441.49,Cary,27513
25-18460811,SOLAR PANELS,2025-09-16,2025-08-26,CERTICATE OF COMPLIANCE (CC),TC,Occupancy,2025-09-30,588,37024,EMERALD ENERGY LLC,GENERAL CONTRACTOR,27615,27519,38164.06,Cary,27519
25-18471234,SOLAR PANELS,2025-09-29,2025-08-26,CERTICATE OF COMPLIANCE (CC),TC,Occupancy,2025-10-02,725,33617,NC SOLAR NOW INC,GENERAL CONTRACTOR,27604,27519,34652.15,Cary,27519
25-18480056,SOLAR PANELS,2025-09-09,2025-08-27,CERTICATE OF COMPLIANCE (CC),TC,Occupancy,2025-10-23,950,33400,8M SOLAR,GENERAL CONTRACTOR,27616,27519,34428.47,Cary,27519
25-18490899,Solar PV System,2025-11-06,2025-08-28,CERTICATE OF COMPLIANCE (CC),TC,Occupancy,2025-11-07,0,4000,MJAK COMPANY LLC,GENERAL CONTRACTOR,27357,27513,4123.17,Cary,27513
25-18500292,Solar PV System,2025-09-09,2025-08-29,CERTICATE OF COMPLIANCE (CC),CC,Occupancy,2025-10-20,0,27400,8M SOLAR,GENERAL CONTRACTOR,27616,27523,28243.71,Apex,27523
25-18510763,SOLAR PANELS,2025-09-26,2025-09-02,CERTICATE OF COMPLIANCE (CC),TC,Occupancy,2025-10-02,420,31184,YES! SOLAR SOLUTIONS,GENERAL CONTRACTOR,27513,27523,32062.68,Apex,27523
25-18521075,SOLAR PANELS,2025-09-12,2025-09-02,CERTICATE OF COMPLIANCE (CC),TC,Occupancy,2025-10-02,329,28921,NC SOLAR NOW INC,GENERAL CONTRACTOR,27604,27519,29735.92,Cary,27519
25-18531666,SOLAR PANELS,2025-10-14,2025-09-02,CERTICATE OF COMPLIANCE (CC),TC,Occupancy,2025-11-18,506,38543,"TESLA ENERGY OPERATIONS, INC.",GENERAL CONTRACTOR,94538,27523,39629.04,Apex,27523
25-18541041,2 Tesla Powerwall PV Battery Systems,2025-10-08,2025-09-03,CERTICATE OF COMPLIANCE (CC),CC,Occupancy,2025-10-20,10,25200,NC SOLAR NOW INC,GENERAL CONTRACTOR,27604,27519,25910.07,Cary,27519
25-18551502,Solar PV System,2025-09-30,2025-09-04,PERMIT ISSUED (PI),TC,Permit Issued,2025-09-30,0,38421,SOUTHERN ENERGY MANAGEMENT,GENERAL CONTRACTOR,27617,27511,39503.6,Cary,27511
25-18560724,Solar PV System,2025-09-22,2025-09-05,CERTICATE OF COMPLIANCE (CC),TC,Occupancy,2025-09-29,0,35596,YES! SOLAR SOLUTIONS,GENERAL CONTRACTOR,27513,27523,36599.0,Apex,27523
25-18571114,Solar PV System,2025-10-06,2025-09-05,CERTICATE OF COMPLIANCE (CC),TC,Occupancy,2025-10-24,0,28976,NC SOLAR NOW INC,GENERAL CONTRACTOR,27604,27560,29792.47,Morrisville,27560
25-18581316,Solar PV System,2025-09-17,2025-09-05,CERTICATE OF COMPLIANCE (CC),TC,Occupancy,2025-10-03,0,31308,NC SOLAR NOW INC,GENERAL CONTRACTOR,27604,27513,32190.18,Cary,27513
25-18590674,Solar PV System,2025-09-25,2025-09-10,CERTICATE OF COMPLIANCE (CC),TC,Occupancy,2025-11-13,621,48442,CAPE FEAR DEVELOPMENT GROUP,GENERAL CONTRACTOR,28411,27539,49806.97,Apex,27539
25-18600687,Solar PV System,2025-10-01,2025-09-10,CERTICATE OF COMPLIANCE (CC),TC,Occupancy,2025-11-05,621,44648,CAPE FEAR SOLAR SYSTEMS,GENERAL CONTRACTOR,28401,27519,45906.06,Cary,27519
25-18611968,Solar PV System,,2025-09-10,REJECTED (RJ),TC,Permit Cancelled,2025-09-16,442,27073,,,,27519,27835.85,Cary,27519
25-18621350,Solar PV System,2025-10-02,2025-09-11,CERTICATE OF COMPLIANCE (CC),TC,Occupancy,2025-10-30,546,35281,NC SOLAR NOW INC,GENERAL CONTRACTOR,27604,27519,36275.12,Cary,27519
25-18630134,Solar PV System,2025-09-23,2025-09-12,CERTICATE OF COMPLIANCE (CC),TC,Occupancy,2025-11-19,750,28900,8M SOLAR,GENERAL CONTRACTOR,27616,27511,29714.33,Cary,27511
25-18640257,Solar PV System,2025-09-17,2025-09-12,CERTICATE OF COMPLIANCE (CC),TC,Occupancy,2025-11-19,800,28000,8M SOLAR,GENERAL CONTRACTOR,27616,27560,28788.97,Cary,27519
25-18650355,Solar PV System,2025-09-23,2025-09-12,CERTICATE OF COMPLIANCE (CC),TC,Occupancy,2025-12-10,800,39900,8M SOLAR,GENERAL CONTRACTOR,27616,20190,41024.28,Cary,27519
25-18661373,Battery Addition Only,2025-12-09,2025-09-15,PERMIT ISSUED (PI),TC,Permit Issued,2025-12-09,0,12500,NORTH CAROLINA-DETACH RESET,ELECTRICAL CONTRACTOR,27609,27513,12852.22,Cary,27513
25-18670692,Tesla Powerwall Battery installation,2025-12-17,2025-09-16,CERTICATE OF COMPLIANCE (CC),TC,Occupancy,2025-12-22,0,15200,YES! SOLAR SOLUTIONS,ELECTRICAL CONTRACTOR,27513,27518,15628.3,Cary,27518
25-18681374,ADDITION OF 12 PV MODULES,2025-12-04,2025-09-16,PERMIT ISSUED (PI),TC,Permit Issued,2025-12-04,0,20500,NORTH CAROLINA-DETACH RESET,ELECTRICAL CONTRACTOR,27609,27519,21077.64,Cary,27519
25-18690135,Solar PV System,2025-09-23,2025-09-17,CERTICATE OF COMPLIANCE (CC),TC,Occupancy,2025-10-29,750,26400,8M SOLAR,GENERAL CONTRACTOR,27616,27519,27143.88,Cary,27519
25-18700356,Solar PV System,2025-09-23,2025-09-17,CERTICATE OF COMPLIANCE (CC),TC,Occupancy,2025-10-28,1100,37875,8M SOLAR,GENERAL CONTRACTOR,27616,27519,38942.22,Cary,27519
25-18710412,Solar PV System,2025-09-23,2025-09-17,CERTICATE OF COMPLIANCE (CC),TC,Occupancy,2025-10-16,800,28900,8M SOLAR,GENERAL CONTRACTOR,27616,27519,29714.33,Cary,27519
25-18720413,Solar PV System,2025-09-23,2025-09-17,PERMIT ISSUED (PI),TC,Permit Issued,2025-09-23,0,28900,8M SOLAR,GENERAL CONTRACTOR,27616,27513,29714.33,Cary,27513
25-18730706,SOLAR PANELS,2025-09-29,2025-09-17,PERMIT ISSUED (PI),TC,Permit Issued,2025-09-29,0,31694,YES! SOLAR SOLUTIONS,GENERAL CONTRACTOR,27513,27519,32587.05,Cary,27519
25-18740258,Solar PV System,2025-09-25,2025-09-19,CERTICATE OF COMPLIANCE (CC),TC,Occupancy,2025-11-19,0,39200,8M SOLAR,GENERAL CONTRACTOR,27616,27519,40304.55,Cary,27519
25-18750357,Solar PV System,2025-09-24,2025-09-19,CERTICATE OF COMPLIANCE (CC),TC,Occupancy,2025-10-23,0,31900,8M SOLAR,GENERAL CONTRACTOR,27616,27519,32798.86,Cary,27519
25-18760720,Solar PV System,2025-09-29,2025-09-19,CERTICATE OF COMPLIANCE (CC),TC,Occupancy,2025-10-20,0,19872,YES! SOLAR SOLUTIONS,GENERAL CONTRACTOR,27513,27513,20431.94,Cary,27513
25-18771351,Solar PV System,2025-09-24,2025-09-22,CERTICATE OF COMPLIANCE (CC),TC,Occupancy,2025-10-28,0,46434,NC SOLAR NOW INC,GENERAL CONTRACTOR,27604,27523,47742.39,Apex,27523
25-18781115,SOLAR PV SYSTEM,2025-09-29,2025-09-23,CERTICATE OF COMPLIANCE (CC),TC,Occupancy,2025-10-28,440,37176,NC SOLAR NOW INC,GENERAL CONTRACTOR,27604,27560,38223.52,Morrisville,27560
25-18790057,Solar PV System,2025-10-01,2025-09-25,CERTICATE OF COMPLIANCE (CC),TC,Occupancy,2025-11-12,1155,35400,8M SOLAR,GENERAL CONTRACTOR,27616,27519,36397.48,Cary,27519
25-18800136,Solar PV System,2025-10-08,2025-09-25,CERTICATE OF COMPLIANCE (CC),TC,Occupancy,2025-11-20,900,35900,8M SOLAR,GENERAL CONTRACTOR,27616,27519,36911.57,Cary,27519
25-18810721,Solar PV System,2025-10-15,2025-09-25,CERTICATE OF COMPLIANCE (CC),TC,Occupancy,2025-10-20,504,36865,YES! SOLAR SOLUTIONS,GENERAL CONTRACTOR,27513,27560,37903.76,Morrisville,27560
25-18820745,Solar PV System,2025-11-12,2025-09-25,CERTICATE OF COMPLIANCE (CC),TC,Occupancy,2025-12-05,672,41820,YES! SOLAR SOLUTIONS,GENERAL CONTRACTOR,27513,27519,42998.38,Cary,27519
25-18831488,Solar PV System,2025-10-01,2025-09-25,CERTICATE OF COMPLIANCE (CC),TC,Occupancy,2026-01-26,546,50000,SOUTHERN ENERGY MANAGEMENT,GENERAL CONTRACTOR,27617,27523,51408.87,Apex,27523
25-18840137,Solar PV System,2025-10-01,2025-09-26,CERTICATE OF COMPLIANCE (CC),TC,Occupancy,2025-11-12,800,30400,8M SOLAR,GENERAL CONTRACTOR,27616,27519,31256.59,Cary,27519
25-18850199,Solar PV System,2025-10-28,2025-09-26,CERTICATE OF COMPLIANCE (CC),TC,Occupancy,2025-11-25,900,43900,8M SOLAR,GENERAL CONTRACTOR,27616,27519,45136.99,Cary,27519
25-18860764,Solar PV System,2025-10-07,2025-09-30,CERTICATE OF COMPLIANCE (CC),TC,Occupancy,2025-11-06,588,41358,YES! SOLAR SOLUTIONS,GENERAL CONTRACTOR,27513,27519,42523.36,Cary,27519
25-18870358,Solar PV System,2025-10-06,2025-10-01,CERTICATE OF COMPLIANCE (CC),TC,Occupancy,2025-10-30,1155,40400,8M SOLAR,GENERAL CONTRACTOR,27616,27519,41581.76,Cary,27519
25-18881677,Solar PV System,2025-10-07,2025-10-01,PERMIT ISSUED (PI),TC,Permit Issued,2025-10-07,527,37157,"TESLA ENERGY OPERATIONS, INC.",GENERAL CONTRACTOR,94538,27519,38243.9,Cary,27519
25-18890138,Solar PV System,2025-10-09,2025-10-02,CERTICATE OF COMPLIANCE (CC),TC,Occupancy,2025-12-01,800,36600,8M SOLAR,GENERAL CONTRACTOR,27616,27511,37670.61,Cary,27511
25-18900541,Solar PV System,2025-10-23,2025-10-02,CERTICATE OF COMPLIANCE (CC),CC,Occupancy,2025-12-29,1000,0,BITTING ELECTRIC INC,UNLICENSED CONTRACTOR,27560,27519,0.0,Cary,27519
25-18911042,Solar PV System,2025-10-08,2025-10-03,CERTICATE OF COMPLIANCE (CC),TC,Occupancy,2025-11-24,945,74112,NC SOLAR NOW INC,GENERAL CONTRACTOR,27604,27519,76279.89,Cary,27519
25-18921235,Solar PV System,2025-10-08,2025-10-03,CERTICATE OF COMPLIANCE (CC),TC,Occupancy,2025-11-10,448,30184,NC SOLAR NOW INC,GENERAL CONTRACTOR,27604,27523,31066.93,Apex,27523
25-18931569,Solar PV System,2025-10-22,2025-10-03,CERTICATE OF COMPLIANCE (CC),CC,Occupancy,2025-12-10,630,41800,SOUTHERN ENERGY MANAGEMENT,GENERAL CONTRACTOR,27617,27519,43022.72,Cary,27519
25-18940794,Solar PV System,2025-10-09,2025-10-06,CERTICATE OF COMPLIANCE (CC),TC,Occupancy,2025-11-17,756,40550,EMERALD ENERGY LLC,GENERAL CONTRACTOR,27615,27523,41736.15,Apex,27523
25-18951978,Solar PV System,,2025-10-06,PLANS WITHDRAWN (PW),TC,Permit Cancelled,2025-10-10,717,39750,,,,27519,40912.75,Cary,27519
25-18960058,Solar PV System,2025-10-16,2025-10-09,CERTICATE OF COMPLIANCE (CC),TC,Occupancy,2025-12-04,1155,48400,8M SOLAR,GENERAL CONTRACTOR,27616,27519,49815.78,Cary,27519
25-18970259,Solar PV System,2025-10-16,2025-10-09,CERTICATE OF COMPLIANCE (CC),TC,Occupancy,2025-11-20,500,22900,8M SOLAR,GENERAL CONTRACTOR,27616,27513,23569.86,Cary,27513
25-18980414,Solar PV System,2025-10-14,2025-10-09,CERTICATE OF COMPLIANCE (CC),TC,Occupancy,2026-01-28,800,27414,8M SOLAR,GENERAL CONTRACTOR,27616,27519,28215.9,Cary,27519
25-18990059,Solar PV System,2025-10-16,2025-10-10,CERTICATE OF COMPLIANCE (CC),TC,Occupancy,2025-12-04,900,43900,8M SOLAR,GENERAL CONTRACTOR,27616,27519,45184.14,Cary,27519
25-19001551,Solar PV System,2025-11-12,2025-10-10,CERTICATE OF COMPLIANCE (CC),CC,Occupancy,2025-12-18,210,27054,SOUTHERN ENERGY MANAGEMENT,GENERAL CONTRACTOR,27617,27519,27845.37,Cary,27519
25-19011693,Solar PV System,2025-12-29,2025-10-13,CERTICATE OF COMPLIANCE (CC),TC,Occupancy,2026-01-26,672,44701,"TESLA ENERGY OPERATIONS, INC.",GENERAL CONTRACTOR,94538,27523,46008.58,Apex,27523
25-19021889,Install Solar PV System with Battery Storage,2025-12-15,2025-10-13,PERMIT ISSUED (PI),TC,Permit Issued,2025-12-15,517,48008,WIRING SOLUTIONS PLUS LLC,GENERAL CONTRACTOR,27616,27513,49412.31,Cary,27513
25-19030359,Install Solar PV System & Tesla Powerwall Charger,2025-10-20,2025-10-14,PERMIT ISSUED (PI),TC,Permit Issued,2025-10-20,700,27900,8M SOLAR,GENERAL CONTRACTOR,27616,27607,28716.12,Cary,27513
25-19040415,SOLAR PANELS,2025-11-13,2025-10-14,CERTICATE OF COMPLIANCE (CC),TC,Occupancy,2026-01-09,850,29400,8M SOLAR,GENERAL CONTRACTOR,27616,27519,30260.0,Cary,27519
25-19050707,Install Solar PV System,2025-10-21,2025-10-14,CERTICATE OF COMPLIANCE (CC),TC,Occupancy,2025-12-05,672,38548,YES! SOLAR SOLUTIONS,GENERAL CONTRACTOR,27513,27519,39675.59,Cary,27519
25-19060825,Install Solar PV System with Battery Storage,2025-11-06,2025-10-14,PERMIT ISSUED (PI),TC,Permit Issued,2025-11-06,508,35890,EMERALD ENERGY LLC,GENERAL CONTRACTOR,27615,27519,36939.84,Cary,27519
25-19071076,Install Solar PV System & Tesla Powerwall Charger,2025-10-21,2025-10-14,CERTICATE OF COMPLIANCE (CC),TC,Occupancy,2025-11-06,0,30540,NC SOLAR NOW INC,GENERAL CONTRACTOR,27604,27519,31433.34,Cary,27519
25-19080787,Solar PV System,2025-11-06,2025-10-15,CERTICATE OF COMPLIANCE (CC),TC,Occupancy,2026-02-12,1344,78691,EMERALD ENERGY LLC,GENERAL CONTRACTOR,27615,27519,80992.84,Cary,27519
25-19090060,SOLAR PANELS,2025-10-29,2025-10-16,CERTICATE OF COMPLIANCE (CC),TC,Occupancy,2025-12-23,1155,43200,8M SOLAR,GENERAL CONTRACTOR,27616,27513,44463.67,Cary,27513
25-19100139,Solar PV System,2025-10-22,2025-10-16,CERTICATE OF COMPLIANCE (CC),TC,Occupancy,2025-12-08,900,40550,8M SOLAR,GENERAL CONTRACTOR,27616,27513,41736.15,Cary,27513
25-19110800,SOLAR PANELS,2025-11-06,2025-10-17,PERMIT ISSUED (PI),TC,Permit Issued,2025-11-06,294,35994,EMERALD ENERGY LLC,GENERAL CONTRACTOR,27615,27513,37046.88,Cary,27513
25-19121043,Solar PV System,2025-10-28,2025-10-20,CERTICATE OF COMPLIANCE (CC),TC,Occupancy,2025-11-17,547,38033,NC SOLAR NOW INC,GENERAL CONTRACTOR,27604,27519,39145.53,Cary,27519
25-19130360,Solar PV System,2025-10-27,2025-10-21,PERMIT ISSUED (PI),CC,Permit Issued,2025-10-27,700,27820,8M SOLAR,GENERAL CONTRACTOR,27616,27519,28633.78,Cary,27519
25-19140416,Solar PV System,2025-11-12,2025-10-21,CERTICATE OF COMPLIANCE (CC),TC,Occupancy,2026-02-20,900,34980,8M SOLAR,GENERAL CONTRACTOR,27616,27519,36003.22,Cary,27519
25-19150781,SOLAR PANELS,2025-11-10,2025-10-22,CERTICATE OF COMPLIANCE (CC),TC,Occupancy,2026-01-02,0,32334,DONE RIGHT RESTORATION & CONSTRUCTION LLC,GENERAL CONTRACTOR,28601,27513,33279.82,Cary,27513
25-19160900,SOLAR PANELS,2025-12-22,2025-10-23,CERTICATE OF COMPLIANCE (CC),TC,Occupancy,2026-01-16,0,39276,MJAK COMPANY LLC,GENERAL CONTRACTOR,27357,27519,40424.89,Cary,27519
25-19171204,Solar PV System,2025-10-28,2025-10-23,CERTICATE OF COMPLIANCE (CC),TC,Occupancy,2025-11-17,757,47817,NC SOLAR NOW INC,GENERAL CONTRACTOR,27604,27513,49215.72,Cary,27513
25-19181116,SOLAR PANELS,2025-10-30,2025-10-24,CERTICATE OF COMPLIANCE (CC),TC,Occupancy,2025-12-12,904,50150,NC SOLAR NOW INC,GENERAL CONTRACTOR,27604,27539,51616.97,Apex,27539
25-19191205,"4 strings, with a total of 25 modules w/ battery",2025-12-04,2025-10-24,PERMIT ISSUED (PI),TC,Permit Issued,2025-12-04,525,37320,NC SOLAR NOW INC,GENERAL CONTRACTOR,27604,27519,38411.67,Cary,27519
25-19201117,SOLAR PV SYSTEM,2025-11-12,2025-10-29,CERTICATE OF COMPLIANCE (CC),TC,Occupancy,2026-01-12,546,38033,NC SOLAR NOW INC,GENERAL CONTRACTOR,27604,27513,39145.53,Cary,27513
25-19211118,SOLAR PV SYSTEM,2025-11-12,2025-10-29,CERTICATE OF COMPLIANCE (CC),TC,Occupancy,2025-12-05,448,31736,NC SOLAR NOW INC,GENERAL CONTRACTOR,27604,27519,32664.33,Cary,27519
25-19221119,SOLAR PV SYSTEM,2025-11-12,2025-10-29,PERMIT ISSUED (PI),TC,Permit Issued,2025-11-12,357,31618,NC SOLAR NOW INC,GENERAL CONTRACTOR,27604,27519,32542.88,Cary,27519
25-19230061,SOLAR PV SYSTEM,2025-11-10,2025-10-30,PERMIT ISSUED (PI),TC,Permit Issued,2025-11-10,800,27100,8M SOLAR,GENERAL CONTRACTOR,27616,27519,27892.72,Cary,27519
25-19240140,SOLAR PANELS,2025-11-12,2025-10-30,PERMIT ISSUED (PI),TC,Permit Issued,2025-11-12,950,39400,8M SOLAR,GENERAL CONTRACTOR,27616,27519,40552.51,Cary,27519
25-19250200,SOLAR PV SYSTEM,2025-11-10,2025-10-30,CERTICATE OF COMPLIANCE (CC),TC,Occupancy,2026-01-09,1100,36500,8M SOLAR,GENERAL CONTRACTOR,27616,27523,37567.68,Apex,27523
25-19260446,Solar Panels Installation,2025-11-12,2025-10-30,CERTICATE OF COMPLIANCE (CC),TC,Occupancy,2026-01-28,800,28500,8M SOLAR,GENERAL CONTRACTOR,27616,27523,29333.67,Apex,27523
25-19271120,Remove & Reinstall Solar Panels,2025-11-12,2025-10-30,PERMIT ISSUED (PI),CC,Permit Issued,2026-03-05,489,20599,NC SOLAR NOW INC,GENERAL CONTRACTOR,27604,27519,21201.55,Cary,27519
25-19281654,SOLAR PV SYSTEM,,2025-10-30,APPROVED (AP),TC,Fees/Payment,2025-11-19,759,54340,"TESLA ENERGY OPERATIONS, INC.",GENERAL CONTRACTOR,94538,27519,55929.53,Cary,27519
25-19291044,Solar PV System,2025-11-12,2025-10-31,CERTICATE OF COMPLIANCE (CC),TC,Occupancy,2025-12-05,630,40884,NC SOLAR NOW INC,GENERAL CONTRACTOR,27604,27519,42079.92,Cary,27519
25-19301442,Solar PV System,2025-11-12,2025-10-31,CERTICATE OF COMPLIANCE (CC),TC,Occupancy,2025-12-12,280,14670,RENU ENERGY SOLUTIONS LLC,GENERAL CONTRACTOR,28217,27519,15099.12,Cary,27519
25-19311473,SOLAR PANELS,,2025-10-31,APPROVED (AP),TC,Fees/Payment,2025-12-04,357,42854,SMART ROOF LLC,GENERAL CONTRACTOR,,27513,44107.55,Cary,27513
25-19321121,Solar PV System,2025-11-12,2025-11-03,CERTICATE OF COMPLIANCE (CC),TC,Occupancy,2025-12-19,378,33882,NC SOLAR NOW INC,GENERAL CONTRACTOR,27604,27516,34909.58,Cary,27513
25-19331236,Solar PV System,2025-11-12,2025-11-04,CERTICATE OF COMPLIANCE (CC),TC,Occupancy,2025-12-19,462,31794,NC SOLAR NOW INC,GENERAL CONTRACTOR,27604,27519,32758.25,Cary,27519
25-19341122,Solar PV System,2025-11-24,2025-11-05,CERTICATE OF COMPLIANCE (CC),TC,Occupancy,2025-12-31,609,40171,NC SOLAR NOW INC,GENERAL CONTRACTOR,27604,27519,41389.31,Cary,27519
25-19351317,Solar PV System,2026-01-28,2025-11-05,PERMIT ISSUED (PI),TC,Permit Issued,2026-01-28,0,47299,NC SOLAR NOW INC,GENERAL CONTRACTOR,27604,27519,48733.49,Cary,27519
25-19360447,Solar PV System,2025-11-14,2025-11-07,CERTICATE OF COMPLIANCE (CC),TC,Occupancy,2026-02-09,800,32094,8M SOLAR,GENERAL CONTRACTOR,27616,27513,33067.35,Cary,27519
25-19371206,Solar PV System,2025-11-17,2025-11-07,CERTICATE OF COMPLIANCE (CC),TC,Occupancy,2026-01-13,609,47384,NC SOLAR NOW INC,GENERAL CONTRACTOR,27604,27519,48821.07,Cary,27519
25-19380141,Solar PV System,2026-01-09,2025-11-11,CERTICATE OF COMPLIANCE (CC),TC,Occupancy,2026-01-23,900,35900,8M SOLAR,GENERAL CONTRACTOR,27616,27519,36988.78,Cary,27519
25-19390142,Solar PV System,2025-11-14,2025-11-11,CERTICATE OF COMPLIANCE (CC),TC,Occupancy,2026-01-16,800,32400,8M SOLAR,GENERAL CONTRACTOR,27616,27519,33382.63,Cary,27519
25-19400765,Solar PV System,2025-11-25,2025-11-11,PERMIT ISSUED (PI),TC,Permit Issued,2025-11-25,357,31355,YES! SOLAR SOLUTIONS,GENERAL CONTRACTOR,27513,27513,32305.94,Cary,27513
25-19411045,Solar PV System,2025-11-20,2025-11-14,PERMIT ISSUED (PI),TC,Permit Issued,2025-11-20,652,33958,NC SOLAR NOW INC,GENERAL CONTRACTOR,27604,27519,34987.88,Cary,27519
25-19420361,Solar PV System,2025-11-24,2025-11-18,CERTICATE OF COMPLIANCE (CC),TC,Occupancy,2026-05-01,750,41200,8M SOLAR,GENERAL CONTRACTOR,27616,27513,42449.52,Cary,27513
25-19430260,Solar PV System,2025-11-24,2025-11-19,CERTICATE OF COMPLIANCE (CC),TC,Occupancy,2026-03-20,900,35944,8M SOLAR,GENERAL CONTRACTOR,27616,27513,37034.11,Cary,27513
25-19440293,Solar PV System,2025-11-24,2025-11-19,CERTICATE OF COMPLIANCE (CC),TC,Occupancy,2026-01-16,800,30710,8M SOLAR,GENERAL CONTRACTOR,27616,27513,31641.38,Cary,27513
25-19450417,Solar PV System,2025-11-26,2025-11-20,CERTICATE OF COMPLIANCE (CC),TC,Occupancy,2026-01-30,0,43300,8M SOLAR,GENERAL CONTRACTOR,27616,27519,44613.21,Cary,27519
25-19460757,Solar PV System,2025-12-11,2025-11-21,CERTICATE OF COMPLIANCE (CC),TC,Occupancy,2025-12-30,630,36908,YES! SOLAR SOLUTIONS,GENERAL CONTRACTOR,27513,27513,38027.35,Cary,27513
25-19471046,Solar PV System,2025-12-01,2025-11-24,CERTICATE OF COMPLIANCE (CC),TC,Occupancy,2026-01-26,756,40567,NC SOLAR NOW INC,GENERAL CONTRACTOR,27604,27518,41797.32,Cary,27518
25-19481047,Rpl Roof and Reinstall Solar PV System,2025-12-05,2025-11-24,PERMIT ISSUED (PI),TC,Permit Issued,2025-12-05,490,7350,NC SOLAR NOW INC,GENERAL CONTRACTOR,27604,27560,7572.91,Cary,27519
25-19491142,Solar PV System,2025-12-02,2025-11-24,CERTICATE OF COMPLIANCE (CC),TC,Occupancy,2026-01-08,757,44369,NC SOLAR NOW INC,GENERAL CONTRACTOR,27604,27519,45714.63,Cary,27519
25-19501207,SOLAR SYSTEM & BATTERY,2025-12-02,2025-11-24,CERTICATE OF COMPLIANCE (CC),TC,Occupancy,2026-03-02,252,26206,NC SOLAR NOW INC,GENERAL CONTRACTOR,27604,27519,27000.78,Cary,27519
25-19511123,Solar PV System,2025-12-03,2025-11-25,CERTICATE OF COMPLIANCE (CC),TC,Occupancy,2025-12-23,264,28636,NC SOLAR NOW INC,GENERAL CONTRACTOR,27604,27519,29504.48,Cary,27519
25-19521456,SOLAR PANELS,2025-12-19,2025-12-01,CERTICATE OF COMPLIANCE (CC),TC,Occupancy,2026-01-23,420,43118,RENU ENERGY SOLUTIONS LLC,GENERAL CONTRACTOR,28217,27513,44435.01,Cary,27513
25-19531208,Solar PV System,2026-01-07,2025-12-03,CERTICATE OF COMPLIANCE (CC),TC,Occupancy,2026-02-20,819,37690,NC SOLAR NOW INC,GENERAL CONTRACTOR,27604,27519,38841.21,Cary,27519
25-19541048,roof-mounted PV Array via DOI/OPT 2 & batt,2026-01-13,2025-12-09,CERTICATE OF COMPLIANCE (CC),TC,Occupancy,2026-02-04,593,32300,NC SOLAR NOW INC,GENERAL CONTRACTOR,27604,27519,33286.58,Cary,27519
25-19551124,Solar PV System,2025-12-12,2025-12-09,PERMIT ISSUED (PI),TC,Permit Issued,2025-12-12,588,29972,NC SOLAR NOW INC,GENERAL CONTRACTOR,27604,27519,30887.47,Cary,27519
25-19561125,Solar PV System,2025-12-12,2025-12-09,CERTICATE OF COMPLIANCE (CC),TC,Occupancy,2026-03-26,630,34152,NC SOLAR NOW INC,GENERAL CONTRACTOR,27604,27519,35195.15,Cary,27519
25-19571049,Solar PV System,2026-01-28,2025-12-10,CERTICATE OF COMPLIANCE (CC),TC,Occupancy,2026-02-06,560,34795,NC SOLAR NOW INC,GENERAL CONTRACTOR,27604,27519,35857.79,Cary,27519
25-19581552,Solar PV System,2026-01-07,2025-12-15,CERTICATE OF COMPLIANCE (CC),TC,Occupancy,2026-02-10,385,28903,SOUTHERN ENERGY MANAGEMENT,GENERAL CONTRACTOR,27617,27519,29785.82,Cary,27519
25-19591452,Solar PV System,2025-12-30,2025-12-17,PERMIT ISSUED (PI),TC,Permit Issued,2025-12-30,420,40420,RENU ENERGY SOLUTIONS LLC,GENERAL CONTRACTOR,28217,27617,41654.6,Cary,27513
25-19600062,Solar PV System,2026-01-07,2025-12-30,CERTICATE OF COMPLIANCE (CC),TC,Occupancy,2026-04-09,800,28900,8M SOLAR,GENERAL CONTRACTOR,27616,27519,29782.73,Cary,27519
26-19610261,Solar PV System,2026-02-12,2026-01-12,PERMIT ISSUED (PI),TC,Permit Issued,2026-02-12,650,13900,8M SOLAR,GENERAL CONTRACTOR,27616,27519,14271.8,Cary,27519
26-19621565,SOLAR PANELS,2026-02-18,2026-02-02,PERMIT ISSUED (PI),TC,Permit Issued,2026-03-04,378,37830,SOUTHERN ENERGY MANAGEMENT,GENERAL CONTRACTOR,27617,27511,38659.68,Cary,27511
26-19631436,BATTERY STORAGE/OUTLETS/LIGHTING/ELEC FOR SOLAR,2026-04-21,2026-02-06,PERMIT ISSUED (PI),TC,Permit Issued,2026-04-21,8000,50000,REDESIGN BUILD OF NC INC,GENERAL CONTRACTOR,27603,27513,51096.59,Cary,27513
26-19641126,Solar PV System,2026-02-26,2026-02-09,CERTICATE OF COMPLIANCE (CC),TC,Occupancy,2026-03-03,0,7060,NC SOLAR NOW INC,GENERAL CONTRACTOR,27604,27511,7214.84,Cary,27511
26-19651209,Solar PV System,2026-02-26,2026-02-19,CERTICATE OF COMPLIANCE (CC),TC,Occupancy,2026-04-17,0,5975,NC SOLAR NOW INC,GENERAL CONTRACTOR,27604,27519,6106.04,Cary,27519
26-19660086,Solar PV System,2026-03-03,2026-02-24,CERTICATE OF COMPLIANCE (CC),TC,Occupancy,2026-04-17,1255,59400,8M SOLAR,GENERAL CONTRACTOR,27616,27513,60702.75,Cary,27513
26-19671837,Solar PV System,,2026-02-27,APPROVED (AP),TC,Fees/Payment,2026-03-16,0,14505,TOP TIER SOLAR SOLUTIONS 87345,GENERAL CONTRACTOR,28217,27513,14823.12,Cary,27513
26-19680767,SOLAR PANELS,,2026-03-02,APPROVED (AP),CC,Fees/Payment,2026-05-01,0,50848,"COMPLETE SOLAR, INC.",GENERAL CONTRACTOR,84097,27519,51423.75,Cary,27519
26-19691318,inverter & battery system,2026-03-16,2026-03-05,CERTICATE OF COMPLIANCE (CC),TC,Occupancy,2026-04-29,0,41000,NC SOLAR NOW INC,GENERAL CONTRACTOR,27604,27519,41464.24,Cary,27519
26-19700165,Solar PV System,2026-03-31,2026-03-10,CERTICATE OF COMPLIANCE (CC),TC,Occupancy,2026-05-08,1155,35500,8M SOLAR,GENERAL CONTRACTOR,27616,27519,35901.97,Cary,27519
26-19710722,SOLAR PANELS,2026-03-25,2026-03-13,PERMIT ISSUED (PI),TC,Permit Issued,2026-03-25,420,32722,YES! SOLAR SOLUTIONS,GENERAL CONTRACTOR,27513,27519,33092.51,Cary,27519
26-19721275,SOLAR PANELS,2026-04-10,2026-03-26,PERMIT ISSUED (PI),TC,Permit Issued,2026-04-13,798,51984,NC SOLAR NOW INC,GENERAL CONTRACTOR,27604,27519,52572.61,Cary,27519
26-19731503,Solar PV System,2026-04-23,2026-04-06,PERMIT ISSUED (PI),TC,Permit Issued,2026-04-24,504,39230,SOUTHERN ENERGY MANAGEMENT,GENERAL CONTRACTOR,27617,27513,39339.79,Cary,27513
26-19741828,Solar PV System,,2026-04-14,PLANS WITHDRAWN (PW),TC,Permit Cancelled,2026-05-04,0,26942,TOP TIER SOLAR SOLUTIONS 87345,GENERAL CONTRACTOR,28217,27519,27017.4,Cary,27519
26-19751143,Solar PV System,2026-04-27,2026-04-16,PERMIT ISSUED (PI),CC,Permit Issued,2026-04-28,1113,63994,NC SOLAR NOW INC,GENERAL CONTRACTOR,27604,27519,64173.1,Apex,27523
26-19760766,Solar PV System,,2026-04-20,REJECTED (RJ),TC,Permit Cancelled,2026-05-19,800,30832,"COMPLETE SOLAR, INC.",GENERAL CONTRACTOR,84097,27606,30918.29,Raleigh,27606
26-19771956,SOLAR PV SYSTEM,2026-05-14,2026-04-23,PERMIT ISSUED (PI),TC,Permit Issued,2026-05-15,735,48083,YES! SOLAR SOLUTIONS,GENERAL CONTRACTOR,27513,27518,48217.57,Cary,27518
26-19780262,Solar PV System,2026-05-07,2026-04-27,PERMIT ISSUED (PI),TC,Permit Issued,2026-05-07,800,29662,8M SOLAR,GENERAL CONTRACTOR,27616,27519,29745.01,Cary,27519
26-19790418,Solar PV System,2026-05-07,2026-04-30,PERMIT ISSUED (PI),TC,Permit Issued,2026-05-07,0,28080,8M SOLAR,GENERAL CONTRACTOR,27616,27513,28158.59,Cary,27513
26-19800362,Solar PV System,,2026-05-19,IN PLAN CHECK (PC),CC,In Review,2026-05-21,0,36820,8M SOLAR,GENERAL CONTRACTOR,27616,27519,36691.34,Cary,27519
